  0
SECTION
  2
HEADER
  9
$ACADVER
  1
AC1014
  9
$ACADMAINTVER
 70
     9
  9
$DWGCODEPAGE
  3
ANSI_1252
  9
$INSBASE
 10
0.0
 20
0.0
 30
0.0
  9
$EXTMIN
 10
0.0
 20
0.0
 30
0.0
  9
$EXTMAX
 10
430.0001277777777
 20
540.0001194444444
 30
0.0
  9
$LIMMIN
 10
0.0
 20
0.0
  9
$LIMMAX
 10
12.0
 20
9.0
  9
$ORTHOMODE
 70
     0
  9
$REGENMODE
 70
     1
  9
$FILLMODE
 70
     1
  9
$QTEXTMODE
 70
     0
  9
$MIRRTEXT
 70
     1
  9
$DRAGMODE
 70
     2
  9
$LTSCALE
 40
1.0
  9
$OSMODE
 70
    37
  9
$ATTMODE
 70
     1
  9
$TEXTSIZE
 40
0.2
  9
$TRACEWID
 40
0.05
  9
$TEXTSTYLE
  7
STANDARD
  9
$CLAYER
  8
DEFAULT
  9
$CELTYPE
  6
BYLAYER
  9
$CECOLOR
 62
   256
  9
$CELTSCALE
 40
1.0
  9
$DELOBJ
 70
     1
  9
$DISPSILH
 70
     0
  9
$DIMSCALE
 40
1.0
  9
$DIMASZ
 40
0.18
  9
$DIMEXO
 40
0.0625
  9
$DIMDLI
 40
0.38
  9
$DIMRND
 40
0.0
  9
$DIMDLE
 40
0.0
  9
$DIMEXE
 40
0.18
  9
$DIMTP
 40
0.0
  9
$DIMTM
 40
0.0
  9
$DIMTXT
 40
0.18
  9
$DIMCEN
 40
0.09
  9
$DIMTSZ
 40
0.0
  9
$DIMTOL
 70
     0
  9
$DIMLIM
 70
     0
  9
$DIMTIH
 70
     1
  9
$DIMTOH
 70
     1
  9
$DIMSE1
 70
     0
  9
$DIMSE2
 70
     0
  9
$DIMTAD
 70
     0
  9
$DIMZIN
 70
     0
  9
$DIMBLK
  1

  9
$DIMASO
 70
     1
  9
$DIMSHO
 70
     1
  9
$DIMPOST
  1

  9
$DIMAPOST
  1

  9
$DIMALT
 70
     0
  9
$DIMALTD
 70
     2
  9
$DIMALTF
 40
25.4
  9
$DIMLFAC
 40
1.0
  9
$DIMTOFL
 70
     0
  9
$DIMTVP
 40
0.0
  9
$DIMTIX
 70
     0
  9
$DIMSOXD
 70
     0
  9
$DIMSAH
 70
     0
  9
$DIMBLK1
  1

  9
$DIMBLK2
  1

  9
$DIMSTYLE
  2
STANDARD
  9
$DIMCLRD
 70
     0
  9
$DIMCLRE
 70
     0
  9
$DIMCLRT
 70
     0
  9
$DIMTFAC
 40
1.0
  9
$DIMGAP
 40
0.09
  9
$DIMJUST
 70
     0
  9
$DIMSD1
 70
     0
  9
$DIMSD2
 70
     0
  9
$DIMTOLJ
 70
     1
  9
$DIMTZIN
 70
     0
  9
$DIMALTZ
 70
     0
  9
$DIMALTTZ
 70
     0
  9
$DIMFIT
 70
     5
  9
$DIMUPT
 70
     0
  9
$DIMUNIT
 70
     2
  9
$DIMDEC
 70
     4
  9
$DIMTDEC
 70
     4
  9
$DIMALTU
 70
     2
  9
$DIMALTTD
 70
     2
  9
$DIMTXSTY
  7
STANDARD
  9
$DIMAUNIT
 70
     0
  9
$LUNITS
 70
     2
  9
$LUPREC
 70
     3
  9
$SKETCHINC
 40
0.1
  9
$FILLETRAD
 40
0.5
  9
$AUNITS
 70
     0
  9
$AUPREC
 70
     0
  9
$MENU
  1
.
  9
$ELEVATION
 40
0.0
  9
$PELEVATION
 40
0.0
  9
$THICKNESS
 40
0.0
  9
$LIMCHECK
 70
     0
  9
$CHAMFERA
 40
0.0
  9
$CHAMFERB
 40
0.0
  9
$CHAMFERC
 40
0.0
  9
$CHAMFERD
 40
0.0
  9
$SKPOLY
 70
     0
  9
$TDCREATE
 40
2460160.879570104
  9
$TDUPDATE
 40
2460160.879570868
  9
$TDINDWG
 40
0.0000000116
  9
$TDUSRTIMER
 40
0.0000000116
  9
$USRTIMER
 70
     1
  9
$ANGBASE
 50
0.0
  9
$ANGDIR
 70
     0
  9
$PDMODE
 70
     0
  9
$PDSIZE
 40
0.0
  9
$PLINEWID
 40
0.0
  9
$COORDS
 70
     1
  9
$SPLFRAME
 70
     0
  9
$SPLINETYPE
 70
     6
  9
$SPLINESEGS
 70
     8
  9
$ATTDIA
 70
     0
  9
$ATTREQ
 70
     1
  9
$HANDLING
 70
     1
  9
$HANDSEED
  5
201
  9
$SURFTAB1
 70
     6
  9
$SURFTAB2
 70
     6
  9
$SURFTYPE
 70
     6
  9
$SURFU
 70
     6
  9
$SURFV
 70
     6
  9
$UCSNAME
  2

  9
$UCSORG
 10
0.0
 20
0.0
 30
0.0
  9
$UCSXDIR
 10
1.0
 20
0.0
 30
0.0
  9
$UCSYDIR
 10
0.0
 20
1.0
 30
0.0
  9
$PUCSNAME
  2

  9
$PUCSORG
 10
0.0
 20
0.0
 30
0.0
  9
$PUCSXDIR
 10
1.0
 20
0.0
 30
0.0
  9
$PUCSYDIR
 10
0.0
 20
1.0
 30
0.0
  9
$USERI1
 70
     0
  9
$USERI2
 70
     0
  9
$USERI3
 70
     0
  9
$USERI4
 70
     0
  9
$USERI5
 70
     0
  9
$USERR1
 40
0.0
  9
$USERR2
 40
0.0
  9
$USERR3
 40
0.0
  9
$USERR4
 40
0.0
  9
$USERR5
 40
0.0
  9
$WORLDVIEW
 70
     1
  9
$SHADEDGE
 70
     3
  9
$SHADEDIF
 70
    70
  9
$TILEMODE
 70
     1
  9
$MAXACTVP
 70
    64
  9
$PINSBASE
 10
0.0
 20
0.0
 30
0.0
  9
$PLIMCHECK
 70
     0
  9
$PEXTMIN
 10
1.000000000000000E+20
 20
1.000000000000000E+20
 30
1.000000000000000E+20
  9
$PEXTMAX
 10
-1.000000000000000E+20
 20
-1.000000000000000E+20
 30
-1.000000000000000E+20
  9
$PLIMMIN
 10
0.0
 20
0.0
  9
$PLIMMAX
 10
12.0
 20
9.0
  9
$UNITMODE
 70
     0
  9
$VISRETAIN
 70
     1
  9
$PLINEGEN
 70
     0
  9
$PSLTSCALE
 70
     1
  9
$TREEDEPTH
 70
  3020
  9
$PICKSTYLE
 70
     1
  9
$CMLSTYLE
  2
STANDARD
  9
$CMLJUST
 70
     0
  9
$CMLSCALE
 40
1.0
  9
$PROXYGRAPHICS
 70
     1
  9
$MEASUREMENT
 70
     0
  0
ENDSEC
  0
SECTION
  2
CLASSES
  0
CLASS
  1
ACDBDICTIONARYWDFLT
  2
AcDbDictionaryWithDefault
  3
ObjectDBX Classes
 90
        0
280
     0
281
     0
  0
CLASS
  1
VISUALSTYLE
  2
AcDbVisualStyle
  3
ObjectDBX Classes
 90
     4095
280
     0
281
     0
  0
CLASS
  1
MATERIAL
  2
AcDbMaterial
  3
ObjectDBX Classes
 90
     1153
280
     0
281
     0
  0
CLASS
  1
SCALE
  2
AcDbScale
  3
ObjectDBX Classes
 90
     1153
280
     0
281
     0
  0
CLASS
  1
SUN
  2
AcDbSun
  3
SCENEOE
 90
     1153
280
     0
281
     0
  0
CLASS
  1
DICTIONARYVAR
  2
AcDbDictionaryVar
  3
ObjectDBX Classes
 90
        0
280
     0
281
     0
  0
CLASS
  1
XRECORD
  2
AcDbXrecord
  3
ObjectDBX Classes
 90
        0
280
     0
281
     0
  0
CLASS
  1
LWPOLYLINE
  2
AcDbPolyline
  3
ObjectDBX Classes
 90
        0
280
     0
281
     1
  0
CLASS
  1
HATCH
  2
AcDbHatch
  3
ObjectDBX Classes
 90
        0
280
     0
281
     1
  0
CLASS
  1
ACDBPLACEHOLDER
  2
AcDbPlaceHolder
  3
ObjectDBX Classes
 90
        0
280
     0
281
     0
  0
CLASS
  1
LAYOUT
  2
AcDbLayout
  3
ObjectDBX Classes
 90
        0
280
     0
281
     0
  0
ENDSEC
  0
SECTION
  2
TABLES
  0
TABLE
  2
VPORT
  5
8
330
0
100
AcDbSymbolTable
 70
     1
  0
VPORT
  5
29
330
8
100
AcDbSymbolTableRecord
100
AcDbViewportTableRecord
  2
*ACTIVE
 70
     0
 10
0.0
 20
0.0
 11
1.0
 21
1.0
 12
215.0000638888889
 22
270.0000597222222
 13
0.0
 23
0.0
 14
0.5
 24
0.5
 15
0.5
 25
0.5
 16
0.0
 26
0.0
 36
1.0
 17
0.0
 27
0.0
 37
0.0
 40
550.8001218333333
 41
0.7962963567862996
 42
50.0
 43
0.0
 44
0.0
 50
0.0
 51
0.0
 71
     0
 72
   100
 73
     1
 74
     3
 75
     0
 76
     0
 77
     0
 78
     0
  0
ENDTAB
  0
TABLE
  2
LTYPE
  5
5
330
0
100
AcDbSymbolTable
 70
     1
  0
LTYPE
  5
14
330
5
100
AcDbSymbolTableRecord
100
AcDbLinetypeTableRecord
  2
BYBLOCK
 70
     0
  3

 72
    65
 73
     0
 40
0.0
  0
LTYPE
  5
15
330
5
100
AcDbSymbolTableRecord
100
AcDbLinetypeTableRecord
  2
BYLAYER
 70
     0
  3

 72
    65
 73
     0
 40
0.0
  0
LTYPE
  5
16
330
5
100
AcDbSymbolTableRecord
100
AcDbLinetypeTableRecord
  2
CONTINUOUS
 70
     0
  3
Solid line
 72
    65
 73
     0
 40
0.0
  0
ENDTAB
  0
TABLE
  2
LAYER
  5
2
330
0
100
AcDbSymbolTable
 70
     2
  0
LAYER
  5
10
330
2
100
AcDbSymbolTableRecord
100
AcDbLayerTableRecord
  2
0
 70
     0
 62
     7
  6
CONTINUOUS
  0
LAYER
  5
6A
330
2
100
AcDbSymbolTableRecord
100
AcDbLayerTableRecord
  2
DEFAULT
 70
     0
 62
    18
  6
CONTINUOUS
  0
ENDTAB
  0
TABLE
  2
STYLE
  5
3
330
0
100
AcDbSymbolTable
 70
     1
  0
STYLE
  5
11
330
3
100
AcDbSymbolTableRecord
100
AcDbTextStyleTableRecord
  2
STANDARD
 70
     0
 40
0.0
 41
1.0
 50
0.0
 71
     0
 42
0.2
  3
txt
  4

  0
ENDTAB
  0
TABLE
  2
VIEW
  5
6
330
0
100
AcDbSymbolTable
 70
     0
  0
ENDTAB
  0
TABLE
  2
UCS
  5
7
330
0
100
AcDbSymbolTable
 70
     0
  0
ENDTAB
  0
TABLE
  2
APPID
  5
9
330
0
100
AcDbSymbolTable
 70
     1
  0
APPID
  5
12
330
9
100
AcDbSymbolTableRecord
100
AcDbRegAppTableRecord
  2
ACAD
 70
     0
  0
ENDTAB
  0
TABLE
  2
DIMSTYLE
  5
A
330
0
100
AcDbSymbolTable
 70
     1
  0
DIMSTYLE
105
27
330
A
100
AcDbSymbolTableRecord
100
AcDbDimStyleTableRecord
  2
STANDARD
 70
     0
  3

  4

  5

  6

  7

 40
1.0
 41
0.18
 42
0.0625
 43
0.38
 44
0.18
 45
0.0
 46
0.0
 47
0.0
 48
0.0
140
0.18
141
0.09
142
0.0
143
25.4
144
1.0
145
0.0
146
1.0
147
0.09
 71
     0
 72
     0
 73
     1
 74
     1
 75
     0
 76
     0
 77
     0
 78
     0
170
     0
171
     2
172
     0
173
     0
174
     0
175
     0
176
     0
177
     0
178
     0
270
     2
271
     4
272
     4
273
     2
274
     2
340
11
275
     0
280
     0
281
     0
282
     0
283
     1
284
     0
285
     0
286
     0
287
     3
288
     0
  0
ENDTAB
  0
TABLE
  2
BLOCK_RECORD
  5
1
330
0
100
AcDbSymbolTable
 70
     1
  0
BLOCK_RECORD
  5
1F
330
1
100
AcDbSymbolTableRecord
100
AcDbBlockTableRecord
  2
*MODEL_SPACE
  0
BLOCK_RECORD
  5
1B
330
1
100
AcDbSymbolTableRecord
100
AcDbBlockTableRecord
  2
*PAPER_SPACE
  0
ENDTAB
  0
ENDSEC
  0
SECTION
  2
BLOCKS
  0
BLOCK
  5
20
330
1F
100
AcDbEntity
  8
0
100
AcDbBlockBegin
  2
*MODEL_SPACE
 70
     0
 10
0.0
 20
0.0
 30
0.0
  3
*MODEL_SPACE
  1

  0
ENDBLK
  5
21
330
1F
100
AcDbEntity
  8
0
100
AcDbBlockEnd
  0
BLOCK
  5
1C
330
1B
100
AcDbEntity
 67
     1
  8
0
100
AcDbBlockBegin
  2
*PAPER_SPACE
 70
     0
 10
0.0
 20
0.0
 30
0.0
  3
*PAPER_SPACE
  1

  0
ENDBLK
  5
1D
330
1B
100
AcDbEntity
 67
     1
  8
0
100
AcDbBlockEnd
  0
ENDSEC
  0
SECTION
  2
ENTITIES
  0
POLYLINE
  5
6B
330
1F
100
AcDbEntity
  8
DEFAULT
 62
   177
100
AcDb2dPolyline
 66
     1
 10
0.0
 20
0.0
 30
0.0
 70
     1
  0
VERTEX
  5
6C
330
6B
100
AcDbEntity
  8
DEFAULT
 62
   177
100
AcDbVertex
100
AcDb2dVertex
 10
429.6473499999999
 20
0.3527777777777777
 30
0.0
  0
VERTEX
  5
6D
330
6B
100
AcDbEntity
  8
DEFAULT
 62
   177
100
AcDbVertex
100
AcDb2dVertex
 10
0.3527777777777777
 20
0.3527777777777777
 30
0.0
  0
VERTEX
  5
6E
330
6B
100
AcDbEntity
  8
DEFAULT
 62
   177
100
AcDbVertex
100
AcDb2dVertex
 10
0.3527777777777777
 20
539.6473416666666
 30
0.0
  0
VERTEX
  5
6F
330
6B
100
AcDbEntity
  8
DEFAULT
 62
   177
100
AcDbVertex
100
AcDb2dVertex
 10
429.6473499999999
 20
539.6473416666666
 30
0.0
  0
SEQEND
  5
70
330
6B
100
AcDbEntity
  8
DEFAULT
 62
   177
  0
POLYLINE
  5
71
330
1F
100
AcDbEntity
  8
DEFAULT
 62
   177
100
AcDb2dPolyline
 66
     1
 10
0.0
 20
0.0
 30
0.0
 70
     1
  0
VERTEX
  5
72
330
71
100
AcDbEntity
  8
DEFAULT
 62
   177
100
AcDbVertex
100
AcDb2dVertex
 10
430.0001277777777
 20
540.0001194444444
 30
0.0
  0
VERTEX
  5
73
330
71
100
AcDbEntity
  8
DEFAULT
 62
   177
100
AcDbVertex
100
AcDb2dVertex
 10
0.0
 20
540.0001194444444
 30
0.0
  0
VERTEX
  5
74
330
71
100
AcDbEntity
  8
DEFAULT
 62
   177
100
AcDbVertex
100
AcDb2dVertex
 10
0.0
 20
0.0
 30
0.0
  0
VERTEX
  5
75
330
71
100
AcDbEntity
  8
DEFAULT
 62
   177
100
AcDbVertex
100
AcDb2dVertex
 10
430.0001277777777
 20
0.0
 30
0.0
  0
SEQEND
  5
76
330
71
100
AcDbEntity
  8
DEFAULT
 62
   177
  0
POLYLINE
  5
77
330
1F
100
AcDbEntity
  8
DEFAULT
 62
   177
100
AcDb2dPolyline
 66
     1
 10
0.0
 20
0.0
 30
0.0
 70
     1
  0
VERTEX
  5
78
330
77
100
AcDbEntity
  8
DEFAULT
 62
   177
100
AcDbVertex
100
AcDb2dVertex
 10
360.4762002777778
 20
200.96734
 30
0.0
  0
VERTEX
  5
79
330
77
100
AcDbEntity
  8
DEFAULT
 62
   177
100
AcDbVertex
100
AcDb2dVertex
 10
357.7037197222222
 20
200.96734
 30
0.0
  0
VERTEX
  5
7A
330
77
100
AcDbEntity
  8
DEFAULT
 62
   177
100
AcDbVertex
100
AcDb2dVertex
 10
357.7037197222222
 20
198.39559
 30
0.0
  0
VERTEX
  5
7B
330
77
100
AcDbEntity
  8
DEFAULT
 62
   177
100
AcDbVertex
100
AcDb2dVertex
 10
360.7937002777778
 20
198.39559
 30
0.0
  0
VERTEX
  5
7C
330
77
100
AcDbEntity
  8
DEFAULT
 62
   177
100
AcDbVertex
100
AcDb2dVertex
 10
360.7937002777778
 20
197.6233594444444
 30
0.0
  0
VERTEX
  5
7D
330
77
100
AcDbEntity
  8
DEFAULT
 62
   177
100
AcDbVertex
100
AcDb2dVertex
 10
356.7826169444444
 20
197.6233594444444
 30
0.0
  0
VERTEX
  5
7E
330
77
100
AcDbEntity
  8
DEFAULT
 62
   177
100
AcDbVertex
100
AcDb2dVertex
 10
356.7826169444444
 20
204.7558205555555
 30
0.0
  0
VERTEX
  5
7F
330
77
100
AcDbEntity
  8
DEFAULT
 62
   177
100
AcDbVertex
100
AcDb2dVertex
 10
360.6349502777778
 20
204.7558205555555
 30
0.0
  0
VERTEX
  5
80
330
77
100
AcDbEntity
  8
DEFAULT
 62
   177
100
AcDbVertex
100
AcDb2dVertex
 10
360.6349502777778
 20
203.98359
 30
0.0
  0
VERTEX
  5
81
330
77
100
AcDbEntity
  8
DEFAULT
 62
   177
100
AcDbVertex
100
AcDb2dVertex
 10
357.7037197222222
 20
203.98359
 30
0.0
  0
VERTEX
  5
82
330
77
100
AcDbEntity
  8
DEFAULT
 62
   177
100
AcDbVertex
100
AcDb2dVertex
 10
357.7037197222222
 20
201.72934
 30
0.0
  0
VERTEX
  5
83
330
77
100
AcDbEntity
  8
DEFAULT
 62
   177
100
AcDbVertex
100
AcDb2dVertex
 10
360.4762002777778
 20
201.72934
 30
0.0
  0
SEQEND
  5
84
330
77
100
AcDbEntity
  8
DEFAULT
 62
   177
  0
SPLINE
  5
85
330
1F
100
AcDbEntity
  8
DEFAULT
 62
   177
100
AcDbSpline
210
0.0
220
0.0
230
1.0
 70
    11
 71
     3
 72
    26
 73
    22
 74
     0
 42
0.000000001
 43
0.0000000001
 40
19.88999999999999
 40
19.88999999999999
 40
19.88999999999999
 40
19.88999999999999
 40
20.88999999999999
 40
20.88999999999999
 40
20.88999999999999
 40
21.88999999999999
 40
21.88999999999999
 40
21.88999999999999
 40
22.88999999999999
 40
22.88999999999999
 40
22.88999999999999
 40
23.88999999999999
 40
23.88999999999999
 40
23.88999999999999
 40
24.88999999999999
 40
24.88999999999999
 40
24.88999999999999
 40
25.88999999999999
 40
25.88999999999999
 40
25.88999999999999
 40
45.77999999999997
 40
45.77999999999997
 40
45.77999999999997
 40
45.77999999999997
 10
277.0550508333333
 20
204.6608527777777
 30
0.0
 10
277.6159675
 20
204.7455194444444
 30
0.0
 10
278.2827175
 20
204.8090194444444
 30
0.0
 10
279.0129675
 20
204.8090194444444
 30
0.0
 10
280.3358841666666
 20
204.8090194444444
 30
0.0
 10
281.2778008333333
 20
204.5021027777777
 30
0.0
 10
281.9022174999999
 20
203.9200194444444
 30
0.0
 10
282.5372174999999
 20
203.3379361111111
 30
0.0
 10
282.9072813888889
 20
202.5124361111111
 30
0.0
 10
282.9072813888889
 20
201.3588527777777
 30
0.0
 10
282.9072813888889
 20
200.1950388888889
 30
0.0
 10
282.5474480555555
 20
199.2421861111111
 30
0.0
 10
281.8810508333333
 20
198.5860194444444
 30
0.0
 10
281.2143008333333
 20
197.9192694444444
 30
0.0
 10
280.1136341666666
 20
197.5597888888888
 30
0.0
 10
278.7272175
 20
197.5597888888888
 30
0.0
 10
278.0710508333333
 20
197.5597888888888
 30
0.0
 10
277.5207175
 20
197.5915388888889
 30
0.0
 10
277.0550508333333
 20
197.6441027777778
 30
0.0
 10
277.0550508333333
 20
199.9830194444444
 30
0.0
 10
277.0550508333333
 20
202.3219361111111
 30
0.0
 10
277.0550508333333
 20
204.6608527777777
 30
0.0
  0
SPLINE
  5
86
330
1F
100
AcDbEntity
  8
DEFAULT
 62
   177
100
AcDbSpline
210
0.0
220
0.0
230
1.0
 70
    11
 71
     3
 72
    20
 73
    16
 74
     0
 42
0.000000001
 43
0.0000000001
 40
15.95899999999995
 40
15.95899999999995
 40
15.95899999999995
 40
15.95899999999995
 40
16.95899999999995
 40
16.95899999999995
 40
16.95899999999995
 40
17.95899999999995
 40
17.95899999999995
 40
17.95899999999995
 40
18.95899999999995
 40
18.95899999999995
 40
18.95899999999995
 40
19.95899999999995
 40
19.95899999999995
 40
19.95899999999995
 40
35.91799999999989
 40
35.91799999999989
 40
35.91799999999989
 40
35.91799999999989
 10
277.9758008333333
 20
198.3535388888889
 30
0.0
 10
278.2086341666666
 20
198.3112055555555
 30
0.0
 10
278.5473008333333
 20
198.3006222222222
 30
0.0
 10
278.9071341666667
 20
198.3006222222222
 30
0.0
 10
280.8756341666667
 20
198.3006222222222
 30
0.0
 10
281.9445508333333
 20
199.4012888888889
 30
0.0
 10
281.9445508333333
 20
201.3274555555555
 30
0.0
 10
281.9551341666667
 20
203.0098527777777
 30
0.0
 10
281.0026341666667
 20
204.0784166666666
 30
0.0
 10
279.0553008333333
 20
204.0784166666666
 30
0.0
 10
278.5790508333333
 20
204.0784166666666
 30
0.0
 10
278.2192175
 20
204.0364361111111
 30
0.0
 10
277.9758008333333
 20
203.9835194444444
 30
0.0
 10
277.9758008333333
 20
202.1068592592592
 30
0.0
 10
277.9758008333333
 20
200.230199074074
 30
0.0
 10
277.9758008333333
 20
198.3535388888889
 30
0.0
  0
SPLINE
  5
87
330
1F
100
AcDbEntity
  8
DEFAULT
 62
   177
100
AcDbSpline
210
0.0
220
0.0
230
1.0
 70
    11
 71
     3
 72
    35
 73
    31
 74
     0
 42
0.000000001
 43
0.0000000001
 40
2.13830797594729
 40
2.13830797594729
 40
2.13830797594729
 40
2.13830797594729
 40
3.13830797594729
 40
3.13830797594729
 40
3.13830797594729
 40
4.13830797594729
 40
4.13830797594729
 40
4.13830797594729
 40
5.13830797594729
 40
5.13830797594729
 40
5.13830797594729
 40
6.13830797594729
 40
6.13830797594729
 40
6.13830797594729
 40
8.359523859196816
 40
8.359523859196816
 40
8.359523859196816
 40
9.359523859196816
 40
9.359523859196816
 40
9.359523859196816
 40
10.35952385919682
 40
10.35952385919682
 40
10.35952385919682
 40
11.35952385919682
 40
11.35952385919682
 40
11.35952385919682
 40
12.35952385919682
 40
12.35952385919682
 40
12.35952385919682
 40
14.49783183514411
 40
14.49783183514411
 40
14.49783183514411
 40
14.49783183514411
 10
213.0241908333333
 20
197.8560516666666
 30
0.0
 10
212.6855241666667
 20
197.6867183333333
 30
0.0
 10
212.0081908333333
 20
197.517385
 30
0.0
 10
211.1403575
 20
197.517385
 30
0.0
 10
209.1298769444444
 20
197.517385
 30
0.0
 10
207.6164602777778
 20
198.787385
 30
0.0
 10
207.6164602777778
 20
201.1263016666666
 30
0.0
 10
207.6164602777778
 20
203.359385
 30
0.0
 10
209.1298769444444
 20
204.8724488888889
 30
0.0
 10
211.3417936111111
 20
204.8724488888889
 30
0.0
 10
212.2304408333333
 20
204.8724488888889
 30
0.0
 10
212.7913575
 20
204.6819488888889
 30
0.0
 10
213.0347741666667
 20
204.5549488888889
 30
0.0
 10
212.9606908333334
 20
204.3044766666667
 30
0.0
 10
212.8866075
 20
204.0540044444444
 30
0.0
 10
212.8125241666667
 20
203.8035322222222
 30
0.0
 10
212.4632741666667
 20
203.9728655555556
 30
0.0
 10
211.9658575
 20
204.0998655555555
 30
0.0
 10
211.3731908333334
 20
204.0998655555555
 30
0.0
 10
209.7013769444444
 20
204.0998655555555
 30
0.0
 10
208.5901269444444
 20
203.0309488888889
 30
0.0
 10
208.5901269444444
 20
201.1576988888889
 30
0.0
 10
208.5901269444444
 20
199.4114488888889
 30
0.0
 10
209.5955436111111
 20
198.2896155555556
 30
0.0
 10
211.3308575
 20
198.2896155555556
 30
0.0
 10
211.8917741666667
 20
198.2896155555556
 30
0.0
 10
212.4632741666667
 20
198.406385
 30
0.0
 10
212.8336908333333
 20
198.5859488888889
 30
0.0
 10
212.8971908333333
 20
198.3426498148148
 30
0.0
 10
212.9606908333334
 20
198.0993507407407
 30
0.0
 10
213.0241908333333
 20
197.8560516666666
 30
0.0
  0
SPLINE
  5
88
330
1F
100
AcDbEntity
  8
DEFAULT
 62
   177
100
AcDbSpline
210
0.0
220
0.0
230
1.0
 70
    11
 71
     3
 72
    35
 73
    31
 74
     0
 42
0.000000001
 43
0.0000000001
 40
19.88999999999999
 40
19.88999999999999
 40
19.88999999999999
 40
19.88999999999999
 40
20.88999999999999
 40
20.88999999999999
 40
20.88999999999999
 40
21.88999999999999
 40
21.88999999999999
 40
21.88999999999999
 40
22.88999999999999
 40
22.88999999999999
 40
22.88999999999999
 40
23.88999999999999
 40
23.88999999999999
 40
23.88999999999999
 40
23.94999999999993
 40
23.94999999999993
 40
23.94999999999993
 40
24.94999999999993
 40
24.94999999999993
 40
24.94999999999993
 40
25.94999999999993
 40
25.94999999999993
 40
25.94999999999993
 40
26.94999999999993
 40
26.94999999999993
 40
26.94999999999993
 40
27.94999999999993
 40
27.94999999999993
 40
27.94999999999993
 40
47.83999999999992
 40
47.83999999999992
 40
47.83999999999992
 40
47.83999999999992
 10
139.0241836111111
 20
204.6609233333333
 30
0.0
 10
139.4263502777777
 20
204.74559
 30
0.0
 10
140.0613502777778
 20
204.80909
 30
0.0
 10
140.7069336111111
 20
204.80909
 30
0.0
 10
141.6276836111111
 20
204.80909
 30
0.0
 10
142.2203502777778
 20
204.6499872222222
 30
0.0
 10
142.6648502777778
 20
204.2905066666666
 30
0.0
 10
143.0352669444444
 20
204.01534
 30
0.0
 10
143.2575169444444
 20
203.5916538888889
 30
0.0
 10
143.2575169444444
 20
203.03109
 30
0.0
 10
143.2575169444444
 20
202.3431733333333
 30
0.0
 10
142.8024336111111
 20
201.7399233333333
 30
0.0
 10
142.0510169444444
 20
201.4647566666666
 30
0.0
 10
142.0510169444444
 20
201.4577011111111
 30
0.0
 10
142.0510169444444
 20
201.4506455555555
 30
0.0
 10
142.0510169444444
 20
201.44359
 30
0.0
 10
142.7283502777778
 20
201.2742566666666
 30
0.0
 10
143.5221002777778
 20
200.71334
 30
0.0
 10
143.5221002777778
 20
199.6550066666667
 30
0.0
 10
143.5221002777778
 20
199.0411733333333
 30
0.0
 10
143.2786836111111
 20
198.5758594444444
 30
0.0
 10
142.9188502777778
 20
198.2262566666666
 30
0.0
 10
142.4214336111111
 20
197.7711733333333
 30
0.0
 10
141.6171002777778
 20
197.5598594444444
 30
0.0
 10
140.4529336111111
 20
197.5598594444444
 30
0.0
 10
139.8179336111111
 20
197.5598594444444
 30
0.0
 10
139.3311002777778
 20
197.6021927777778
 30
0.0
 10
139.0241836111111
 20
197.6441733333333
 30
0.0
 10
139.0241836111111
 20
199.98309
 30
0.0
 10
139.0241836111111
 20
202.3220066666667
 30
0.0
 10
139.0241836111111
 20
204.6609233333333
 30
0.0
  0
SPLINE
  5
89
330
1F
100
AcDbEntity
  8
DEFAULT
 62
   177
100
AcDbSpline
210
0.0
220
0.0
230
1.0
 70
    11
 71
     3
 72
    20
 73
    16
 74
     0
 42
0.000000001
 43
0.0000000001
 40
6.509999999999991
 40
6.509999999999991
 40
6.509999999999991
 40
6.509999999999991
 40
8.879999999999995
 40
8.879999999999995
 40
8.879999999999995
 40
9.879999999999995
 40
9.879999999999995
 40
9.879999999999995
 40
10.88
 40
10.88
 40
10.88
 40
11.88
 40
11.88
 40
11.88
 40
18.38999999999999
 40
18.38999999999999
 40
18.38999999999999
 40
18.38999999999999
 10
139.9449336111111
 20
201.7399233333333
 30
0.0
 10
140.2236280555555
 20
201.7399233333333
 30
0.0
 10
140.5023225
 20
201.7399233333333
 30
0.0
 10
140.7810169444444
 20
201.7399233333333
 30
0.0
 10
141.7546836111111
 20
201.7399233333333
 30
0.0
 10
142.3261836111111
 20
202.2479233333333
 30
0.0
 10
142.3261836111111
 20
202.93584
 30
0.0
 10
142.3261836111111
 20
203.7719233333333
 30
0.0
 10
141.6911836111111
 20
204.1000066666666
 30
0.0
 10
140.7598502777778
 20
204.1000066666666
 30
0.0
 10
140.3365169444444
 20
204.1000066666666
 30
0.0
 10
140.0931002777778
 20
204.0682566666666
 30
0.0
 10
139.9449336111111
 20
204.0365066666667
 30
0.0
 10
139.9449336111111
 20
203.2709788888889
 30
0.0
 10
139.9449336111111
 20
202.5054511111111
 30
0.0
 10
139.9449336111111
 20
201.7399233333333
 30
0.0
  0
SPLINE
  5
8A
330
1F
100
AcDbEntity
  8
DEFAULT
 62
   177
100
AcDbSpline
210
0.0
220
0.0
230
1.0
 70
    11
 71
     3
 72
    20
 73
    16
 74
     0
 42
0.000000001
 43
0.0000000001
 40
7.710000000000036
 40
7.710000000000036
 40
7.710000000000036
 40
7.710000000000036
 40
8.710000000000036
 40
8.710000000000036
 40
8.710000000000036
 40
9.710000000000036
 40
9.710000000000036
 40
9.710000000000036
 40
10.71000000000004
 40
10.71000000000004
 40
10.71000000000004
 40
12.87000000000006
 40
12.87000000000006
 40
12.87000000000006
 40
20.5800000000001
 40
20.5800000000001
 40
20.5800000000001
 40
20.5800000000001
 10
139.9449336111111
 20
198.3215066666666
 30
0.0
 10
140.1248502777778
 20
198.2897566666666
 30
0.0
 10
140.3894336111111
 20
198.2795261111111
 30
0.0
 10
140.7175169444444
 20
198.2795261111111
 30
0.0
 10
141.6700169444444
 20
198.2795261111111
 30
0.0
 10
142.5484336111111
 20
198.6284233333333
 30
0.0
 10
142.5484336111111
 20
199.66559
 30
0.0
 10
142.5484336111111
 20
200.6392566666667
 30
0.0
 10
141.7123502777778
 20
201.0414233333333
 30
0.0
 10
140.7069336111111
 20
201.0414233333333
 30
0.0
 10
140.4529336111111
 20
201.0414233333333
 30
0.0
 10
140.1989336111111
 20
201.0414233333333
 30
0.0
 10
139.9449336111111
 20
201.0414233333333
 30
0.0
 10
139.9449336111111
 20
200.1347844444444
 30
0.0
 10
139.9449336111111
 20
199.2281455555556
 30
0.0
 10
139.9449336111111
 20
198.3215066666666
 30
0.0
  0
POLYLINE
  5
8B
330
1F
100
AcDbEntity
  8
DEFAULT
 62
   177
100
AcDb2dPolyline
 66
     1
 10
0.0
 20
0.0
 30
0.0
 70
     1
  0
VERTEX
  5
8C
330
8B
100
AcDbEntity
  8
DEFAULT
 62
   177
100
AcDbVertex
100
AcDb2dVertex
 10
26.59080138888889
 20
39.94425166666667
 30
0.0
  0
VERTEX
  5
8D
330
8B
100
AcDbEntity
  8
DEFAULT
 62
   177
100
AcDbVertex
100
AcDb2dVertex
 10
26.56963472222222
 20
39.94425166666667
 30
0.0
  0
VERTEX
  5
8E
330
8B
100
AcDbEntity
  8
DEFAULT
 62
   177
100
AcDbVertex
100
AcDb2dVertex
 10
25.37371805555555
 20
39.29866833333333
 30
0.0
  0
VERTEX
  5
8F
330
8B
100
AcDbEntity
  8
DEFAULT
 62
   177
100
AcDbVertex
100
AcDb2dVertex
 10
25.19380138888889
 20
40.00810444444444
 30
0.0
  0
VERTEX
  5
90
330
8B
100
AcDbEntity
  8
DEFAULT
 62
   177
100
AcDbVertex
100
AcDb2dVertex
 10
26.69663472222222
 20
40.812085
 30
0.0
  0
VERTEX
  5
91
330
8B
100
AcDbEntity
  8
DEFAULT
 62
   177
100
AcDbVertex
100
AcDb2dVertex
 10
27.49038472222222
 20
40.812085
 30
0.0
  0
VERTEX
  5
92
330
8B
100
AcDbEntity
  8
DEFAULT
 62
   177
100
AcDbVertex
100
AcDb2dVertex
 10
27.49038472222222
 20
33.93327111111111
 30
0.0
  0
VERTEX
  5
93
330
8B
100
AcDbEntity
  8
DEFAULT
 62
   177
100
AcDbVertex
100
AcDb2dVertex
 10
26.59080138888889
 20
33.93327111111111
 30
0.0
  0
SEQEND
  5
94
330
8B
100
AcDbEntity
  8
DEFAULT
 62
   177
  0
SPLINE
  5
95
330
1F
100
AcDbEntity
  8
DEFAULT
 62
   177
100
AcDbSpline
210
0.0
220
0.0
230
1.0
 70
    11
 71
     3
 72
    47
 73
    43
 74
     0
 42
0.000000001
 43
0.0000000001
 40
12.449
 40
12.449
 40
12.449
 40
12.449
 40
14.069
 40
14.069
 40
14.069
 40
16.95430760925069
 40
16.95430760925069
 40
16.95430760925069
 40
17.95430760925069
 40
17.95430760925069
 40
17.95430760925069
 40
18.95430760925069
 40
18.95430760925069
 40
18.95430760925069
 40
19.95430760925069
 40
19.95430760925069
 40
19.95430760925069
 40
21.99610118353781
 40
21.99610118353781
 40
21.99610118353781
 40
22.99610118353781
 40
22.99610118353781
 40
22.99610118353781
 40
23.99610118353781
 40
23.99610118353781
 40
23.99610118353781
 40
24.99610118353781
 40
24.99610118353781
 40
24.99610118353781
 40
27.1177048222979
 40
27.1177048222979
 40
27.1177048222979
 40
27.17870482229788
 40
27.17870482229788
 40
27.17870482229788
 40
35.93770482229787
 40
35.93770482229787
 40
35.93770482229787
 40
38.1267048222979
 40
38.1267048222979
 40
38.1267048222979
 40
50.57570482229789
 40
50.57570482229789
 40
50.57570482229789
 40
50.57570482229789
 10
24.56956111111111
 20
93.9061636111111
 30
0.0
 10
24.56956111111111
 20
94.09666361111108
 30
0.0
 10
24.56956111111111
 20
94.2871636111111
 30
0.0
 10
24.56956111111111
 20
94.4776636111111
 30
0.0
 10
24.81297777777777
 20
94.71402472222222
 30
0.0
 10
25.05639444444444
 20
94.95038583333333
 30
0.0
 10
25.29981111111111
 20
95.18674694444444
 30
0.0
 10
27.05629166666667
 20
96.8589136111111
 30
0.0
 10
27.85004166666666
 20
97.7479136111111
 30
0.0
 10
27.86097777777778
 20
98.78472749999999
 30
0.0
 10
27.86097777777778
 20
99.48358027777776
 30
0.0
 10
27.52231111111111
 20
100.1291636111111
 30
0.0
 10
26.495375
 20
100.1291636111111
 30
0.0
 10
25.87131111111111
 20
100.1291636111111
 30
0.0
 10
25.35272777777778
 20
99.81131083333331
 30
0.0
 10
25.03522777777777
 20
99.54672749999997
 30
0.0
 10
24.93645
 20
99.7655673148148
 30
0.0
 10
24.83767222222222
 20
99.98440712962963
 30
0.0
 10
24.73889444444444
 20
100.2032469444444
 30
0.0
 10
25.21514444444444
 20
100.6050608333333
 30
0.0
 10
25.892125
 20
100.9013941666667
 30
0.0
 10
26.685875
 20
100.9013941666667
 30
0.0
 10
28.16754166666666
 20
100.9013941666667
 30
0.0
 10
28.79195833333333
 20
99.88539416666666
 30
0.0
 10
28.79195833333333
 20
98.90114416666665
 30
0.0
 10
28.79195833333333
 20
97.63149694444444
 30
0.0
 10
27.87120833333333
 20
96.60456083333332
 30
0.0
 10
26.42129166666666
 20
95.20756083333333
 30
0.0
 10
26.23796481481481
 20
95.03834509259259
 30
0.0
 10
26.05463796296296
 20
94.86912935185184
 30
0.0
 10
25.87131111111111
 20
94.6999136111111
 30
0.0
 10
25.87131111111111
 20
94.69274046296296
 30
0.0
 10
25.87131111111111
 20
94.6855673148148
 30
0.0
 10
25.87131111111111
 20
94.67839416666666
 30
0.0
 10
26.90130462962962
 20
94.67839416666668
 30
0.0
 10
27.93129814814814
 20
94.67839416666668
 30
0.0
 10
28.96129166666666
 20
94.67839416666666
 30
0.0
 10
28.96129166666666
 20
94.42098398148148
 30
0.0
 10
28.96129166666666
 20
94.1635737962963
 30
0.0
 10
28.96129166666666
 20
93.9061636111111
 30
0.0
 10
27.49738148148148
 20
93.9061636111111
 30
0.0
 10
26.03347129629629
 20
93.9061636111111
 30
0.0
 10
24.56956111111111
 20
93.9061636111111
 30
0.0
  0
SPLINE
  5
96
330
1F
100
AcDbEntity
  8
DEFAULT
 62
   177
100
AcDbSpline
210
0.0
220
0.0
230
1.0
 70
    11
 71
     3
 72
    59
 73
    55
 74
     0
 42
0.000000001
 43
0.0000000001
 40
2.163330765278412
 40
2.163330765278412
 40
2.163330765278412
 40
2.163330765278412
 40
3.163330765278412
 40
3.163330765278412
 40
3.163330765278412
 40
4.163330765278412
 40
4.163330765278412
 40
4.163330765278412
 40
5.163330765278412
 40
5.163330765278412
 40
5.163330765278412
 40
6.633330765278411
 40
6.633330765278411
 40
6.633330765278411
 40
8.614330765278407
 40
8.614330765278407
 40
8.614330765278407
 40
10.08433076527841
 40
10.08433076527841
 40
10.08433076527841
 40
11.08433076527841
 40
11.08433076527841
 40
11.08433076527841
 40
12.08433076527841
 40
12.08433076527841
 40
12.08433076527841
 40
13.08433076527841
 40
13.08433076527841
 40
13.08433076527841
 40
15.12455134158868
 40
15.12455134158868
 40
15.12455134158868
 40
16.12455134158868
 40
16.12455134158868
 40
16.12455134158868
 40
17.12455134158868
 40
17.12455134158868
 40
17.12455134158868
 40
18.12455134158868
 40
18.12455134158868
 40
18.12455134158868
 40
18.18555134158866
 40
18.18555134158866
 40
18.18555134158866
 40
19.18555134158866
 40
19.18555134158866
 40
19.18555134158866
 40
20.18555134158866
 40
20.18555134158866
 40
20.18555134158866
 40
21.18555134158866
 40
21.18555134158866
 40
21.18555134158866
 40
23.34888210686708
 40
23.34888210686708
 40
23.34888210686708
 40
23.34888210686708
 10
24.79177583333333
 20
154.2415
 30
0.0
 10
25.05635916666666
 20
154.0721666666666
 30
0.0
 10
25.67019249999999
 20
153.8075833333333
 30
0.0
 10
26.31577583333333
 20
153.8075833333333
 30
0.0
 10
27.51133972222222
 20
153.8075833333333
 30
0.0
 10
27.88210916666666
 20
154.5695833333333
 30
0.0
 10
27.87117305555555
 20
155.1410833333333
 30
0.0
 10
27.8609425
 20
156.1038138888889
 30
0.0
 10
26.99310916666666
 20
156.5165638888889
 30
0.0
 10
26.09352583333333
 20
156.5165638888889
 30
0.0
 10
25.92066472222222
 20
156.5165638888889
 30
0.0
 10
25.74780361111111
 20
156.5165638888889
 30
0.0
 10
25.5749425
 20
156.5165638888889
 30
0.0
 10
25.5749425
 20
156.7495148148148
 30
0.0
 10
25.5749425
 20
156.9824657407407
 30
0.0
 10
25.5749425
 20
157.2154166666667
 30
0.0
 10
25.74780361111111
 20
157.2154166666667
 30
0.0
 10
25.92066472222222
 20
157.2154166666667
 30
0.0
 10
26.09352583333333
 20
157.2154166666667
 30
0.0
 10
26.77085916666666
 20
157.2154166666667
 30
0.0
 10
27.62775638888888
 20
157.5643138888889
 30
0.0
 10
27.62775638888888
 20
158.3792305555556
 30
0.0
 10
27.62775638888888
 20
158.9295638888889
 30
0.0
 10
27.27885916666666
 20
159.4163972222222
 30
0.0
 10
26.42160916666666
 20
159.4163972222222
 30
0.0
 10
25.87127583333333
 20
159.4163972222222
 30
0.0
 10
25.34210916666666
 20
159.1729805555555
 30
0.0
 10
25.04577583333333
 20
158.9613138888889
 30
0.0
 10
24.96463694444444
 20
159.1870916666667
 30
0.0
 10
24.88349805555555
 20
159.4128694444445
 30
0.0
 10
24.80235916666666
 20
159.6386472222222
 30
0.0
 10
25.16219249999999
 20
159.9032305555556
 30
0.0
 10
25.8606925
 20
160.1678138888889
 30
0.0
 10
26.60152583333333
 20
160.1678138888889
 30
0.0
 10
27.95619249999999
 20
160.1678138888889
 30
0.0
 10
28.56967305555555
 20
159.3634805555556
 30
0.0
 10
28.56967305555555
 20
158.5273972222222
 30
0.0
 10
28.56967305555555
 20
157.8186666666666
 30
0.0
 10
28.1466925
 20
157.2154166666667
 30
0.0
 10
27.30002583333333
 20
156.9085
 30
0.0
 10
27.30002583333333
 20
156.9013268518518
 30
0.0
 10
27.30002583333333
 20
156.8941537037037
 30
0.0
 10
27.30002583333333
 20
156.8869805555556
 30
0.0
 10
28.1466925
 20
156.718
 30
0.0
 10
28.83425638888889
 20
156.083
 30
0.0
 10
28.83425638888889
 20
155.1195638888889
 30
0.0
 10
28.83425638888889
 20
154.0188972222222
 30
0.0
 10
27.97735916666666
 20
153.0561666666667
 30
0.0
 10
26.32635916666666
 20
153.0561666666667
 30
0.0
 10
25.55377583333333
 20
153.0561666666667
 30
0.0
 10
24.87644249999999
 20
153.2995833333333
 30
0.0
 10
24.53777583333333
 20
153.5218333333333
 30
0.0
 10
24.62244249999999
 20
153.7617222222222
 30
0.0
 10
24.70710916666666
 20
154.0016111111111
 30
0.0
 10
24.79177583333333
 20
154.2415
 30
0.0
  0
SPLINE
  5
97
330
1F
100
AcDbEntity
  8
DEFAULT
 62
   177
100
AcDbSpline
210
0.0
220
0.0
230
1.0
 70
    11
 71
     3
 72
    23
 73
    19
 74
     0
 42
0.000000001
 43
0.0000000001
 40
0.0
 40
0.0
 40
0.0
 40
0.0
 40
6.147584891646519
 40
6.147584891646519
 40
6.147584891646519
 40
7.147584891646519
 40
7.147584891646519
 40
7.147584891646519
 40
7.207584891646521
 40
7.207584891646521
 40
7.207584891646521
 40
8.20758489164652
 40
8.20758489164652
 40
8.20758489164652
 40
14.38357873879373
 40
14.38357873879373
 40
14.38357873879373
 40
20.47357873879374
 40
20.47357873879374
 40
20.47357873879374
 40
20.47357873879374
 10
76.78222444444445
 20
200.5863047222223
 30
0.0
 10
76.54939111111112
 20
201.2706936111111
 30
0.0
 10
76.31655777777779
 20
201.9550825
 30
0.0
 10
76.08372444444446
 20
202.6394713888889
 30
0.0
 10
75.92497444444443
 20
203.1051380555555
 30
0.0
 10
75.81914111111111
 20
203.5284713888889
 30
0.0
 10
75.71330777777777
 20
203.9412213888889
 30
0.0
 10
75.70625222222222
 20
203.9412213888889
 30
0.0
 10
75.69919666666667
 20
203.9412213888889
 30
0.0
 10
75.6921411111111
 20
203.9412213888889
 30
0.0
 10
75.58630777777778
 20
203.5178880555555
 30
0.0
 10
75.4698911111111
 20
203.0839713888889
 30
0.0
 10
75.33230777777776
 20
202.6500547222222
 30
0.0
 10
75.09947444444443
 20
201.9621380555555
 30
0.0
 10
74.8666411111111
 20
201.2742213888888
 30
0.0
 10
74.63380777777776
 20
200.5863047222222
 30
0.0
 10
75.34994666666665
 20
200.5863047222222
 30
0.0
 10
76.06608555555555
 20
200.5863047222223
 30
0.0
 10
76.78222444444445
 20
200.5863047222223
 30
0.0
  0
POLYLINE
  5
98
330
1F
100
AcDbEntity
  8
DEFAULT
 62
   177
100
AcDb2dPolyline
 66
     1
 10
0.0
 20
0.0
 30
0.0
 70
     1
  0
VERTEX
  5
99
330
98
100
AcDbEntity
  8
DEFAULT
 62
   177
100
AcDbVertex
100
AcDb2dVertex
 10
74.44330777777778
 20
199.8666380555556
 30
0.0
  0
VERTEX
  5
9A
330
98
100
AcDbEntity
  8
DEFAULT
 62
   177
100
AcDbVertex
100
AcDb2dVertex
 10
73.70247444444445
 20
197.6233241666667
 30
0.0
  0
VERTEX
  5
9B
330
98
100
AcDbEntity
  8
DEFAULT
 62
   177
100
AcDbVertex
100
AcDb2dVertex
 10
72.74997444444443
 20
197.6233241666666
 30
0.0
  0
VERTEX
  5
9C
330
98
100
AcDbEntity
  8
DEFAULT
 62
   177
100
AcDbVertex
100
AcDb2dVertex
 10
75.17355777777777
 20
204.7557852777777
 30
0.0
  0
VERTEX
  5
9D
330
98
100
AcDbEntity
  8
DEFAULT
 62
   177
100
AcDbVertex
100
AcDb2dVertex
 10
76.28480777777777
 20
204.7557852777777
 30
0.0
  0
VERTEX
  5
9E
330
98
100
AcDbEntity
  8
DEFAULT
 62
   177
100
AcDbVertex
100
AcDb2dVertex
 10
78.71897444444444
 20
197.6233241666666
 30
0.0
  0
VERTEX
  5
9F
330
98
100
AcDbEntity
  8
DEFAULT
 62
   177
100
AcDbVertex
100
AcDb2dVertex
 10
77.73472444444442
 20
197.6233241666666
 30
0.0
  0
VERTEX
  5
A0
330
98
100
AcDbEntity
  8
DEFAULT
 62
   177
100
AcDbVertex
100
AcDb2dVertex
 10
76.97272444444444
 20
199.8666380555555
 30
0.0
  0
SEQEND
  5
A1
330
98
100
AcDbEntity
  8
DEFAULT
 62
   177
  0
POLYLINE
  5
A2
330
1F
100
AcDbEntity
  8
DEFAULT
 62
   250
100
AcDb2dPolyline
 66
     1
 10
0.0
 20
0.0
 30
0.0
  0
VERTEX
  5
A3
330
A2
100
AcDbEntity
  8
DEFAULT
 62
   250
100
AcDbVertex
100
AcDb2dVertex
 10
380.7832886111112
 20
407.9785394444444
 30
0.0
  0
VERTEX
  5
A4
330
A2
100
AcDbEntity
  8
DEFAULT
 62
   250
100
AcDbVertex
100
AcDb2dVertex
 10
380.7822302777778
 20
404.9799283333334
 30
0.0
  0
SEQEND
  5
A5
330
A2
100
AcDbEntity
  8
DEFAULT
 62
   250
  0
POLYLINE
  5
A6
330
1F
100
AcDbEntity
  8
DEFAULT
 62
   250
100
AcDb2dPolyline
 66
     1
 10
0.0
 20
0.0
 30
0.0
  0
VERTEX
  5
A7
330
A6
100
AcDbEntity
  8
DEFAULT
 62
   250
100
AcDbVertex
100
AcDb2dVertex
 10
379.7832341666666
 20
407.9788922222221
 30
0.0
  0
VERTEX
  5
A8
330
A6
100
AcDbEntity
  8
DEFAULT
 62
   250
100
AcDbVertex
100
AcDb2dVertex
 10
379.7825286111111
 20
404.9802811111109
 30
0.0
  0
SEQEND
  5
A9
330
A6
100
AcDbEntity
  8
DEFAULT
 62
   250
  0
POLYLINE
  5
AA
330
1F
100
AcDbEntity
  8
DEFAULT
 62
   250
100
AcDb2dPolyline
 66
     1
 10
0.0
 20
0.0
 30
0.0
  0
VERTEX
  5
AB
330
AA
100
AcDbEntity
  8
DEFAULT
 62
   250
100
AcDbVertex
100
AcDb2dVertex
 10
378.7832855555556
 20
407.9791744444444
 30
0.0
  0
VERTEX
  5
AC
330
AA
100
AcDbEntity
  8
DEFAULT
 62
   250
100
AcDbVertex
100
AcDb2dVertex
 10
378.7822272222223
 20
404.9805633333335
 30
0.0
  0
SEQEND
  5
AD
330
AA
100
AcDbEntity
  8
DEFAULT
 62
   250
  0
SPLINE
  5
AE
330
1F
100
AcDbEntity
  8
DEFAULT
 62
   240
100
AcDbSpline
210
0.0
220
0.0
230
1.0
 70
    11
 71
     3
 72
    56
 73
    52
 74
     0
 42
0.000000001
 43
0.0000000001
 40
1.0
 40
1.0
 40
1.0
 40
1.0
 40
2.0
 40
2.0
 40
2.0
 40
3.0
 40
3.0
 40
3.0
 40
4.0
 40
4.0
 40
4.0
 40
5.0
 40
5.0
 40
5.0
 40
6.0
 40
6.0
 40
6.0
 40
7.0
 40
7.0
 40
7.0
 40
8.0
 40
8.0
 40
8.0
 40
9.0
 40
9.0
 40
9.0
 40
10.0
 40
10.0
 40
10.0
 40
18.50300993766318
 40
18.50300993766318
 40
18.50300993766318
 40
27.00000993766302
 40
27.00000993766302
 40
27.00000993766302
 40
35.52203340629997
 40
35.52203340629997
 40
35.52203340629997
 40
36.52203340629997
 40
36.52203340629997
 40
36.52203340629997
 40
37.52203340629997
 40
37.52203340629997
 40
37.52203340629997
 40
38.52203340629997
 40
38.52203340629997
 40
38.52203340629997
 40
39.52203340629997
 40
39.52203340629997
 40
39.52203340629997
 40
40.52203340629997
 40
40.52203340629997
 40
40.52203340629997
 40
40.52203340629997
 10
396.215235
 20
414.4077027777778
 30
0.0
 10
398.2987405555555
 20
411.4549527777778
 30
0.0
 10
396.5715405555555
 20
408.9784527777777
 30
0.0
 10
392.1861599999999
 20
409.2596166666666
 30
0.0
 10
388.9504822222221
 20
409.4691666666666
 30
0.0
 10
393.2536655555555
 20
406.4345722222222
 30
0.0
 10
390.1897905555555
 20
404.2240666666667
 30
0.0
 10
389.7491711111111
 20
404.0215722222222
 30
0.0
 10
389.3039655555555
 20
403.9337305555555
 30
0.0
 10
388.8439433333333
 20
404.0621416666667
 30
0.0
 10
386.8669766666666
 20
404.6198833333333
 30
0.0
 10
377.7257988888888
 20
402.2626222222223
 30
0.0
 10
372.9728238888889
 20
399.1338361111111
 30
0.0
 10
372.2595072222222
 20
398.8653722222222
 30
0.0
 10
371.8164183333333
 20
398.9472166666666
 30
0.0
 10
371.4784572222221
 20
399.2142694444444
 30
0.0
 10
369.8380405555555
 20
400.5146083333333
 30
0.0
 10
368.9342238888888
 20
400.6236166666666
 30
0.0
 10
368.6117849999999
 20
401.0839916666666
 30
0.0
 10
368.3983544444444
 20
401.3891444444444
 30
0.0
 10
368.7885266666665
 20
402.7977861111111
 30
0.0
 10
368.7842933333333
 20
404.5129916666667
 30
0.0
 10
368.7849988888889
 20
404.5733166666667
 30
0.0
 10
369.895896111111
 20
405.0174638888889
 30
0.0
 10
371.2794905555555
 20
405.0241666666667
 30
0.0
 10
372.6655544444444
 20
405.0241666666667
 30
0.0
 10
373.4427238888888
 20
404.974425
 30
0.0
 10
373.7831544444444
 20
404.9786583333333
 30
0.0
 10
374.7830442592592
 20
404.980187037037
 30
0.0
 10
375.782934074074
 20
404.9817157407408
 30
0.0
 10
376.7828238888888
 20
404.9832444444444
 30
0.0
 10
376.7828238888888
 20
405.9824287037036
 30
0.0
 10
376.7828238888888
 20
406.981612962963
 30
0.0
 10
376.7828238888888
 20
407.9807972222222
 30
0.0
 10
375.7806998148147
 20
407.9784453703703
 30
0.0
 10
374.7785757407407
 20
407.9760935185184
 30
0.0
 10
373.7764516666666
 20
407.9737416666666
 30
0.0
 10
373.4381377777777
 20
407.9740944444444
 30
0.0
 10
372.6595572222222
 20
407.9257638888889
 30
0.0
 10
371.2812544444444
 20
407.9247055555555
 30
0.0
 10
369.9488127777777
 20
407.9218833333333
 30
0.0
 10
368.8516738888888
 20
408.3431
 30
0.0
 10
368.7825294444444
 20
408.4193
 30
0.0
 10
368.7786488888889
 20
409.2105805555556
 30
0.0
 10
369.3646127777777
 20
409.8981444444445
 30
0.0
 10
370.3516849999999
 20
410.4961027777778
 30
0.0
 10
374.9801294444444
 20
413.2978638888889
 30
0.0
 10
385.1429516666666
 20
414.6387722222222
 30
0.0
 10
387.337935
 20
413.9579111111111
 30
0.0
 10
389.4507211111111
 20
413.2961
 30
0.0
 10
393.1379544444444
 20
418.7623916666666
 30
0.0
 10
396.215235
 20
414.4077027777778
 30
0.0
  0
POLYLINE
  5
AF
330
1F
100
AcDbEntity
  8
DEFAULT
 62
   250
100
AcDb2dPolyline
 66
     1
 10
0.0
 20
0.0
 30
0.0
  0
VERTEX
  5
B0
330
AF
100
AcDbEntity
  8
DEFAULT
 62
   250
100
AcDbVertex
100
AcDb2dVertex
 10
384.1051852777777
 20
469.1560269444445
 30
0.0
  0
VERTEX
  5
B1
330
AF
100
AcDbEntity
  8
DEFAULT
 62
   250
100
AcDbVertex
100
AcDb2dVertex
 10
384.1065963888888
 20
466.1574158333333
 30
0.0
  0
SEQEND
  5
B2
330
AF
100
AcDbEntity
  8
DEFAULT
 62
   250
  0
POLYLINE
  5
B3
330
1F
100
AcDbEntity
  8
DEFAULT
 62
   250
100
AcDb2dPolyline
 66
     1
 10
0.0
 20
0.0
 30
0.0
  0
VERTEX
  5
B4
330
B3
100
AcDbEntity
  8
DEFAULT
 62
   250
100
AcDbVertex
100
AcDb2dVertex
 10
385.1052044444445
 20
469.1565208333333
 30
0.0
  0
VERTEX
  5
B5
330
B3
100
AcDbEntity
  8
DEFAULT
 62
   250
100
AcDbVertex
100
AcDb2dVertex
 10
385.1066155555555
 20
466.1579097222221
 30
0.0
  0
SEQEND
  5
B6
330
B3
100
AcDbEntity
  8
DEFAULT
 62
   250
  0
POLYLINE
  5
B7
330
1F
100
AcDbEntity
  8
DEFAULT
 62
   250
100
AcDb2dPolyline
 66
     1
 10
0.0
 20
0.0
 30
0.0
  0
VERTEX
  5
B8
330
B7
100
AcDbEntity
  8
DEFAULT
 62
   250
100
AcDbVertex
100
AcDb2dVertex
 10
386.1051883333333
 20
469.1569441666667
 30
0.0
  0
VERTEX
  5
B9
330
B7
100
AcDbEntity
  8
DEFAULT
 62
   250
100
AcDbVertex
100
AcDb2dVertex
 10
386.1065994444443
 20
466.1583330555555
 30
0.0
  0
SEQEND
  5
BA
330
B7
100
AcDbEntity
  8
DEFAULT
 62
   250
  0
SPLINE
  5
BB
330
1F
100
AcDbEntity
  8
DEFAULT
 62
   240
100
AcDbSpline
210
0.0
220
0.0
230
1.0
 70
    11
 71
     3
 72
    71
 73
    67
 74
     0
 42
0.000000001
 43
0.0000000001
 40
1.0
 40
1.0
 40
1.0
 40
1.0
 40
2.0
 40
2.0
 40
2.0
 40
3.0
 40
3.0
 40
3.0
 40
4.0
 40
4.0
 40
4.0
 40
12.49699735200605
 40
12.49699735200605
 40
12.49699735200605
 40
20.99334650914399
 40
20.99334650914399
 40
20.99334650914399
 40
29.51927461111638
 40
29.51927461111638
 40
29.51927461111638
 40
30.51927461111638
 40
30.51927461111638
 40
30.51927461111638
 40
31.51927461111638
 40
31.51927461111638
 40
31.51927461111638
 40
39.41832075606332
 40
39.41832075606332
 40
39.41832075606332
 40
40.41832075606332
 40
40.41832075606332
 40
40.41832075606332
 40
41.41832075606332
 40
41.41832075606332
 40
41.41832075606332
 40
42.41832075606332
 40
42.41832075606332
 40
42.41832075606332
 40
43.41832075606332
 40
43.41832075606332
 40
43.41832075606332
 40
44.41832075606332
 40
44.41832075606332
 40
44.41832075606332
 40
52.92632451722849
 40
52.92632451722849
 40
52.92632451722849
 40
61.42732451722846
 40
61.42732451722846
 40
61.42732451722846
 40
69.94232451722857
 40
69.94232451722857
 40
69.94232451722857
 40
70.94232451722857
 40
70.94232451722857
 40
70.94232451722857
 40
71.94232451722857
 40
71.94232451722857
 40
71.94232451722857
 40
72.94232451722857
 40
72.94232451722857
 40
72.94232451722857
 40
73.94232451722857
 40
73.94232451722857
 40
73.94232451722857
 40
74.94232451722857
 40
74.94232451722857
 40
74.94232451722857
 40
74.94232451722857
 10
370.2901605555555
 20
450.7272333333333
 30
0.0
 10
369.7743994444444
 20
449.0469527777778
 30
0.0
 10
368.6719688888888
 20
448.8666833333334
 30
0.0
 10
370.7635883333333
 20
447.157475
 30
0.0
 10
370.8094494444444
 20
447.1183166666667
 30
0.0
 10
371.8702522222222
 20
447.6774694444444
 30
0.0
 10
372.7708938888888
 20
448.7301583333333
 30
0.0
 10
373.6715355555555
 20
449.7881388888889
 30
0.0
 10
374.1350855555555
 20
450.4093805555555
 30
0.0
 10
374.3601577777778
 20
450.6679666666667
 30
0.0
 10
375.0078577777778
 20
451.4287907407407
 30
0.0
 10
375.6555577777778
 20
452.1896148148148
 30
0.0
 10
376.3032577777778
 20
452.9504388888888
 30
0.0
 10
377.0640818518519
 20
452.3028564814815
 30
0.0
 10
377.824905925926
 20
451.655274074074
 30
0.0
 10
378.58573
 20
451.0076916666667
 30
0.0
 10
377.934855
 20
450.2451037037037
 30
0.0
 10
377.28398
 20
449.4825157407407
 30
0.0
 10
376.6331049999999
 20
448.7199277777777
 30
0.0
 10
376.4179105555555
 20
448.4616944444444
 30
0.0
 10
375.8756911111111
 20
447.9011305555555
 30
0.0
 10
374.9799883333333
 20
446.8533805555555
 30
0.0
 10
374.1163883333333
 20
445.8387916666667
 30
0.0
 10
373.7255105555556
 20
444.7293055555555
 30
0.0
 10
373.7371522222222
 20
444.6248833333333
 30
0.0
 10
374.4783383333333
 20
444.065025
 30
0.0
 10
375.2195244444444
 20
443.5051666666666
 30
0.0
 10
375.9607105555555
 20
442.9453083333333
 30
0.0
 10
379.5474022222222
 20
444.0505611111111
 30
0.0
 10
380.7944716666667
 20
444.2385916666667
 30
0.0
 10
382.9058466666666
 20
447.3398611111111
 30
0.0
 10
384.9547799999999
 20
452.6953805555555
 30
0.0
 10
388.3975383333333
 20
458.3810999999999
 30
0.0
 10
394.1562827777777
 20
459.6969611111111
 30
0.0
 10
395.1684022222221
 20
460.0532666666666
 30
0.0
 10
396.1074966666666
 20
462.3840694444444
 30
0.0
 10
396.1071438888889
 20
465.7022972222222
 30
0.0
 10
396.1085549999999
 20
465.7598
 30
0.0
 10
394.9934244444444
 20
466.2053583333333
 30
0.0
 10
393.611241111111
 20
466.2071222222222
 30
0.0
 10
392.2216494444444
 20
466.2064166666666
 30
0.0
 10
391.4465966666666
 20
466.1559694444444
 30
0.0
 10
391.1072244444444
 20
466.1605555555556
 30
0.0
 10
390.1067466666666
 20
466.1596148148148
 30
0.0
 10
389.1062688888888
 20
466.158674074074
 30
0.0
 10
388.105791111111
 20
466.1577333333333
 30
0.0
 10
388.105791111111
 20
467.1573879629629
 30
0.0
 10
388.105791111111
 20
468.1570425925925
 30
0.0
 10
388.105791111111
 20
469.1566972222222
 30
0.0
 10
389.107092037037
 20
469.1566972222222
 30
0.0
 10
390.1083929629629
 20
469.1566972222222
 30
0.0
 10
391.1096938888889
 20
469.1566972222222
 30
0.0
 10
391.4515355555555
 20
469.1598722222222
 30
0.0
 10
392.2258827777778
 20
469.1080138888889
 30
0.0
 10
393.608066111111
 20
469.1058972222222
 30
0.0
 10
394.935216111111
 20
469.1083666666667
 30
0.0
 10
396.0260049999999
 20
469.5257027777778
 30
0.0
 10
396.1043216666666
 20
469.6068416666666
 30
0.0
 10
396.1057327777777
 20
471.1809361111111
 30
0.0
 10
395.2287272222222
 20
472.4562277777778
 30
0.0
 10
394.1485216666667
 20
472.4555222222222
 30
0.0
 10
391.6434466666666
 20
472.4537583333333
 30
0.0
 10
389.2170411111111
 20
472.3959027777777
 30
0.0
 10
387.097905
 20
472.4530527777778
 30
0.0
 10
375.8689883333333
 20
472.7324527777777
 30
0.0
 10
370.9674938888889
 20
452.4424388888889
 30
0.0
 10
370.2901605555555
 20
450.7272333333333
 30
0.0
  0
SPLINE
  5
BC
330
1F
100
AcDbEntity
  8
DEFAULT
 62
   240
100
AcDbSpline
210
0.0
220
0.0
230
1.0
 70
    11
 71
     3
 72
   416
 73
   412
 74
     0
 42
0.000000001
 43
0.0000000001
 40
14.17000000000007
 40
14.17000000000007
 40
14.17000000000007
 40
14.17000000000007
 40
15.17000000000007
 40
15.17000000000007
 40
15.17000000000007
 40
16.17000000000007
 40
16.17000000000007
 40
16.17000000000007
 40
27.43000000000006
 40
27.43000000000006
 40
27.43000000000006
 40
28.43000000000006
 40
28.43000000000006
 40
28.43000000000006
 40
55.10018747590649
 40
55.10018747590649
 40
55.10018747590649
 40
126.9759866018988
 40
126.9759866018988
 40
126.9759866018988
 40
152.1504895761385
 40
152.1504895761385
 40
152.1504895761385
 40
153.1504895761385
 40
153.1504895761385
 40
153.1504895761385
 40
158.4525363507341
 40
158.4525363507341
 40
158.4525363507341
 40
159.4525363507341
 40
159.4525363507341
 40
159.4525363507341
 40
160.4525363507341
 40
160.4525363507341
 40
160.4525363507341
 40
174.6441571179333
 40
174.6441571179333
 40
174.6441571179333
 40
183.1483913574166
 40
183.1483913574166
 40
183.1483913574166
 40
197.3170045570208
 40
197.3170045570208
 40
197.3170045570208
 40
198.3170045570208
 40
198.3170045570208
 40
198.3170045570208
 40
199.3170045570208
 40
199.3170045570208
 40
199.3170045570208
 40
204.8674459809077
 40
204.8674459809077
 40
204.8674459809077
 40
205.8674459809077
 40
205.8674459809077
 40
205.8674459809077
 40
226.9991283559578
 40
226.9991283559578
 40
226.9991283559578
 40
234.2491283559578
 40
234.2491283559578
 40
234.2491283559578
 40
235.2491283559578
 40
235.2491283559578
 40
235.2491283559578
 40
236.2491283559578
 40
236.2491283559578
 40
236.2491283559578
 40
241.9291371587678
 40
241.9291371587678
 40
241.9291371587678
 40
250.4291371587678
 40
250.4291371587678
 40
250.4291371587678
 40
256.0891371587678
 40
256.0891371587678
 40
256.0891371587678
 40
257.0891371587678
 40
257.0891371587678
 40
257.0891371587678
 40
258.0891371587678
 40
258.0891371587678
 40
258.0891371587678
 40
265.3091371587678
 40
265.3091371587678
 40
265.3091371587678
 40
266.3091371587678
 40
266.3091371587678
 40
266.3091371587678
 40
279.2391371587679
 40
279.2391371587679
 40
279.2391371587679
 40
280.2391371587679
 40
280.2391371587679
 40
280.2391371587679
 40
281.2391371587679
 40
281.2391371587679
 40
281.2391371587679
 40
295.4191406848606
 40
295.4191406848606
 40
295.4191406848606
 40
303.9191406848606
 40
303.9191406848606
 40
303.9191406848606
 40
318.0791406848606
 40
318.0791406848606
 40
318.0791406848606
 40
319.0791406848606
 40
319.0791406848606
 40
319.0791406848606
 40
320.0791406848606
 40
320.0791406848606
 40
320.0791406848606
 40
332.9691406848606
 40
332.9691406848606
 40
332.9691406848606
 40
333.9691406848606
 40
333.9691406848606
 40
333.9691406848606
 40
341.2191406848606
 40
341.2191406848606
 40
341.2191406848606
 40
342.2191406848606
 40
342.2191406848606
 40
342.2191406848606
 40
343.2191406848606
 40
343.2191406848606
 40
343.2191406848606
 40
348.8991494876707
 40
348.8991494876707
 40
348.8991494876707
 40
357.3991494876707
 40
357.3991494876707
 40
357.3991494876707
 40
363.0591494876707
 40
363.0591494876707
 40
363.0591494876707
 40
364.0591494876707
 40
364.0591494876707
 40
364.0591494876707
 40
365.0591494876707
 40
365.0591494876707
 40
365.0591494876707
 40
372.2691494876706
 40
372.2691494876706
 40
372.2691494876706
 40
393.3914339285164
 40
393.3914339285164
 40
393.3914339285164
 40
394.3914339285164
 40
394.3914339285164
 40
394.3914339285164
 40
399.9853770816062
 40
399.9853770816062
 40
399.9853770816062
 40
400.9853770816062
 40
400.9853770816062
 40
400.9853770816062
 40
401.9853770816062
 40
401.9853770816062
 40
401.9853770816062
 40
416.168077811721
 40
416.168077811721
 40
416.168077811721
 40
424.6646477078615
 40
424.6646477078615
 40
424.6646477078615
 40
438.8332609074658
 40
438.8332609074658
 40
438.8332609074658
 40
439.8332609074658
 40
439.8332609074658
 40
439.8332609074658
 40
440.8332609074658
 40
440.8332609074658
 40
440.8332609074658
 40
446.1071304545821
 40
446.1071304545821
 40
446.1071304545821
 40
447.1071304545821
 40
447.1071304545821
 40
447.1071304545821
 40
472.2816334288217
 40
472.2816334288217
 40
472.2816334288217
 40
544.157432554814
 40
544.157432554814
 40
544.157432554814
 40
570.8189591427647
 40
570.8189591427647
 40
570.8189591427647
 40
571.8189591427647
 40
571.8189591427647
 40
571.8189591427647
 40
583.1089591427647
 40
583.1089591427647
 40
583.1089591427647
 40
584.1089591427647
 40
584.1089591427647
 40
584.1089591427647
 40
585.1089591427647
 40
585.1089591427647
 40
585.1089591427647
 40
599.2889626688573
 40
599.2889626688573
 40
599.2889626688573
 40
607.7889626688573
 40
607.7889626688573
 40
607.7889626688573
 40
621.9489626688572
 40
621.9489626688572
 40
621.9489626688572
 40
622.9489626688572
 40
622.9489626688572
 40
622.9489626688572
 40
623.9489626688572
 40
623.9489626688572
 40
623.9489626688572
 40
634.6589626688573
 40
634.6589626688573
 40
634.6589626688573
 40
635.6589626688573
 40
635.6589626688573
 40
635.6589626688573
 40
658.8582751586704
 40
658.8582751586704
 40
658.8582751586704
 40
734.4123888785732
 40
734.4123888785732
 40
734.4123888785732
 40
759.571516446913
 40
759.571516446913
 40
759.571516446913
 40
760.571516446913
 40
760.571516446913
 40
760.571516446913
 40
765.8312978111904
 40
765.8312978111904
 40
765.8312978111904
 40
766.8312978111904
 40
766.8312978111904
 40
766.8312978111904
 40
767.8312978111904
 40
767.8312978111904
 40
767.8312978111904
 40
782.0139985413052
 40
782.0139985413052
 40
782.0139985413052
 40
790.5169980120803
 40
790.5169980120803
 40
790.5169980120803
 40
804.6767190545303
 40
804.6767190545303
 40
804.6767190545303
 40
805.6767190545303
 40
805.6767190545303
 40
805.6767190545303
 40
806.6767190545303
 40
806.6767190545303
 40
806.6767190545303
 40
813.9172300862185
 40
813.9172300862185
 40
813.9172300862185
 40
866.9774194940976
 40
866.9774194940976
 40
866.9774194940976
 40
867.9774194940976
 40
867.9774194940976
 40
867.9774194940976
 40
873.5174194940977
 40
873.5174194940977
 40
873.5174194940977
 40
874.5174194940977
 40
874.5174194940977
 40
874.5174194940977
 40
875.5174194940977
 40
875.5174194940977
 40
875.5174194940977
 40
881.1974282969078
 40
881.1974282969078
 40
881.1974282969078
 40
889.6974282969078
 40
889.6974282969078
 40
889.6974282969078
 40
895.3574282969078
 40
895.3574282969078
 40
895.3574282969078
 40
896.3574282969078
 40
896.3574282969078
 40
896.3574282969078
 40
897.3574282969078
 40
897.3574282969078
 40
897.3574282969078
 40
906.1474282969077
 40
906.1474282969077
 40
906.1474282969077
 40
907.1474282969077
 40
907.1474282969077
 40
907.1474282969077
 40
908.1474282969077
 40
908.1474282969077
 40
908.1474282969077
 40
926.7302160317982
 40
926.7302160317982
 40
926.7302160317982
 40
927.7302160317982
 40
927.7302160317982
 40
927.7302160317982
 40
928.7302160317982
 40
928.7302160317982
 40
928.7302160317982
 40
947.3130037666888
 40
947.3130037666888
 40
947.3130037666888
 40
948.3130037666888
 40
948.3130037666888
 40
948.3130037666888
 40
949.3130037666888
 40
949.3130037666888
 40
949.3130037666888
 40
958.0930037666888
 40
958.0930037666888
 40
958.0930037666888
 40
959.0930037666888
 40
959.0930037666888
 40
959.0930037666888
 40
960.0930037666888
 40
960.0930037666888
 40
960.0930037666888
 40
965.7730125694989
 40
965.7730125694989
 40
965.7730125694989
 40
974.2730125694989
 40
974.2730125694989
 40
974.2730125694989
 40
979.9330125694989
 40
979.9330125694989
 40
979.9330125694989
 40
980.9330125694989
 40
980.9330125694989
 40
980.9330125694989
 40
981.9330125694989
 40
981.9330125694989
 40
981.9330125694989
 40
987.423012569499
 40
987.423012569499
 40
987.423012569499
 40
988.423012569499
 40
988.423012569499
 40
988.423012569499
 40
1041.47858343628
 40
1041.47858343628
 40
1041.47858343628
 40
1048.769022380541
 40
1048.769022380541
 40
1048.769022380541
 40
1049.769022380541
 40
1049.769022380541
 40
1049.769022380541
 40
1050.769022380541
 40
1050.769022380541
 40
1050.769022380541
 40
1064.949269204909
 40
1064.949269204909
 40
1064.949269204909
 40
1073.452268675684
 40
1073.452268675684
 40
1073.452268675684
 40
1087.611989718134
 40
1087.611989718134
 40
1087.611989718134
 40
1088.611989718134
 40
1088.611989718134
 40
1088.611989718134
 40
1089.611989718134
 40
1089.611989718134
 40
1089.611989718134
 40
1094.843595590139
 40
1094.843595590139
 40
1094.843595590139
 40
1095.843595590139
 40
1095.843595590139
 40
1095.843595590139
 40
1121.002723158479
 40
1121.002723158479
 40
1121.002723158479
 40
1196.556836878382
 40
1196.556836878382
 40
1196.556836878382
 40
1219.756149368195
 40
1219.756149368195
 40
1219.756149368195
 40
1220.756149368195
 40
1220.756149368195
 40
1220.756149368195
 40
1231.506149368195
 40
1231.506149368195
 40
1231.506149368195
 40
1232.506149368195
 40
1232.506149368195
 40
1232.506149368195
 40
1233.506149368195
 40
1233.506149368195
 40
1233.506149368195
 40
1247.696152891803
 40
1247.696152891803
 40
1247.696152891803
 40
1256.196152891803
 40
1256.196152891803
 40
1256.196152891803
 40
1270.366152891803
 40
1270.366152891803
 40
1270.366152891803
 40
1270.366152891803
 10
58.36471972222223
 20
359.3754983333333
 30
0.0
 10
58.36119194444444
 20
359.7176927777778
 30
0.0
 10
58.41058083333333
 20
360.4938038888889
 30
0.0
 10
58.41058083333333
 20
361.8802205555555
 30
0.0
 10
58.40705305555556
 20
363.1608038888888
 30
0.0
 10
58.02605305555556
 20
364.2120816666666
 30
0.0
 10
57.9237475
 20
364.3602483333333
 30
0.0
 10
56.59965490740742
 20
364.3602483333333
 30
0.0
 10
55.27556231481483
 20
364.3602483333333
 30
0.0
 10
53.95146972222223
 20
364.3602483333333
 30
0.0
 10
53.59163638888889
 20
364.3602483333333
 30
0.0
 10
53.26355305555555
 20
364.1697483333334
 30
0.0
 10
53.08363638888889
 20
363.8628316666666
 30
0.0
 10
51.51612712962963
 20
361.1464427777777
 30
0.0
 10
49.94861787037036
 20
358.4300538888888
 30
0.0
 10
48.38110861111111
 20
355.713665
 30
0.0
 10
40.22841416666666
 20
353.4841094444444
 30
0.0
 10
32.07571972222222
 20
351.2545538888889
 30
0.0
 10
23.92302527777778
 20
349.0249983333333
 30
0.0
 10
21.14078453703704
 20
350.0362946296296
 30
0.0
 10
18.35854379629629
 20
351.0475909259259
 30
0.0
 10
15.57630305555555
 20
352.0588872222222
 30
0.0
 10
15.18119194444445
 20
352.2035261111111
 30
0.0
 10
14.74021972222223
 20
352.0871094444444
 30
0.0
 10
14.46858083333334
 20
351.7625538888889
 30
0.0
 10
14.0675900925926
 20
351.2851279629629
 30
0.0
 10
13.66659935185186
 20
350.807702037037
 30
0.0
 10
13.26560861111112
 20
350.3302761111111
 30
0.0
 10
13.31852527777779
 20
350.1609427777778
 30
0.0
 10
13.8864975
 20
349.1872761111111
 30
0.0
 10
14.86016416666667
 20
348.3688316666667
 30
0.0
 10
15.9184975
 20
347.4798316666667
 30
0.0
 10
16.54644194444444
 20
347.0212205555555
 30
0.0
 10
16.80396972222223
 20
346.8024983333333
 30
0.0
 10
18.08455305555556
 20
345.7324057407407
 30
0.0
 10
19.3651363888889
 20
344.6623131481481
 30
0.0
 10
20.64571972222223
 20
343.5922205555556
 30
0.0
 10
20.00366416666667
 20
342.8255168518519
 30
0.0
 10
19.36160861111112
 20
342.0588131481481
 30
0.0
 10
18.71955305555556
 20
341.2921094444445
 30
0.0
 10
17.44249750000001
 20
342.362202037037
 30
0.0
 10
16.16544194444445
 20
343.4322946296296
 30
0.0
 10
14.88838638888889
 20
344.5023872222222
 30
0.0
 10
14.62380305555556
 20
344.7175816666667
 30
0.0
 10
14.05935861111112
 20
345.2538038888889
 30
0.0
 10
12.99749750000001
 20
346.1428038888889
 30
0.0
 10
11.99913638888889
 20
346.9753594444444
 30
0.0
 10
10.93021972222223
 20
347.3563594444444
 30
0.0
 10
10.7749975
 20
347.3598872222222
 30
0.0
 10
10.35519194444445
 20
346.8601187037037
 30
0.0
 10
9.935386388888894
 20
346.3603501851852
 30
0.0
 10
9.51558083333334
 20
345.8605816666666
 30
0.0
 10
9.286275277777783
 20
345.585415
 30
0.0
 10
9.219247500000007
 20
345.2114705555555
 30
0.0
 10
9.342719722222226
 20
344.8763316666667
 30
0.0
 10
10.19173824074075
 20
342.5409427777777
 30
0.0
 10
11.04075675925926
 20
340.2055538888889
 30
0.0
 10
11.88977527777778
 20
337.870165
 30
0.0
 10
11.88977527777778
 20
337.0176187037037
 30
0.0
 10
11.88977527777778
 20
336.1650724074074
 30
0.0
 10
11.88977527777778
 20
335.3125261111111
 30
0.0
 10
12.01677527777779
 20
335.2208038888889
 30
0.0
 10
13.08569194444445
 20
334.8256927777778
 30
0.0
 10
14.37685861111112
 20
334.8256927777778
 30
0.0
 10
15.7597475
 20
334.8256927777778
 30
0.0
 10
16.53585861111111
 20
334.8786094444444
 30
0.0
 10
16.87452527777778
 20
334.8750816666666
 30
0.0
 10
17.54245120370371
 20
334.8762575925925
 30
0.0
 10
18.21037712962963
 20
334.8774335185185
 30
0.0
 10
18.87830305555556
 20
334.8786094444444
 30
0.0
 10
18.87830305555556
 20
333.8790724074074
 30
0.0
 10
18.87830305555556
 20
332.8795353703704
 30
0.0
 10
18.87830305555556
 20
331.8799983333333
 30
0.0
 10
18.21272898148149
 20
331.8799983333333
 30
0.0
 10
17.54715490740741
 20
331.8799983333333
 30
0.0
 10
16.88158083333334
 20
331.8799983333333
 30
0.0
 10
16.53938638888889
 20
331.8764705555556
 30
0.0
 10
15.76327527777778
 20
331.9258594444444
 30
0.0
 10
14.37685861111112
 20
331.9258594444444
 30
0.0
 10
13.07158083333333
 20
331.9223316666667
 30
0.0
 10
12.00619194444445
 20
331.5272205555555
 30
0.0
 10
11.88977527777778
 20
331.4319705555556
 30
0.0
 10
11.88977527777778
 20
330.582952037037
 30
0.0
 10
11.88977527777778
 20
329.7339335185185
 30
0.0
 10
11.88977527777778
 20
328.884915
 30
0.0
 10
11.88977527777778
 20
317.9205816666666
 30
0.0
 10
5.000025277777781
 20
317.5219427777778
 30
0.0
 10
5.000025277777781
 20
309.0517483333333
 30
0.0
 10
5.000025277777781
 20
307.5312761111111
 30
0.0
 10
5.000025277777781
 20
306.0108038888889
 30
0.0
 10
5.000025277777781
 20
304.4903316666666
 30
0.0
 10
5.148191944444454
 20
304.3915538888889
 30
0.0
 10
6.206525277777787
 20
304.0070261111111
 30
0.0
 10
7.483580833333334
 20
304.0070261111111
 30
0.0
 10
8.866469722222229
 20
304.0070261111111
 30
0.0
 10
9.642580833333335
 20
304.0599427777777
 30
0.0
 10
9.981247500000006
 20
304.056415
 30
0.0
 10
11.64871046296297
 20
304.0575909259259
 30
0.0
 10
13.31617342592593
 20
304.0587668518518
 30
0.0
 10
14.9836363888889
 20
304.0599427777777
 30
0.0
 10
14.9836363888889
 20
303.0604057407407
 30
0.0
 10
14.9836363888889
 20
302.0608687037037
 30
0.0
 10
14.9836363888889
 20
301.0613316666667
 30
0.0
 10
13.31852527777779
 20
301.0613316666667
 30
0.0
 10
11.65341416666667
 20
301.0613316666667
 30
0.0
 10
9.988303055555564
 20
301.0613316666667
 30
0.0
 10
9.64610861111112
 20
301.0578038888889
 30
0.0
 10
8.869997500000004
 20
301.1071927777778
 30
0.0
 10
7.483580833333334
 20
301.1071927777778
 30
0.0
 10
6.188886388888894
 20
301.103665
 30
0.0
 10
5.127025277777786
 20
300.7120816666666
 30
0.0
 10
5.000025277777781
 20
300.6168316666667
 30
0.0
 10
5.000025277777781
 20
299.1010631481481
 30
0.0
 10
5.000025277777781
 20
297.5852946296296
 30
0.0
 10
5.000025277777781
 20
296.0695261111111
 30
0.0
 10
5.000025277777781
 20
287.5993316666667
 30
0.0
 10
11.88977527777778
 20
287.2006927777778
 30
0.0
 10
11.88977527777778
 20
276.2363594444444
 30
0.0
 10
11.88977527777778
 20
275.3838131481481
 30
0.0
 10
11.88977527777778
 20
274.5312668518519
 30
0.0
 10
11.88977527777778
 20
273.6787205555555
 30
0.0
 10
12.01677527777779
 20
273.5869983333333
 30
0.0
 10
13.08569194444445
 20
273.1918872222222
 30
0.0
 10
14.37685861111112
 20
273.1918872222222
 30
0.0
 10
15.7597475
 20
273.1918872222222
 30
0.0
 10
16.53585861111111
 20
273.2448038888889
 30
0.0
 10
16.87452527777778
 20
273.2412761111111
 30
0.0
 10
17.54245120370371
 20
273.242452037037
 30
0.0
 10
18.21037712962963
 20
273.2436279629629
 30
0.0
 10
18.87830305555556
 20
273.2448038888889
 30
0.0
 10
18.87830305555556
 20
272.2452668518519
 30
0.0
 10
18.87830305555556
 20
271.2457298148148
 30
0.0
 10
18.87830305555556
 20
270.2461927777778
 30
0.0
 10
18.21272898148149
 20
270.2461927777778
 30
0.0
 10
17.54715490740741
 20
270.2461927777778
 30
0.0
 10
16.88158083333334
 20
270.2461927777778
 30
0.0
 10
16.53938638888889
 20
270.242665
 30
0.0
 10
15.76327527777778
 20
270.2920538888889
 30
0.0
 10
14.37685861111112
 20
270.2920538888889
 30
0.0
 10
13.05746972222223
 20
270.2885261111111
 30
0.0
 10
11.98502527777779
 20
269.8863594444444
 30
0.0
 10
11.88977527777778
 20
269.7946372222222
 30
0.0
 10
11.88977527777778
 20
268.9467946296297
 30
0.0
 10
11.88977527777778
 20
268.098952037037
 30
0.0
 10
11.88977527777778
 20
267.2511094444445
 30
0.0
 10
11.04075675925926
 20
264.9168964814815
 30
0.0
 10
10.19173824074074
 20
262.5826835185185
 30
0.0
 10
9.342719722222226
 20
260.2484705555556
 30
0.0
 10
9.219247500000007
 20
259.9133316666666
 30
0.0
 10
9.286275277777783
 20
259.5393872222222
 30
0.0
 10
9.51558083333334
 20
259.2642205555555
 30
0.0
 10
9.937738240740748
 20
258.7597483333333
 30
0.0
 10
10.35989564814816
 20
258.2552761111111
 30
0.0
 10
10.78205305555556
 20
257.7508038888889
 30
0.0
 10
10.94080305555556
 20
257.7613872222222
 30
0.0
 10
12.0132475
 20
258.145915
 30
0.0
 10
13.00102527777778
 20
258.9749427777778
 30
0.0
 10
14.06288638888889
 20
259.860415
 30
0.0
 10
14.62380305555556
 20
260.400165
 30
0.0
 10
14.88485861111112
 20
260.6153594444444
 30
0.0
 10
16.1630900925926
 20
261.686627962963
 30
0.0
 10
17.44132157407408
 20
262.7578964814815
 30
0.0
 10
18.71955305555556
 20
263.829165
 30
0.0
 10
19.36160861111112
 20
263.0636372222222
 30
0.0
 10
20.00366416666667
 20
262.2981094444445
 30
0.0
 10
20.64571972222223
 20
261.5325816666667
 30
0.0
 10
19.36866416666667
 20
260.462489074074
 30
0.0
 10
18.09160861111112
 20
259.3923964814815
 30
0.0
 10
16.81455305555556
 20
258.3223038888889
 30
0.0
 10
16.5534975
 20
258.1000538888889
 30
0.0
 10
15.92555305555556
 20
257.6414427777778
 30
0.0
 10
14.86369194444445
 20
256.7524427777778
 30
0.0
 10
13.88296972222223
 20
255.923415
 30
0.0
 10
13.31852527777779
 20
254.9568038888889
 30
0.0
 10
13.27266416666667
 20
254.7839427777778
 30
0.0
 10
13.67130305555555
 20
254.3088687037037
 30
0.0
 10
14.06994194444445
 20
253.8337946296296
 30
0.0
 10
14.46858083333334
 20
253.3587205555555
 30
0.0
 10
14.74021972222223
 20
253.0376927777777
 30
0.0
 10
15.18119194444445
 20
252.9177483333333
 30
0.0
 10
15.57630305555555
 20
253.0623872222222
 30
0.0
 10
18.3585437962963
 20
254.0736835185185
 30
0.0
 10
21.14078453703704
 20
255.0849798148148
 30
0.0
 10
23.92302527777778
 20
256.0962761111111
 30
0.0
 10
32.07571972222222
 20
253.8667205555555
 30
0.0
 10
40.22841416666666
 20
251.637165
 30
0.0
 10
48.38110861111111
 20
249.4076094444444
 30
0.0
 10
49.94861787037036
 20
246.6923964814815
 30
0.0
 10
51.51612712962963
 20
243.9771835185185
 30
0.0
 10
53.08363638888889
 20
241.2619705555555
 30
0.0
 10
53.26355305555555
 20
240.9515261111111
 30
0.0
 10
53.59163638888889
 20
240.7610261111111
 30
0.0
 10
53.95146972222223
 20
240.7610261111111
 30
0.0
 10
55.2790900925926
 20
240.7610261111111
 30
0.0
 10
56.60671046296297
 20
240.7610261111111
 30
0.0
 10
57.93433083333333
 20
240.7610261111111
 30
0.0
 10
58.03310861111112
 20
240.9091927777777
 30
0.0
 10
58.41763638888888
 20
241.9675261111111
 30
0.0
 10
58.41763638888888
 20
243.2445816666666
 30
0.0
 10
58.41763638888888
 20
244.6274705555555
 30
0.0
 10
58.36471972222223
 20
245.4035816666666
 30
0.0
 10
58.3682475
 20
245.7422483333333
 30
0.0
 10
58.36707157407408
 20
247.4097112962963
 30
0.0
 10
58.36589564814815
 20
249.0771742592592
 30
0.0
 10
58.36471972222223
 20
250.7446372222222
 30
0.0
 10
59.36425675925926
 20
250.7446372222222
 30
0.0
 10
60.36379379629631
 20
250.7446372222222
 30
0.0
 10
61.36333083333334
 20
250.7446372222222
 30
0.0
 10
61.36333083333333
 20
249.0795261111111
 30
0.0
 10
61.36333083333333
 20
247.414415
 30
0.0
 10
61.36333083333334
 20
245.7493038888889
 30
0.0
 10
61.36685861111111
 20
245.4071094444444
 30
0.0
 10
61.31746972222223
 20
244.6309983333333
 30
0.0
 10
61.31746972222223
 20
243.2445816666666
 30
0.0
 10
61.3209975
 20
241.9498872222222
 30
0.0
 10
61.71258083333333
 20
240.8880261111111
 30
0.0
 10
61.80783083333333
 20
240.7610261111111
 30
0.0
 10
63.0672475
 20
240.7610261111111
 30
0.0
 10
64.32666416666667
 20
240.7610261111111
 30
0.0
 10
65.58608083333334
 20
240.7610261111111
 30
0.0
 10
66.04116416666666
 20
240.7610261111111
 30
0.0
 10
66.43627527777778
 20
241.064415
 30
0.0
 10
66.55269194444443
 20
241.5018594444444
 30
0.0
 10
67.2582475
 20
244.1371094444445
 30
0.0
 10
67.96380305555554
 20
246.7723594444444
 30
0.0
 10
68.66935861111111
 20
249.4076094444444
 30
0.0
 10
77.37591416666666
 20
251.177377962963
 30
0.0
 10
86.08246972222223
 20
252.9471464814815
 30
0.0
 10
94.78902527777778
 20
254.716915
 30
0.0
 10
97.56891416666667
 20
253.7044427777778
 30
0.0
 10
100.3488030555555
 20
252.6919705555555
 30
0.0
 10
103.1286919444444
 20
251.6794983333333
 30
0.0
 10
103.5238030555555
 20
251.5348594444444
 30
0.0
 10
103.9683030555556
 20
251.6548038888889
 30
0.0
 10
104.2399419444444
 20
251.9758316666666
 30
0.0
 10
104.6374049074074
 20
252.4497298148148
 30
0.0
 10
105.0348678703703
 20
252.923627962963
 30
0.0
 10
105.4323308333333
 20
253.3975261111111
 30
0.0
 10
105.3935252777778
 20
253.5527483333333
 30
0.0
 10
104.8255530555555
 20
254.5405261111111
 30
0.0
 10
103.8448308333333
 20
255.3695538888889
 30
0.0
 10
102.7864975
 20
256.2585538888889
 30
0.0
 10
102.1585530555555
 20
256.717165
 30
0.0
 10
101.9010252777778
 20
256.939415
 30
0.0
 10
100.6227937962963
 20
258.0106835185185
 30
0.0
 10
99.34456231481481
 20
259.081952037037
 30
0.0
 10
98.06633083333332
 20
260.1532205555555
 30
0.0
 10
98.70956231481482
 20
260.9187483333333
 30
0.0
 10
99.35279379629628
 20
261.684276111111
 30
0.0
 10
99.99602527777778
 20
262.4498038888889
 30
0.0
 10
101.2707289814815
 20
261.3785353703704
 30
0.0
 10
102.5454326851852
 20
260.3072668518519
 30
0.0
 10
103.8201363888889
 20
259.2359983333333
 30
0.0
 10
104.0847197222222
 20
259.0208038888888
 30
0.0
 10
104.6491641666667
 20
258.4810538888889
 30
0.0
 10
105.7074975
 20
257.5920538888889
 30
0.0
 10
106.7023308333333
 20
256.7630261111111
 30
0.0
 10
107.7606641666667
 20
256.3749705555555
 30
0.0
 10
107.9264697222222
 20
256.367915
 30
0.0
 10
108.4732752777778
 20
257.0205538888889
 30
0.0
 10
109.0200808333333
 20
257.6731927777777
 30
0.0
 10
109.5668863888889
 20
258.3258316666667
 30
0.0
 10
115.1007937962963
 20
261.2080261111111
 30
0.0
 10
120.6347012037037
 20
264.0902205555556
 30
0.0
 10
126.1686086111111
 20
266.972415
 30
0.0
 10
126.5002197222222
 20
267.1452761111111
 30
0.0
 10
126.7083586111111
 20
267.4874705555555
 30
0.0
 10
126.7083586111111
 20
267.8578872222222
 30
0.0
 10
126.7083586111111
 20
268.5093501851852
 30
0.0
 10
126.7083586111111
 20
269.1608131481481
 30
0.0
 10
126.7083586111111
 20
269.8122761111111
 30
0.0
 10
126.5813586111111
 20
269.9039983333333
 30
0.0
 10
125.5124419444444
 20
270.2991094444445
 30
0.0
 10
124.2212752777777
 20
270.2991094444445
 30
0.0
 10
122.8383863888889
 20
270.2991094444445
 30
0.0
 10
122.0622752777778
 20
270.2461927777778
 30
0.0
 10
121.7236086111111
 20
270.2497205555555
 30
0.0
 10
121.0556826851852
 20
270.2485446296296
 30
0.0
 10
120.3877567592593
 20
270.2473687037037
 30
0.0
 10
119.7198308333333
 20
270.2461927777778
 30
0.0
 10
119.7198308333333
 20
271.2457298148148
 30
0.0
 10
119.7198308333333
 20
272.2452668518519
 30
0.0
 10
119.7198308333333
 20
273.2448038888889
 30
0.0
 10
120.3854049074074
 20
273.2448038888889
 30
0.0
 10
121.0509789814815
 20
273.2448038888889
 30
0.0
 10
121.7165530555556
 20
273.2448038888889
 30
0.0
 10
122.0587475
 20
273.2483316666667
 30
0.0
 10
122.8348586111111
 20
273.1989427777777
 30
0.0
 10
124.2212752777777
 20
273.1989427777777
 30
0.0
 10
125.5406641666666
 20
273.2024705555555
 30
0.0
 10
126.6131086111111
 20
273.6046372222222
 30
0.0
 10
126.7083586111111
 20
273.6963594444445
 30
0.0
 10
126.7083586111111
 20
274.7299983333333
 30
0.0
 10
126.7083586111111
 20
275.7636372222223
 30
0.0
 10
126.7083586111111
 20
276.7972761111111
 30
0.0
 10
126.7083586111111
 20
278.4235816666667
 30
0.0
 10
124.7927752777778
 20
279.7429705555555
 30
0.0
 10
122.4221086111111
 20
279.7429705555555
 30
0.0
 10
114.5974975
 20
279.799415
 30
0.0
 10
107.9229419444444
 20
278.6987483333333
 30
0.0
 10
99.63971972222222
 20
287.0101927777778
 30
0.0
 10
98.0969049074074
 20
288.5577112962963
 30
0.0
 10
96.55409009259257
 20
290.1052298148148
 30
0.0
 10
95.01127527777777
 20
291.6527483333333
 30
0.0
 10
93.02513638888888
 20
293.356665
 30
0.0
 10
91.61755305555555
 20
296.531665
 30
0.0
 10
91.61755305555555
 20
302.5606372222222
 30
0.0
 10
91.61755305555555
 20
308.5931372222222
 30
0.0
 10
93.02513638888888
 20
311.7681372222222
 30
0.0
 10
95.01127527777777
 20
313.4720538888889
 30
0.0
 10
96.5540900925926
 20
315.0195724074074
 30
0.0
 10
98.0969049074074
 20
316.5670909259259
 30
0.0
 10
99.63971972222222
 20
318.1146094444444
 30
0.0
 10
107.9229419444444
 20
326.4260538888889
 30
0.0
 10
114.5974975
 20
325.3253872222222
 30
0.0
 10
122.4221086111111
 20
325.3818316666666
 30
0.0
 10
124.7927752777778
 20
325.3818316666666
 30
0.0
 10
126.7083586111111
 20
326.7188594444444
 30
0.0
 10
126.7083586111111
 20
328.3486927777777
 30
0.0
 10
126.7083586111111
 20
329.3811557407407
 30
0.0
 10
126.7083586111111
 20
330.4136187037037
 30
0.0
 10
126.7083586111111
 20
331.4460816666667
 30
0.0
 10
126.5813586111111
 20
331.5378038888888
 30
0.0
 10
125.5124419444444
 20
331.932915
 30
0.0
 10
124.2212752777777
 20
331.932915
 30
0.0
 10
122.8383863888889
 20
331.932915
 30
0.0
 10
122.0622752777778
 20
331.8799983333333
 30
0.0
 10
121.7236086111111
 20
331.8835261111111
 30
0.0
 10
121.0556826851852
 20
331.8823501851851
 30
0.0
 10
120.3877567592593
 20
331.8811742592592
 30
0.0
 10
119.7198308333333
 20
331.8799983333333
 30
0.0
 10
119.7198308333333
 20
332.8795353703704
 30
0.0
 10
119.7198308333333
 20
333.8790724074074
 30
0.0
 10
119.7198308333333
 20
334.8786094444444
 30
0.0
 10
120.3854049074074
 20
334.8786094444444
 30
0.0
 10
121.0509789814815
 20
334.8786094444444
 30
0.0
 10
121.7165530555556
 20
334.8786094444444
 30
0.0
 10
122.0587475
 20
334.8821372222222
 30
0.0
 10
122.8348586111111
 20
334.8327483333333
 30
0.0
 10
124.2212752777777
 20
334.8327483333333
 30
0.0
 10
125.5265530555556
 20
334.8362761111111
 30
0.0
 10
126.5919419444444
 20
335.2313872222222
 30
0.0
 10
126.7083586111111
 20
335.3266372222222
 30
0.0
 10
126.7083586111111
 20
335.9722205555556
 30
0.0
 10
126.7083586111111
 20
336.6178038888889
 30
0.0
 10
126.7083586111111
 20
337.2633872222222
 30
0.0
 10
126.7083586111111
 20
337.6373316666667
 30
0.0
 10
126.5002197222222
 20
337.9795261111111
 30
0.0
 10
126.1686086111111
 20
338.1523872222222
 30
0.0
 10
120.6347012037037
 20
341.0334057407406
 30
0.0
 10
115.1007937962963
 20
343.9144242592592
 30
0.0
 10
109.5668863888889
 20
346.7954427777777
 30
0.0
 10
109.0165530555555
 20
347.4527853703703
 30
0.0
 10
108.4662197222222
 20
348.1101279629629
 30
0.0
 10
107.9158863888889
 20
348.7674705555555
 30
0.0
 10
107.7359697222222
 20
348.7427761111111
 30
0.0
 10
106.6776363888889
 20
348.3547205555556
 30
0.0
 10
105.7039697222222
 20
347.5398038888889
 30
0.0
 10
104.6456363888889
 20
346.6472761111111
 30
0.0
 10
104.0847197222222
 20
346.1075261111111
 30
0.0
 10
103.8236641666667
 20
345.8923316666666
 30
0.0
 10
102.547784537037
 20
344.8187112962963
 30
0.0
 10
101.2719049074074
 20
343.7450909259259
 30
0.0
 10
99.99602527777778
 20
342.6714705555555
 30
0.0
 10
99.3527937962963
 20
343.4369983333333
 30
0.0
 10
98.70956231481482
 20
344.202526111111
 30
0.0
 10
98.06633083333332
 20
344.9680538888888
 30
0.0
 10
99.34103453703703
 20
346.0393224074074
 30
0.0
 10
100.6157382407408
 20
347.1105909259259
 30
0.0
 10
101.8904419444444
 20
348.1818594444445
 30
0.0
 10
102.1514975
 20
348.4041094444444
 30
0.0
 10
102.7794419444444
 20
348.8662483333333
 30
0.0
 10
103.8377752777778
 20
349.7587761111111
 30
0.0
 10
104.8184975
 20
350.5878038888889
 30
0.0
 10
105.3794141666667
 20
351.5579427777777
 30
0.0
 10
105.4252752777778
 20
351.7308038888888
 30
0.0
 10
105.0301641666667
 20
352.2023501851851
 30
0.0
 10
104.6350530555555
 20
352.6738964814814
 30
0.0
 10
104.2399419444444
 20
353.1454427777778
 30
0.0
 10
103.9683030555556
 20
353.4664705555555
 30
0.0
 10
103.5238030555555
 20
353.586415
 30
0.0
 10
103.1286919444444
 20
353.4417761111111
 30
0.0
 10
100.3488030555555
 20
352.4293038888889
 30
0.0
 10
97.56891416666667
 20
351.4168316666667
 30
0.0
 10
94.78902527777778
 20
350.4043594444444
 30
0.0
 10
86.08246972222223
 20
352.174127962963
 30
0.0
 10
77.37591416666666
 20
353.9438964814815
 30
0.0
 10
68.66935861111111
 20
355.713665
 30
0.0
 10
67.96380305555554
 20
358.348915
 30
0.0
 10
67.2582475
 20
360.9841649999999
 30
0.0
 10
66.55269194444443
 20
363.6194149999999
 30
0.0
 10
66.43627527777778
 20
364.0568594444444
 30
0.0
 10
66.04116416666666
 20
364.3602483333333
 30
0.0
 10
65.58608083333334
 20
364.3602483333333
 30
0.0
 10
64.32196046296296
 20
364.3602483333333
 30
0.0
 10
63.05784009259259
 20
364.3602483333333
 30
0.0
 10
61.79371972222222
 20
364.3602483333333
 30
0.0
 10
61.68788638888888
 20
364.1979705555555
 30
0.0
 10
61.31041416666667
 20
363.1466927777777
 30
0.0
 10
61.31041416666667
 20
361.8802205555555
 30
0.0
 10
61.31041416666667
 20
360.4973316666666
 30
0.0
 10
61.36333083333334
 20
359.7212205555555
 30
0.0
 10
61.35980305555555
 20
359.3825538888889
 30
0.0
 10
61.36097898148148
 20
357.713915
 30
0.0
 10
61.36215490740741
 20
356.0452761111111
 30
0.0
 10
61.36333083333334
 20
354.3766372222222
 30
0.0
 10
60.36379379629631
 20
354.3766372222222
 30
0.0
 10
59.36425675925926
 20
354.3766372222222
 30
0.0
 10
58.36471972222223
 20
354.3766372222222
 30
0.0
 10
58.36471972222223
 20
356.0429242592592
 30
0.0
 10
58.36471972222223
 20
357.7092112962962
 30
0.0
 10
58.36471972222223
 20
359.3754983333333
 30
0.0
  0
SPLINE
  5
BD
330
1F
100
AcDbEntity
  8
DEFAULT
 62
   240
100
AcDbSpline
210
0.0
220
0.0
230
1.0
 70
    11
 71
     3
 72
    65
 73
    61
 74
     0
 42
0.000000001
 43
0.0000000001
 40
1.0
 40
1.0
 40
1.0
 40
1.0
 40
2.0
 40
2.0
 40
2.0
 40
3.0
 40
3.0
 40
3.0
 40
4.0
 40
4.0
 40
4.0
 40
5.0
 40
5.0
 40
5.0
 40
6.0
 40
6.0
 40
6.0
 40
7.0
 40
7.0
 40
7.0
 40
8.0
 40
8.0
 40
8.0
 40
9.0
 40
9.0
 40
9.0
 40
10.0
 40
10.0
 40
10.0
 40
11.0
 40
11.0
 40
11.0
 40
27.51966404016738
 40
27.51966404016738
 40
27.51966404016738
 40
28.51966404016738
 40
28.51966404016738
 40
28.51966404016738
 40
29.51966404016738
 40
29.51966404016738
 40
29.51966404016738
 40
30.51966404016738
 40
30.51966404016738
 40
30.51966404016738
 40
31.51966404016738
 40
31.51966404016738
 40
31.51966404016738
 40
32.51966404016738
 40
32.51966404016738
 40
32.51966404016738
 40
33.51966404016738
 40
33.51966404016738
 40
33.51966404016738
 40
50.03932808033478
 40
50.03932808033478
 40
50.03932808033478
 40
51.03932808033478
 40
51.03932808033478
 40
51.03932808033478
 40
52.03932808033478
 40
52.03932808033478
 40
52.03932808033478
 40
52.03932808033478
 10
65.52258083333334
 20
338.8861649999999
 30
0.0
 10
74.61013638888889
 20
340.5124705555555
 30
0.0
 10
74.05627527777777
 20
336.4308316666666
 30
0.0
 10
83.29905305555556
 20
334.1518872222222
 30
0.0
 10
88.96113638888889
 20
332.758415
 30
0.0
 10
92.63708083333333
 20
334.4799705555556
 30
0.0
 10
89.41974749999999
 20
327.4914427777778
 30
0.0
 10
85.91313638888889
 20
319.8714427777778
 30
0.0
 10
86.81624749999999
 20
309.4256927777778
 30
0.0
 10
79.16802527777777
 20
305.7920816666667
 30
0.0
 10
78.4801086111111
 20
305.3616927777778
 30
0.0
 10
77.79219194444444
 20
304.3492205555555
 30
0.0
 10
77.79219194444444
 20
302.5641649999999
 30
0.0
 10
77.79219194444444
 20
300.7755816666667
 30
0.0
 10
78.4801086111111
 20
299.7631094444444
 30
0.0
 10
79.16802527777777
 20
299.3327205555555
 30
0.0
 10
86.81624749999999
 20
295.6991094444444
 30
0.0
 10
85.91313638888889
 20
285.2533594444444
 30
0.0
 10
89.41974749999999
 20
277.6333594444444
 30
0.0
 10
92.63708083333333
 20
270.6448316666666
 30
0.0
 10
88.96113638888889
 20
272.3663872222222
 30
0.0
 10
83.29905305555556
 20
270.972915
 30
0.0
 10
74.05627527777777
 20
268.6939705555556
 30
0.0
 10
74.61013638888889
 20
264.6123316666666
 30
0.0
 10
65.52258083333334
 20
266.2386372222222
 30
0.0
 10
58.59402527777777
 20
267.480415
 30
0.0
 10
49.68285861111111
 20
261.2679983333333
 30
0.0
 10
49.16780305555556
 20
266.7854427777777
 30
0.0
 10
48.55396972222223
 20
270.2250261111111
 30
0.0
 10
43.29052527777777
 20
274.211415
 30
0.0
 10
40.17902527777778
 20
273.5940538888889
 30
0.0
 10
38.2704975
 20
273.2318687037037
 30
0.0
 10
36.36196972222223
 20
272.8696835185185
 30
0.0
 10
34.45344194444445
 20
272.5074983333333
 30
0.0
 10
32.0157475
 20
272.1829427777777
 30
0.0
 10
30.0789975
 20
272.1511927777778
 30
0.0
 10
28.27983083333334
 20
279.5912761111111
 30
0.0
 10
27.54252527777778
 20
282.6322205555555
 30
0.0
 10
24.08177527777778
 20
284.6536372222222
 30
0.0
 10
22.7129975
 20
289.5925261111111
 30
0.0
 10
21.3477475
 20
294.531415
 30
0.0
 10
26.50535861111112
 20
295.5650538888889
 30
0.0
 10
26.50535861111112
 20
302.5641649999999
 30
0.0
 10
26.50535861111112
 20
309.5632761111111
 30
0.0
 10
21.3477475
 20
310.596915
 30
0.0
 10
22.7129975
 20
315.5358038888888
 30
0.0
 10
24.08177527777778
 20
320.4746927777778
 30
0.0
 10
27.54252527777778
 20
322.4961094444444
 30
0.0
 10
28.27983083333334
 20
325.5370538888889
 30
0.0
 10
30.0789975
 20
332.9736094444444
 30
0.0
 10
32.0157475
 20
332.9418594444444
 30
0.0
 10
34.45344194444445
 20
332.6208316666667
 30
0.0
 10
36.36196972222223
 20
332.2586464814815
 30
0.0
 10
38.2704975
 20
331.8964612962963
 30
0.0
 10
40.17902527777778
 20
331.5342761111111
 30
0.0
 10
43.29052527777777
 20
330.916915
 30
0.0
 10
48.55396972222223
 20
334.8997761111111
 30
0.0
 10
49.16780305555556
 20
338.3393594444444
 30
0.0
 10
49.68285861111111
 20
343.8568038888889
 30
0.0
 10
58.59402527777777
 20
337.6443872222222
 30
0.0
 10
65.52258083333334
 20
338.8861649999999
 30
0.0
  0
SPLINE
  5
BE
330
1F
100
AcDbEntity
  8
DEFAULT
 62
   240
100
AcDbSpline
210
0.0
220
0.0
230
1.0
 70
    11
 71
     3
 72
    86
 73
    82
 74
     0
 42
0.000000001
 43
0.0000000001
 40
0.0
 40
0.0
 40
0.0
 40
0.0
 40
5.680007130277051
 40
5.680007130277051
 40
5.680007130277051
 40
14.180018659681
 40
14.180018659681
 40
14.180018659681
 40
19.84102581388946
 40
19.84102581388946
 40
19.84102581388946
 40
20.84102581388946
 40
20.84102581388946
 40
20.84102581388946
 40
21.84102581388946
 40
21.84102581388946
 40
21.84102581388946
 40
26.23105872948359
 40
26.23105872948359
 40
26.23105872948359
 40
27.23105872948359
 40
27.23105872948359
 40
27.23105872948359
 40
45.81108459060664
 40
45.81108459060664
 40
45.81108459060664
 40
46.81108459060664
 40
46.81108459060664
 40
46.81108459060664
 40
47.81108459060664
 40
47.81108459060664
 40
47.81108459060664
 40
53.06491100570636
 40
53.06491100570636
 40
53.06491100570636
 40
54.06491100570636
 40
54.06491100570636
 40
54.06491100570636
 40
55.06491100570636
 40
55.06491100570636
 40
55.06491100570636
 40
60.73520244442441
 40
60.73520244442441
 40
60.73520244442441
 40
69.2346259542867
 40
69.2346259542867
 40
69.2346259542867
 40
74.89148179476904
 40
74.89148179476904
 40
74.89148179476904
 40
75.89148179476904
 40
75.89148179476904
 40
75.89148179476904
 40
76.89148179476904
 40
76.89148179476904
 40
76.89148179476904
 40
81.25435355543307
 40
81.25435355543307
 40
81.25435355543307
 40
82.25435355543307
 40
82.25435355543307
 40
82.25435355543307
 40
87.91900932608672
 40
87.91900932608672
 40
87.91900932608672
 40
88.91900932608672
 40
88.91900932608672
 40
88.91900932608672
 40
94.57900941442591
 40
94.57900941442591
 40
94.57900941442591
 40
95.57900941442591
 40
95.57900941442591
 40
95.57900941442591
 40
108.009048070842
 40
108.009048070842
 40
108.009048070842
 40
109.009048070842
 40
109.009048070842
 40
109.009048070842
 40
110.009048070842
 40
110.009048070842
 40
110.009048070842
 40
110.009048070842
 10
319.0248819444444
 20
341.5395477777777
 30
0.0
 10
318.3569560185185
 20
341.540606111111
 30
0.0
 10
317.6890300925925
 20
341.5416644444444
 30
0.0
 10
317.0211041666666
 20
341.5427227777777
 30
0.0
 10
317.022750462963
 20
342.5422598148148
 30
0.0
 10
317.0243967592592
 20
343.5417968518518
 30
0.0
 10
317.0260430555555
 20
344.5413338888889
 30
0.0
 10
317.6917347222222
 20
344.5402755555555
 30
0.0
 10
318.3574263888889
 20
344.5392172222221
 30
0.0
 10
319.0231180555555
 20
344.5381588888889
 30
0.0
 10
319.3649597222222
 20
344.5374533333333
 30
0.0
 10
320.1410708333333
 20
344.4866533333333
 30
0.0
 10
321.5274875
 20
344.4880644444444
 30
0.0
 10
322.8292375
 20
344.4894755555555
 30
0.0
 10
323.8918041666666
 20
344.879295
 30
0.0
 10
324.0121013888889
 20
344.9812477777778
 30
0.0
 10
324.0141004629629
 20
345.4974792592593
 30
0.0
 10
324.016099537037
 20
346.0137107407407
 30
0.0
 10
324.0180986111111
 20
346.5299422222222
 30
0.0
 10
324.0191569444444
 20
347.0802755555555
 30
0.0
 10
323.5718347222222
 20
347.525481111111
 30
0.0
 10
323.0215013888889
 20
347.5265394444444
 30
0.0
 10
320.8366310185185
 20
347.5301848148148
 30
0.0
 10
318.6517606481481
 20
347.5338301851851
 30
0.0
 10
316.4668902777777
 20
347.5374755555555
 30
0.0
 10
304.7335013888889
 20
347.5568783333333
 30
0.0
 10
300.7908569444444
 20
342.0602477777778
 30
0.0
 10
295.2183791666666
 20
336.5660866666666
 30
0.0
 10
295.0307013888889
 20
336.1819116666666
 30
0.0
 10
295.1076069444444
 20
335.7233005555555
 30
0.0
 10
295.4102902777777
 20
335.4227338888888
 30
0.0
 10
295.8458532407407
 20
334.9845838888888
 30
0.0
 10
296.2814162037037
 20
334.5464338888888
 30
0.0
 10
296.7169791666666
 20
334.1082838888888
 30
0.0
 10
296.8863125
 20
334.1396811111111
 30
0.0
 10
297.9136013888889
 20
334.617695
 30
0.0
 10
298.8220041666666
 20
335.5229227777777
 30
0.0
 10
299.7970819444444
 20
336.5018811111111
 30
0.0
 10
300.3096680555556
 20
337.0903144444444
 30
0.0
 10
300.5537902777778
 20
337.3263227777778
 30
0.0
 10
301.0248662037037
 20
337.7982218518518
 30
0.0
 10
301.4959421296296
 20
338.2701209259259
 30
0.0
 10
301.9670180555556
 20
338.74202
 30
0.0
 10
302.6737495370371
 20
338.0352885185185
 30
0.0
 10
303.3804810185185
 20
337.328557037037
 30
0.0
 10
304.0872125
 20
336.6218255555555
 30
0.0
 10
303.6171949074074
 20
336.1511024074073
 30
0.0
 10
303.1471773148148
 20
335.6803792592593
 30
0.0
 10
302.6771597222222
 20
335.2096561111111
 30
0.0
 10
302.4369180555556
 20
334.9665922222222
 30
0.0
 10
301.8541291666666
 20
334.4561227777777
 30
0.0
 10
300.8681152777777
 20
333.4697561111111
 30
0.0
 10
299.9494819444444
 20
332.5472422222222
 30
0.0
 10
299.4749958333333
 20
331.5178366666667
 30
0.0
 10
299.4605319444444
 20
331.3626144444444
 30
0.0
 10
299.8221291666666
 20
330.9986653703703
 30
0.0
 10
300.1837263888888
 20
330.6347162962963
 30
0.0
 10
300.5453236111111
 20
330.2707672222222
 30
0.0
 10
300.9397291666667
 20
329.8820061111111
 30
0.0
 10
301.5712013888888
 20
329.8809477777777
 30
0.0
 10
301.9564347222222
 20
330.2718255555555
 30
0.0
 10
302.4288041666667
 20
330.7414903703703
 30
0.0
 10
302.9011736111111
 20
331.2111551851851
 30
0.0
 10
303.3735430555556
 20
331.68082
 30
0.0
 10
308.0379708333333
 20
336.3329005555555
 30
0.0
 10
314.4260708333333
 20
335.9836505555555
 30
0.0
 10
321.0050236111111
 20
335.7081311111111
 30
0.0
 10
321.6705976851852
 20
335.7082487037036
 30
0.0
 10
322.3361717592592
 20
335.7083662962962
 30
0.0
 10
323.0017458333333
 20
335.7084838888888
 30
0.0
 10
323.5520791666667
 20
335.7074255555555
 30
0.0
 10
324.0008125
 20
336.1547477777777
 30
0.0
 10
323.9979902777777
 20
336.7086088888889
 30
0.0
 10
324.0016356481481
 20
338.1702848148148
 30
0.0
 10
324.0052810185185
 20
339.6319607407407
 30
0.0
 10
324.0089263888889
 20
341.0936366666666
 30
0.0
 10
323.8893347222222
 20
341.1857116666666
 30
0.0
 10
322.8211236111111
 20
341.5825866666666
 30
0.0
 10
321.5229013888888
 20
341.5882311111111
 30
0.0
 10
320.1431875
 20
341.5907005555555
 30
0.0
 10
319.3635486111111
 20
341.5353144444444
 30
0.0
 10
319.0248819444444
 20
341.5395477777777
 30
0.0
  0
SPLINE
  5
BF
330
1F
100
AcDbEntity
  8
DEFAULT
 62
   240
100
AcDbSpline
210
0.0
220
0.0
230
1.0
 70
    11
 71
     3
 72
    17
 73
    13
 74
     0
 42
0.000000001
 43
0.0000000001
 40
1.0
 40
1.0
 40
1.0
 40
1.0
 40
2.0
 40
2.0
 40
2.0
 40
3.0
 40
3.0
 40
3.0
 40
4.0
 40
4.0
 40
4.0
 40
5.0
 40
5.0
 40
5.0
 40
5.0
 10
320.4508097222222
 20
337.6388838888889
 30
0.0
 10
319.8440319444444
 20
337.6399422222222
 30
0.0
 10
319.3508486111111
 20
338.1345366666666
 30
0.0
 10
319.3519069444444
 20
338.7413144444444
 30
0.0
 10
319.3529652777777
 20
339.3480922222222
 30
0.0
 10
319.8475597222222
 20
339.8412755555555
 30
0.0
 10
320.4543375
 20
339.8402172222222
 30
0.0
 10
321.0611152777778
 20
339.8391588888888
 30
0.0
 10
321.5542986111111
 20
339.3445644444444
 30
0.0
 10
321.5532402777778
 20
338.7377866666666
 30
0.0
 10
321.5521819444444
 20
338.1310088888889
 30
0.0
 10
321.0575875
 20
337.6378255555555
 30
0.0
 10
320.4508097222222
 20
337.6388838888889
 30
0.0
  0
SPLINE
  5
C0
330
1F
100
AcDbEntity
  8
DEFAULT
 62
   240
100
AcDbSpline
210
0.0
220
0.0
230
1.0
 70
    11
 71
     3
 72
    53
 73
    49
 74
     0
 42
0.000000001
 43
0.0000000001
 40
1.0
 40
1.0
 40
1.0
 40
1.0
 40
2.0
 40
2.0
 40
2.0
 40
3.0
 40
3.0
 40
3.0
 40
4.0
 40
4.0
 40
4.0
 40
5.0
 40
5.0
 40
5.0
 40
6.0
 40
6.0
 40
6.0
 40
7.0
 40
7.0
 40
7.0
 40
23.52012397047914
 40
23.52012397047914
 40
23.52012397047914
 40
24.52012397047914
 40
24.52012397047914
 40
24.52012397047914
 40
25.52012397047914
 40
25.52012397047914
 40
25.52012397047914
 40
31.20917046352168
 40
31.20917046352168
 40
31.20917046352168
 40
39.72417046352166
 40
39.72417046352166
 40
39.72417046352166
 40
45.38817081662898
 40
45.38817081662898
 40
45.38817081662898
 40
46.38817081662898
 40
46.38817081662898
 40
46.38817081662898
 40
47.38817081662898
 40
47.38817081662898
 40
47.38817081662898
 40
62.75617719351474
 40
62.75617719351474
 40
62.75617719351474
 40
63.75617719351474
 40
63.75617719351474
 40
63.75617719351474
 40
63.75617719351474
 10
266.9432755555555
 20
322.0416963888889
 30
0.0
 10
262.8955033333333
 20
319.2328797222222
 30
0.0
 10
257.0690255555555
 20
317.9074936111111
 30
0.0
 10
254.239395
 20
318.4557102777778
 30
0.0
 10
245.927245
 20
320.0664936111111
 30
0.0
 10
244.193695
 20
330.4064102777778
 30
0.0
 10
238.8960311111111
 20
336.9095158333333
 30
0.0
 10
234.0365172222222
 20
342.8746352777777
 30
0.0
 10
238.0267866666667
 20
342.1228658333333
 30
0.0
 10
243.16182
 20
344.8865269444444
 30
0.0
 10
251.5431144444444
 20
349.3999658333333
 30
0.0
 10
249.9863061111111
 20
353.2159630555555
 30
0.0
 10
259.1938061111111
 20
353.9077602777778
 30
0.0
 10
266.2130255555555
 20
354.4341047222222
 30
0.0
 10
273.2901005555556
 20
362.6749936111111
 30
0.0
 10
275.1682894444444
 20
357.4598797222222
 30
0.0
 10
275.9761505555555
 20
355.2119797222222
 30
0.0
 10
273.6820366666666
 20
354.1832797222222
 30
0.0
 10
273.7730533333333
 20
349.8321186111111
 30
0.0
 10
273.7655274074074
 20
347.8894889814815
 30
0.0
 10
273.7580014814815
 20
345.9468593518518
 30
0.0
 10
273.7504755555556
 20
344.0042297222222
 30
0.0
 10
273.61007
 20
343.9093324999999
 30
0.0
 10
272.5460922222222
 20
343.5188075
 30
0.0
 10
271.2626866666666
 20
343.5159852777778
 30
0.0
 10
269.87627
 20
343.5188075
 30
0.0
 10
269.0991005555555
 20
343.5689019444444
 30
0.0
 10
268.7639616666667
 20
343.5653741666666
 30
0.0
 10
268.0949774074074
 20
343.5680787962962
 30
0.0
 10
267.4259931481482
 20
343.5707834259259
 30
0.0
 10
266.7570088888889
 20
343.5734880555555
 30
0.0
 10
266.7570088888889
 20
342.5721871296296
 30
0.0
 10
266.7570088888889
 20
341.5708862037036
 30
0.0
 10
266.7570088888889
 20
340.5695852777777
 30
0.0
 10
267.4230533333333
 20
340.5698204629629
 30
0.0
 10
268.0890977777778
 20
340.5700556481482
 30
0.0
 10
268.7551422222222
 20
340.5702908333333
 30
0.0
 10
269.0962783333333
 20
340.5688797222222
 30
0.0
 10
269.8748588888889
 20
340.6193269444444
 30
0.0
 10
271.2591588888889
 20
340.6239130555555
 30
0.0
 10
272.5580866666667
 20
340.6133297222222
 30
0.0
 10
273.6312366666667
 20
340.2182186111111
 30
0.0
 10
273.7462422222222
 20
340.1243797222222
 30
0.0
 10
273.7445959259259
 20
338.3172167592592
 30
0.0
 10
273.7429496296296
 20
336.5100537962963
 30
0.0
 10
273.7413033333333
 20
334.7028908333333
 30
0.0
 10
269.3188811111111
 20
332.3544491666666
 30
0.0
 10
266.2458338888889
 20
327.0098658333333
 30
0.0
 10
266.9432755555555
 20
322.0416963888889
 30
0.0
  0
SPLINE
  5
C1
330
1F
100
AcDbEntity
  8
DEFAULT
 62
   240
100
AcDbSpline
210
0.0
220
0.0
230
1.0
 70
    11
 71
     3
 72
   116
 73
   112
 74
     0
 42
0.000000001
 43
0.0000000001
 40
1.0
 40
1.0
 40
1.0
 40
1.0
 40
2.009999999999991
 40
2.009999999999991
 40
2.009999999999991
 40
3.009999999999991
 40
3.009999999999991
 40
3.009999999999991
 40
4.009999999999991
 40
4.009999999999991
 40
4.009999999999991
 40
19.36028664227483
 40
19.36028664227483
 40
19.36028664227483
 40
20.36028664227483
 40
20.36028664227483
 40
20.36028664227483
 40
21.36028664227483
 40
21.36028664227483
 40
21.36028664227483
 40
27.02230924908235
 40
27.02230924908235
 40
27.02230924908235
 40
35.52610840005003
 40
35.52610840005003
 40
35.52610840005003
 40
41.20175814259045
 40
41.20175814259045
 40
41.20175814259045
 40
42.20175814259045
 40
42.20175814259045
 40
42.20175814259045
 40
43.20175814259045
 40
43.20175814259045
 40
43.20175814259045
 40
59.72142218275788
 40
59.72142218275788
 40
59.72142218275788
 40
60.72142218275788
 40
60.72142218275788
 40
60.72142218275788
 40
61.72142218275788
 40
61.72142218275788
 40
61.72142218275788
 40
62.72142218275788
 40
62.72142218275788
 40
62.72142218275788
 40
63.72142218275788
 40
63.72142218275788
 40
63.72142218275788
 40
64.72142218275788
 40
64.72142218275788
 40
64.72142218275788
 40
65.72142218275788
 40
65.72142218275788
 40
65.72142218275788
 40
82.24108622292533
 40
82.24108622292533
 40
82.24108622292533
 40
83.24108622292533
 40
83.24108622292533
 40
83.24108622292533
 40
84.24108622292533
 40
84.24108622292533
 40
84.24108622292533
 40
89.91673596546575
 40
89.91673596546575
 40
89.91673596546575
 40
98.42053511643344
 40
98.42053511643344
 40
98.42053511643344
 40
104.0825577232412
 40
104.0825577232412
 40
104.0825577232412
 40
105.0825577232412
 40
105.0825577232412
 40
105.0825577232412
 40
106.0825577232412
 40
106.0825577232412
 40
106.0825577232412
 40
121.432844365516
 40
121.432844365516
 40
121.432844365516
 40
122.432844365516
 40
122.432844365516
 40
122.432844365516
 40
123.442844365516
 40
123.442844365516
 40
123.442844365516
 40
124.442844365516
 40
124.442844365516
 40
124.442844365516
 40
125.442844365516
 40
125.442844365516
 40
125.442844365516
 40
126.442844365516
 40
126.442844365516
 40
126.442844365516
 40
134.9528443655161
 40
134.9528443655161
 40
134.9528443655161
 40
143.4528443655161
 40
143.4528443655161
 40
143.4528443655161
 40
151.9828502271789
 40
151.9828502271789
 40
151.9828502271789
 40
152.9828502271789
 40
152.9828502271789
 40
152.9828502271789
 40
153.9828502271789
 40
153.9828502271789
 40
153.9828502271789
 40
153.9828502271789
 10
373.8823202777778
 20
322.1984002777778
 30
0.0
 10
371.5292925
 20
322.1984002777778
 30
0.0
 10
369.2609313888889
 20
321.9973169444444
 30
0.0
 10
367.1654313888889
 20
321.7045113888889
 30
0.0
 10
365.5814591666667
 20
328.4249280555555
 30
0.0
 10
358.7763758333333
 20
332.5524280555555
 30
0.0
 10
352.5180980555556
 20
330.9719836111111
 30
0.0
 10
351.0822925
 20
330.6086225
 30
0.0
 10
349.7664313888889
 20
329.9171780555556
 30
0.0
 10
348.6163758333333
 20
328.9893725
 30
0.0
 10
348.273005462963
 20
330.7614928703704
 30
0.0
 10
347.9296350925926
 20
332.5336132407407
 30
0.0
 10
347.5862647222222
 20
334.3057336111111
 30
0.0
 10
347.6815147222222
 20
334.4221502777777
 30
0.0
 10
348.6516536111111
 20
335.0148169444444
 30
0.0
 10
349.9357647222222
 20
335.2652891666666
 30
0.0
 10
351.2974869444445
 20
335.5263447222222
 30
0.0
 10
352.0665425
 20
335.6251225
 30
0.0
 10
352.4016813888889
 20
335.6956780555555
 30
0.0
 10
353.0554962037037
 20
335.8215021296296
 30
0.0
 10
353.7093110185185
 20
335.9473262037037
 30
0.0
 10
354.3631258333333
 20
336.0731502777778
 30
0.0
 10
354.1738017592592
 20
337.0550484259259
 30
0.0
 10
353.9844776851851
 20
338.0369465740741
 30
0.0
 10
353.7951536111111
 20
339.0188447222222
 30
0.0
 10
353.1401628703704
 20
338.8906687962963
 30
0.0
 10
352.4851721296297
 20
338.7624928703704
 30
0.0
 10
351.8301813888889
 20
338.6343169444444
 30
0.0
 10
351.4950425
 20
338.5743447222222
 30
0.0
 10
350.7436258333333
 20
338.3732613888889
 30
0.0
 10
349.3854313888889
 20
338.1122058333333
 30
0.0
 10
348.1119036111111
 20
337.8652613888889
 30
0.0
 10
346.9794869444444
 20
338.0522336111111
 30
0.0
 10
346.8489591666666
 20
338.1192613888888
 30
0.0
 10
346.4867739814815
 20
340.0277891666667
 30
0.0
 10
346.1245887962962
 20
341.9363169444444
 30
0.0
 10
345.7624036111111
 20
343.8448447222222
 30
0.0
 10
345.4378480555555
 20
346.2825391666667
 30
0.0
 10
345.4060980555556
 20
348.2192891666666
 30
0.0
 10
352.8461813888889
 20
350.0184558333333
 30
0.0
 10
355.8871258333334
 20
350.7557613888889
 30
0.0
 10
357.9085425
 20
354.2165113888889
 30
0.0
 10
362.8474313888889
 20
355.5852891666667
 30
0.0
 10
367.7863202777778
 20
356.9505391666667
 30
0.0
 10
368.8199591666667
 20
351.7929280555555
 30
0.0
 10
375.8190702777778
 20
351.7929280555555
 30
0.0
 10
382.8181813888889
 20
351.7929280555555
 30
0.0
 10
383.8518202777778
 20
356.9505391666667
 30
0.0
 10
388.7907091666667
 20
355.5852891666667
 30
0.0
 10
393.7295980555555
 20
354.2165113888889
 30
0.0
 10
395.7510147222222
 20
350.7557613888889
 30
0.0
 10
398.7919591666666
 20
350.0184558333333
 30
0.0
 10
406.2285147222223
 20
348.2192891666666
 30
0.0
 10
406.1967647222222
 20
346.2825391666667
 30
0.0
 10
405.8757369444444
 20
343.8448447222222
 30
0.0
 10
405.5135517592592
 20
341.9363169444444
 30
0.0
 10
405.151366574074
 20
340.0277891666667
 30
0.0
 10
404.7891813888888
 20
338.1192613888888
 30
0.0
 10
404.6586536111111
 20
338.0522336111111
 30
0.0
 10
403.5262369444444
 20
337.8652613888889
 30
0.0
 10
402.2527091666667
 20
338.1122058333333
 30
0.0
 10
400.8945147222222
 20
338.3732613888889
 30
0.0
 10
400.1430980555556
 20
338.5743447222222
 30
0.0
 10
399.8079591666666
 20
338.6343169444444
 30
0.0
 10
399.152968425926
 20
338.7624928703704
 30
0.0
 10
398.4979776851853
 20
338.8906687962963
 30
0.0
 10
397.8429869444445
 20
339.0188447222222
 30
0.0
 10
397.6536628703704
 20
338.0369465740741
 30
0.0
 10
397.4643387962963
 20
337.0550484259259
 30
0.0
 10
397.2750147222222
 20
336.0731502777778
 30
0.0
 10
397.928829537037
 20
335.9473262037037
 30
0.0
 10
398.5826443518518
 20
335.8215021296296
 30
0.0
 10
399.2364591666667
 20
335.6956780555555
 30
0.0
 10
399.5715980555555
 20
335.6251225
 30
0.0
 10
400.3406536111111
 20
335.5263447222222
 30
0.0
 10
401.7023758333333
 20
335.2652891666666
 30
0.0
 10
402.9864869444444
 20
335.0148169444444
 30
0.0
 10
403.9566258333333
 20
334.4221502777777
 30
0.0
 10
404.0518758333333
 20
334.3057336111111
 30
0.0
 10
403.7085054629629
 20
332.5336132407407
 30
0.0
 10
403.3651350925927
 20
330.7614928703704
 30
0.0
 10
403.0217647222222
 20
328.9893725
 30
0.0
 10
401.8717091666666
 20
329.9171780555556
 30
0.0
 10
400.5558480555555
 20
330.6086225
 30
0.0
 10
399.1200425
 20
330.9719836111111
 30
0.0
 10
392.8617647222222
 20
332.5524280555555
 30
0.0
 10
386.0566813888889
 20
328.4249280555555
 30
0.0
 10
384.4727091666667
 20
321.7009836111111
 30
0.0
 10
382.3772091666667
 20
321.9973169444444
 30
0.0
 10
380.1405980555556
 20
322.1984002777778
 30
0.0
 10
377.7875702777778
 20
322.1984002777778
 30
0.0
 10
377.7275980555556
 20
322.1984002777778
 30
0.0
 10
377.2830980555556
 20
323.3131780555555
 30
0.0
 10
377.2795702777778
 20
324.6960669444445
 30
0.0
 10
377.2795702777778
 20
326.0824836111111
 30
0.0
 10
377.3289591666667
 20
326.8585947222222
 30
0.0
 10
377.3254313888889
 20
327.2007891666667
 30
0.0
 10
377.3254313888889
 20
328.2015021296297
 30
0.0
 10
377.3254313888889
 20
329.2022150925926
 30
0.0
 10
377.3254313888889
 20
330.2029280555556
 30
0.0
 10
376.3258943518519
 20
330.2029280555556
 30
0.0
 10
375.3263573148149
 20
330.2029280555556
 30
0.0
 10
374.3268202777778
 20
330.2029280555556
 30
0.0
 10
374.3279962037037
 20
329.1998632407407
 30
0.0
 10
374.3291721296296
 20
328.1967984259259
 30
0.0
 10
374.3303480555555
 20
327.1937336111111
 30
0.0
 10
374.3268202777778
 20
326.8550669444444
 30
0.0
 10
374.3797369444445
 20
326.0789558333333
 30
0.0
 10
374.3797369444445
 20
324.6960669444445
 30
0.0
 10
374.3797369444445
 20
323.3660947222222
 30
0.0
 10
373.9599313888889
 20
322.2689558333333
 30
0.0
 10
373.8823202777778
 20
322.1984002777778
 30
0.0
  0
POLYLINE
  5
C2
330
1F
100
AcDbEntity
  8
DEFAULT
 62
   250
100
AcDb2dPolyline
 66
     1
 10
0.0
 20
0.0
 30
0.0
  0
VERTEX
  5
C3
330
C2
100
AcDbEntity
  8
DEFAULT
 62
   250
100
AcDbVertex
100
AcDb2dVertex
 10
256.7353330555555
 20
407.9799505555555
 30
0.0
  0
VERTEX
  5
C4
330
C2
100
AcDbEntity
  8
DEFAULT
 62
   250
100
AcDbVertex
100
AcDb2dVertex
 10
256.7353330555555
 20
404.9813394444444
 30
0.0
  0
SEQEND
  5
C5
330
C2
100
AcDbEntity
  8
DEFAULT
 62
   250
  0
SPLINE
  5
C6
330
1F
100
AcDbEntity
  8
DEFAULT
 62
   240
100
AcDbSpline
210
0.0
220
0.0
230
1.0
 70
    11
 71
     3
 72
    56
 73
    52
 74
     0
 42
0.000000001
 43
0.0000000001
 40
1.0
 40
1.0
 40
1.0
 40
1.0
 40
2.0
 40
2.0
 40
2.0
 40
3.0
 40
3.0
 40
3.0
 40
4.0
 40
4.0
 40
4.0
 40
5.0
 40
5.0
 40
5.0
 40
6.0
 40
6.0
 40
6.0
 40
7.0
 40
7.0
 40
7.0
 40
8.0
 40
8.0
 40
8.0
 40
9.0
 40
9.0
 40
9.0
 40
17.5000235293792
 40
17.5000235293792
 40
17.5000235293792
 40
26.0000764703908
 40
26.0000764703908
 40
26.0000764703908
 40
34.52008233893336
 40
34.52008233893336
 40
34.52008233893336
 40
35.52008233893336
 40
35.52008233893336
 40
35.52008233893336
 40
36.52008233893336
 40
36.52008233893336
 40
36.52008233893336
 40
37.52008233893336
 40
37.52008233893336
 40
37.52008233893336
 40
38.52008233893336
 40
38.52008233893336
 40
38.52008233893336
 40
39.52008233893336
 40
39.52008233893336
 40
39.52008233893336
 40
40.52008233893336
 40
40.52008233893336
 40
40.52008233893336
 40
40.52008233893336
 10
269.6017736111111
 20
411.4944638888888
 30
0.0
 10
271.8877736111111
 20
411.9283805555555
 30
0.0
 10
274.8158291666666
 20
413.8404361111111
 30
0.0
 10
276.2163569444444
 20
408.6228527777777
 30
0.0
 10
277.1547458333333
 20
405.1338805555555
 30
0.0
 10
275.1474402777778
 20
403.3382416666667
 30
0.0
 10
271.1575236111111
 20
405.1832694444444
 30
0.0
 10
267.1640791666667
 20
407.031825
 30
0.0
 10
271.5138291666667
 20
397.1117138888889
 30
0.0
 10
264.6664125
 20
400.0679916666666
 30
0.0
 10
257.5579402777778
 20
403.1371583333333
 30
0.0
 10
250.8974958333333
 20
398.3746583333333
 30
0.0
 10
249.2323847222222
 20
399.7011027777777
 30
0.0
 10
247.5954958333333
 20
401.0099083333333
 30
0.0
 10
246.8617180555555
 20
400.650075
 30
0.0
 10
246.5406902777778
 20
401.1122138888888
 30
0.0
 10
246.3290236111111
 20
401.4156027777778
 30
0.0
 10
246.7241347222222
 20
402.8267138888889
 30
0.0
 10
246.7241347222222
 20
404.5412138888889
 30
0.0
 10
246.7241347222222
 20
404.6011861111111
 30
0.0
 10
247.8389125
 20
405.0421583333333
 30
0.0
 10
249.2218013888889
 20
405.0421583333333
 30
0.0
 10
250.6082180555555
 20
405.0386305555555
 30
0.0
 10
251.3843291666666
 20
404.9857138888888
 30
0.0
 10
251.7265236111111
 20
404.9892416666666
 30
0.0
 10
252.7260606481481
 20
404.9868898148147
 30
0.0
 10
253.7255976851851
 20
404.9845379629629
 30
0.0
 10
254.7251347222222
 20
404.982186111111
 30
0.0
 10
254.7286625
 20
405.9817231481481
 30
0.0
 10
254.7321902777777
 20
406.9812601851851
 30
0.0
 10
254.7357180555555
 20
407.9807972222222
 30
0.0
 10
253.7338291666667
 20
407.9819731481481
 30
0.0
 10
252.7319402777778
 20
407.9831490740741
 30
0.0
 10
251.7300513888889
 20
407.984325
 30
0.0
 10
251.3913847222222
 20
407.9878527777777
 30
0.0
 10
250.6117458333333
 20
407.9384638888889
 30
0.0
 10
249.2323847222222
 20
407.9419916666666
 30
0.0
 10
247.9024125
 20
407.9455194444444
 30
0.0
 10
246.8052736111111
 20
408.3688527777778
 30
0.0
 10
246.7347180555556
 20
408.4464638888888
 30
0.0
 10
246.7347180555556
 20
409.2366861111111
 30
0.0
 10
247.3238569444444
 20
409.9246027777777
 30
0.0
 10
248.3116347222222
 20
410.5172694444444
 30
0.0
 10
249.3770236111111
 20
411.1557972222222
 30
0.0
 10
250.8869125
 20
411.6426305555556
 30
0.0
 10
252.5943569444444
 20
411.9954083333333
 30
0.0
 10
258.3199402777777
 20
413.1736861111111
 30
0.0
 10
266.3244680555555
 20
412.842075
 30
0.0
 10
267.7285236111111
 20
411.7661027777777
 30
0.0
 10
268.2506347222222
 20
411.3639361111111
 30
0.0
 10
268.8962180555556
 20
411.3604083333333
 30
0.0
 10
269.6017736111111
 20
411.4944638888888
 30
0.0
  0
POLYLINE
  5
C7
330
1F
100
AcDbEntity
  8
DEFAULT
 62
   250
100
AcDb2dPolyline
 66
     1
 10
0.0
 20
0.0
 30
0.0
  0
VERTEX
  5
C8
330
C7
100
AcDbEntity
  8
DEFAULT
 62
   250
100
AcDbVertex
100
AcDb2dVertex
 10
318.5893425
 20
407.9822436111111
 30
0.0
  0
VERTEX
  5
C9
330
C7
100
AcDbEntity
  8
DEFAULT
 62
   250
100
AcDbVertex
100
AcDb2dVertex
 10
318.5893425
 20
404.9836325
 30
0.0
  0
SEQEND
  5
CA
330
C7
100
AcDbEntity
  8
DEFAULT
 62
   250
  0
POLYLINE
  5
CB
330
1F
100
AcDbEntity
  8
DEFAULT
 62
   250
100
AcDb2dPolyline
 66
     1
 10
0.0
 20
0.0
 30
0.0
  0
VERTEX
  5
CC
330
CB
100
AcDbEntity
  8
DEFAULT
 62
   250
100
AcDbVertex
100
AcDb2dVertex
 10
317.5893233333333
 20
407.9822788888889
 30
0.0
  0
VERTEX
  5
CD
330
CB
100
AcDbEntity
  8
DEFAULT
 62
   250
100
AcDbVertex
100
AcDb2dVertex
 10
317.5893233333333
 20
404.9836677777778
 30
0.0
  0
SEQEND
  5
CE
330
CB
100
AcDbEntity
  8
DEFAULT
 62
   250
  0
SPLINE
  5
CF
330
1F
100
AcDbEntity
  8
DEFAULT
 62
   240
100
AcDbSpline
210
0.0
220
0.0
230
1.0
 70
    11
 71
     3
 72
    62
 73
    58
 74
     0
 42
0.000000001
 43
0.0000000001
 40
1.0
 40
1.0
 40
1.0
 40
1.0
 40
2.0
 40
2.0
 40
2.0
 40
3.0
 40
3.0
 40
3.0
 40
4.0
 40
4.0
 40
4.0
 40
5.0
 40
5.0
 40
5.0
 40
6.0
 40
6.0
 40
6.0
 40
7.0
 40
7.0
 40
7.0
 40
8.0
 40
8.0
 40
8.0
 40
9.0
 40
9.0
 40
9.0
 40
10.0
 40
10.0
 40
10.0
 40
11.0
 40
11.0
 40
11.0
 40
19.50400846659976
 40
19.50400846659976
 40
19.50400846659976
 40
27.99900846659988
 40
27.99900846659988
 40
27.99900846659988
 40
36.52301996354191
 40
36.52301996354191
 40
36.52301996354191
 40
37.52301996354191
 40
37.52301996354191
 40
37.52301996354191
 40
38.52301996354191
 40
38.52301996354191
 40
38.52301996354191
 40
39.52301996354191
 40
39.52301996354191
 40
39.52301996354191
 40
40.52301996354191
 40
40.52301996354191
 40
40.52301996354191
 40
41.52301996354191
 40
41.52301996354191
 40
41.52301996354191
 40
42.52301996354191
 40
42.52301996354191
 40
42.52301996354191
 40
42.52301996354191
 10
328.7124772222222
 20
412.8690977777778
 30
0.0
 10
330.9981244444444
 20
413.4215477777778
 30
0.0
 10
333.7758966666667
 20
416.6886227777778
 30
0.0
 10
336.2717994444444
 20
411.3895477777778
 30
0.0
 10
337.8152022222222
 20
408.1192977777778
 30
0.0
 10
336.1557355555556
 20
405.9991033333333
 30
0.0
 10
331.9026466666667
 20
407.1075311111111
 30
0.0
 10
328.3110161111111
 20
408.0452144444444
 30
0.0
 10
332.1771077777778
 20
403.1211422222222
 30
0.0
 10
329.1456883333333
 20
401.6744005555556
 30
0.0
 10
328.4680022222222
 20
401.4362755555556
 30
0.0
 10
327.8291216666667
 20
401.343495
 30
0.0
 10
327.2530355555555
 20
401.6627588888888
 30
0.0
 10
325.7036355555555
 20
402.5168338888889
 30
0.0
 10
317.7396772222222
 20
401.6479422222222
 30
0.0
 10
312.2543355555555
 20
399.6272311111111
 30
0.0
 10
311.4891605555555
 20
399.4504894444444
 30
0.0
 10
310.4646938888889
 20
399.4063922222222
 30
0.0
 10
310.1157966666667
 20
399.6854394444444
 30
0.0
 10
308.4739688888889
 20
400.9857783333333
 30
0.0
 10
307.7401911111111
 20
400.6248866666666
 30
0.0
 10
307.4170466666666
 20
401.0863199999999
 30
0.0
 10
307.2074966666666
 20
401.3865338888889
 30
0.0
 10
307.5966105555555
 20
402.8011727777778
 30
0.0
 10
307.5906133333333
 20
404.5163783333334
 30
0.0
 10
307.5892022222222
 20
404.5731755555555
 30
0.0
 10
308.7025688888889
 20
405.0197922222222
 30
0.0
 10
310.0861633333333
 20
405.0254366666667
 30
0.0
 10
311.4739911111111
 20
405.0250838888889
 30
0.0
 10
312.2486911111111
 20
404.9742838888889
 30
0.0
 10
312.5905327777778
 20
404.9795755555555
 30
0.0
 10
313.5905401851851
 20
404.9809866666666
 30
0.0
 10
314.5905475925926
 20
404.9823977777777
 30
0.0
 10
315.590555
 20
404.9838088888889
 30
0.0
 10
315.590555
 20
405.982757962963
 30
0.0
 10
315.590555
 20
406.981707037037
 30
0.0
 10
315.590555
 20
407.9806561111111
 30
0.0
 10
314.5881957407407
 20
407.9790098148148
 30
0.0
 10
313.5858364814815
 20
407.9773635185185
 30
0.0
 10
312.5834772222222
 20
407.9757172222222
 30
0.0
 10
312.244105
 20
407.9778338888889
 30
0.0
 10
311.4672883333333
 20
407.9245644444444
 30
0.0
 10
310.0868688888889
 20
407.9228005555556
 30
0.0
 10
308.7558383333333
 20
407.9249172222222
 30
0.0
 10
307.6576411111111
 20
408.3440172222222
 30
0.0
 10
307.5856744444445
 20
408.4188061111111
 30
0.0
 10
307.5835577777777
 20
409.2104394444444
 30
0.0
 10
308.1716383333333
 20
409.8990616666666
 30
0.0
 10
309.1551827777778
 20
410.49702
 30
0.0
 10
309.6423688888889
 20
410.7919422222222
 30
0.0
 10
310.2078716666667
 20
411.0628755555556
 30
0.0
 10
310.8262911111111
 20
411.3137005555555
 30
0.0
 10
316.1077272222222
 20
413.4321311111111
 30
0.0
 10
325.5353605555555
 20
413.9193172222222
 30
0.0
 10
327.3613383333333
 20
412.9788116666666
 30
0.0
 10
327.7867883333333
 20
412.7611477777778
 30
0.0
 10
328.2404605555556
 20
412.7583255555555
 30
0.0
 10
328.7124772222222
 20
412.8690977777778
 30
0.0
  0
POLYLINE
  5
D0
330
1F
100
AcDbEntity
  8
DEFAULT
 62
   250
100
AcDb2dPolyline
 66
     1
 10
0.0
 20
0.0
 30
0.0
  0
VERTEX
  5
D1
330
D0
100
AcDbEntity
  8
DEFAULT
 62
   250
100
AcDbVertex
100
AcDb2dVertex
 10
325.7634666666667
 20
469.1600486111112
 30
0.0
  0
VERTEX
  5
D2
330
D0
100
AcDbEntity
  8
DEFAULT
 62
   250
100
AcDbVertex
100
AcDb2dVertex
 10
325.76135
 20
466.1614375000001
 30
0.0
  0
SEQEND
  5
D3
330
D0
100
AcDbEntity
  8
DEFAULT
 62
   250
  0
POLYLINE
  5
D4
330
1F
100
AcDbEntity
  8
DEFAULT
 62
   250
100
AcDb2dPolyline
 66
     1
 10
0.0
 20
0.0
 30
0.0
  0
VERTEX
  5
D5
330
D4
100
AcDbEntity
  8
DEFAULT
 62
   250
100
AcDbVertex
100
AcDb2dVertex
 10
326.7634505555556
 20
469.1593783333334
 30
0.0
  0
VERTEX
  5
D6
330
D4
100
AcDbEntity
  8
DEFAULT
 62
   250
100
AcDbVertex
100
AcDb2dVertex
 10
326.7613338888889
 20
466.1607672222223
 30
0.0
  0
SEQEND
  5
D7
330
D4
100
AcDbEntity
  8
DEFAULT
 62
   250
  0
SPLINE
  5
D8
330
1F
100
AcDbEntity
  8
DEFAULT
 62
   240
100
AcDbSpline
210
0.0
220
0.0
230
1.0
 70
    11
 71
     3
 72
    77
 73
    73
 74
     0
 42
0.000000001
 43
0.0000000001
 40
1.0
 40
1.0
 40
1.0
 40
1.0
 40
2.0
 40
2.0
 40
2.0
 40
3.0
 40
3.0
 40
3.0
 40
4.0
 40
4.0
 40
4.0
 40
12.50400376293428
 40
12.50400376293428
 40
12.50400376293428
 40
21.00200376293432
 40
21.00200376293432
 40
21.00200376293432
 40
29.52402723157138
 40
29.52402723157138
 40
29.52402723157138
 40
30.52402723157138
 40
30.52402723157138
 40
30.52402723157138
 40
31.52402723157138
 40
31.52402723157138
 40
31.52402723157138
 40
32.52402723157138
 40
32.52402723157138
 40
32.52402723157138
 40
33.52402723157138
 40
33.52402723157138
 40
33.52402723157138
 40
34.52402723157138
 40
34.52402723157138
 40
34.52402723157138
 40
35.52402723157138
 40
35.52402723157138
 40
35.52402723157138
 40
36.52402723157138
 40
36.52402723157138
 40
36.52402723157138
 40
37.52402723157138
 40
37.52402723157138
 40
37.52402723157138
 40
38.52402723157138
 40
38.52402723157138
 40
38.52402723157138
 40
39.52402723157138
 40
39.52402723157138
 40
39.52402723157138
 40
48.01453393023203
 40
48.01453393023203
 40
48.01453393023203
 40
56.51814663307794
 40
56.51814663307794
 40
56.51814663307794
 40
65.04824844958624
 40
65.04824844958624
 40
65.04824844958624
 40
66.04824844958624
 40
66.04824844958624
 40
66.04824844958624
 40
67.04824844958624
 40
67.04824844958624
 40
67.04824844958624
 40
74.95058886240066
 40
74.95058886240066
 40
74.95058886240066
 40
75.95058886240066
 40
75.95058886240066
 40
75.95058886240066
 40
76.95058886240066
 40
76.95058886240066
 40
76.95058886240066
 40
76.95058886240066
 10
335.0005294444444
 20
459.7221494444444
 30
0.0
 10
335.9876016666666
 20
460.0223633333333
 30
0.0
 10
336.7594794444444
 20
462.5800022222222
 30
0.0
 10
336.7637127777778
 20
465.6922077777778
 30
0.0
 10
336.760185
 20
465.75218
 30
0.0
 10
335.6457599999999
 20
466.1973855555555
 30
0.0
 10
334.2642822222222
 20
466.2016188888888
 30
0.0
 10
332.8771599999999
 20
466.2016188888888
 30
0.0
 10
332.1035183333333
 20
466.1529355555555
 30
0.0
 10
331.7613238888889
 20
466.1578744444444
 30
0.0
 10
330.7613164814814
 20
466.1588151851851
 30
0.0
 10
329.761309074074
 20
466.1597559259258
 30
0.0
 10
328.7613016666666
 20
466.1606966666666
 30
0.0
 10
328.7613016666666
 20
467.1599985185185
 30
0.0
 10
328.7613016666666
 20
468.1593003703703
 30
0.0
 10
328.7613016666666
 20
469.1586022222222
 30
0.0
 10
329.7634257407407
 20
469.1562503703703
 30
0.0
 10
330.7655498148147
 20
469.1538985185185
 30
0.0
 10
331.7676738888889
 20
469.1515466666667
 30
0.0
 10
332.1077516666666
 20
469.1575438888889
 30
0.0
 10
332.8838627777777
 20
469.1007466666666
 30
0.0
 10
334.2663988888888
 20
469.1014522222222
 30
0.0
 10
335.5970766666666
 20
469.0993355555555
 30
0.0
 10
336.6924516666667
 20
469.5201994444445
 30
0.0
 10
336.7647711111111
 20
469.5978105555555
 30
0.0
 10
336.7661822222222
 20
471.1722577777778
 30
0.0
 10
335.8909405555555
 20
472.4479022222222
 30
0.0
 10
334.81391
 20
472.448255
 30
0.0
 10
332.4192544444444
 20
472.4503716666666
 30
0.0
 10
330.1046794444444
 20
472.4027466666666
 30
0.0
 10
328.0532766666666
 20
472.4461383333333
 30
0.0
 10
327.9534405555555
 20
472.4263827777777
 30
0.0
 10
327.8536044444444
 20
472.4270883333332
 30
0.0
 10
327.7597655555555
 20
472.4521355555555
 30
0.0
 10
321.8546183333333
 20
472.6073577777778
 30
0.0
 10
317.1076405555555
 20
467.9545716666667
 30
0.0
 10
313.7932933333333
 20
463.2753272222221
 30
0.0
 10
310.8070294444444
 20
459.0589272222222
 30
0.0
 10
308.9803461111111
 20
454.822066111111
 30
0.0
 10
308.5231461111111
 20
454.0769994444444
 30
0.0
 10
307.7244572222222
 20
452.5134883333333
 30
0.0
 10
306.6019183333333
 20
452.5275994444444
 30
0.0
 10
308.3651016666666
 20
450.4807827777778
 30
0.0
 10
308.4024961111111
 20
450.4335105555555
 30
0.0
 10
309.5437322222222
 20
450.7996938888889
 30
0.0
 10
310.6179405555555
 20
451.6795216666666
 30
0.0
 10
311.685446111111
 20
452.56323
 30
0.0
 10
312.2534183333333
 20
453.0945133333333
 30
0.0
 10
312.5180016666666
 20
453.3111188888889
 30
0.0
 10
313.2884683333332
 20
453.9461188888889
 30
0.0
 10
314.058935
 20
454.581118888889
 30
0.0
 10
314.8294016666666
 20
455.2161188888889
 30
0.0
 10
315.4671062962963
 20
454.4458874074074
 30
0.0
 10
316.1048109259259
 20
453.6756559259259
 30
0.0
 10
316.7425155555555
 20
452.9054244444443
 30
0.0
 10
315.9680507407407
 20
452.267955
 30
0.0
 10
315.1935859259259
 20
451.6304855555556
 30
0.0
 10
314.4191211111111
 20
450.9930161111111
 30
0.0
 10
314.1594766666666
 20
450.7753522222221
 30
0.0
 10
313.5280044444444
 20
450.3206216666666
 30
0.0
 10
312.4643794444444
 20
449.4436161111111
 30
0.0
 10
311.436385
 20
448.5962438888889
 30
0.0
 10
310.8564183333333
 20
447.5731883333332
 30
0.0
 10
310.8497155555555
 20
447.4694716666667
 30
0.0
 10
311.4821285185185
 20
446.7886105555555
 30
0.0
 10
312.1145414814814
 20
446.1077494444444
 30
0.0
 10
312.7469544444444
 20
445.4268883333333
 30
0.0
 10
315.8552794444444
 20
445.4900355555555
 30
0.0
 10
317.9218516666666
 20
446.0153216666666
 30
0.0
 10
320.8015766666666
 20
449.239005
 30
0.0
 10
323.8897933333333
 20
453.7746688888889
 30
0.0
 10
328.7711794444444
 20
458.841616111111
 30
0.0
 10
335.0005294444444
 20
459.7221494444444
 30
0.0
  0
POLYLINE
  5
D9
330
1F
100
AcDbEntity
  8
DEFAULT
 62
   250
100
AcDb2dPolyline
 66
     1
 10
0.0
 20
0.0
 30
0.0
  0
VERTEX
  5
DA
330
D9
100
AcDbEntity
  8
DEFAULT
 62
   250
100
AcDbVertex
100
AcDb2dVertex
 10
266.4422605555555
 20
469.1569088888889
 30
0.0
  0
VERTEX
  5
DB
330
D9
100
AcDbEntity
  8
DEFAULT
 62
   250
100
AcDbVertex
100
AcDb2dVertex
 10
266.4419077777778
 20
466.1582977777779
 30
0.0
  0
SEQEND
  5
DC
330
D9
100
AcDbEntity
  8
DEFAULT
 62
   250
  0
SPLINE
  5
DD
330
1F
100
AcDbEntity
  8
DEFAULT
 62
   240
100
AcDbSpline
210
0.0
220
0.0
230
1.0
 70
    11
 71
     3
 72
    80
 73
    76
 74
     0
 42
0.000000001
 43
0.0000000001
 40
1.0
 40
1.0
 40
1.0
 40
1.0
 40
2.0
 40
2.0
 40
2.0
 40
3.0
 40
3.0
 40
3.0
 40
4.0
 40
4.0
 40
4.0
 40
5.0
 40
5.0
 40
5.0
 40
13.49124396069268
 40
13.49124396069268
 40
13.49124396069268
 40
21.98490777556086
 40
21.98490777556086
 40
21.98490777556086
 40
30.51718636923085
 40
30.51718636923085
 40
30.51718636923085
 40
31.51718636923085
 40
31.51718636923085
 40
31.51718636923085
 40
32.51718636923084
 40
32.51718636923084
 40
32.51718636923084
 40
40.41749427462288
 40
40.41749427462288
 40
40.41749427462288
 40
41.41749427462288
 40
41.41749427462288
 40
41.41749427462288
 40
42.41749427462288
 40
42.41749427462288
 40
42.41749427462288
 40
43.41749427462288
 40
43.41749427462288
 40
43.41749427462288
 40
44.41749427462288
 40
44.41749427462288
 40
44.41749427462288
 40
45.41749427462288
 40
45.41749427462288
 40
45.41749427462288
 40
53.92249639102472
 40
53.92249639102472
 40
53.92249639102472
 40
62.41449639102468
 40
62.41449639102468
 40
62.41449639102468
 40
70.94149926425047
 40
70.94149926425047
 40
70.94149926425047
 40
71.94149926425047
 40
71.94149926425047
 40
71.94149926425047
 40
72.94149926425047
 40
72.94149926425047
 40
72.94149926425047
 40
73.94149926425047
 40
73.94149926425047
 40
73.94149926425047
 40
74.94149926425047
 40
74.94149926425047
 40
74.94149926425047
 40
75.94149926425047
 40
75.94149926425047
 40
75.94149926425047
 40
76.94149926425047
 40
76.94149926425047
 40
76.94149926425047
 40
77.94149926425047
 40
77.94149926425047
 40
77.94149926425047
 40
77.94149926425047
 10
251.8997727777778
 20
464.4562861111111
 30
0.0
 10
248.9184477777777
 20
461.3409055555555
 30
0.0
 10
246.9562977777777
 20
458.3680472222222
 30
0.0
 10
246.4176061111111
 20
457.7616222222221
 30
0.0
 10
245.3596255555555
 20
456.3621527777777
 30
0.0
 10
244.2600172222222
 20
456.5674694444444
 30
0.0
 10
245.6425533333333
 20
454.2461916666666
 30
0.0
 10
245.6683061111111
 20
454.1918638888888
 30
0.0
 10
246.8585783333333
 20
454.3544944444444
 30
0.0
 10
248.0626088888889
 20
455.0367666666666
 30
0.0
 10
249.2701672222222
 20
455.72045
 30
0.0
 10
249.9192783333333
 20
456.147311111111
 30
0.0
 10
250.2205505555555
 20
456.3148805555555
 30
0.0
 10
251.0895598148148
 20
456.8066527777778
 30
0.0
 10
251.9585690740741
 20
457.298425
 30
0.0
 10
252.8275783333333
 20
457.7901972222222
 30
0.0
 10
253.3215848148148
 20
456.9221287037037
 30
0.0
 10
253.8155912962963
 20
456.0540601851852
 30
0.0
 10
254.3095977777778
 20
455.1859916666666
 30
0.0
 10
253.4367079629629
 20
454.6912796296296
 30
0.0
 10
252.5638181481481
 20
454.1965675925926
 30
0.0
 10
251.6909283333333
 20
453.7018555555555
 30
0.0
 10
251.3974172222222
 20
453.5335805555555
 30
0.0
 10
250.6968005555555
 20
453.196325
 30
0.0
 10
249.4955922222222
 20
452.5151111111111
 30
0.0
 10
248.3381283333333
 20
451.8592972222222
 30
0.0
 10
247.5905922222222
 20
450.9512472222222
 30
0.0
 10
247.5669561111111
 20
450.8503527777777
 30
0.0
 10
248.0710755555555
 20
450.0700083333333
 30
0.0
 10
248.575195
 20
449.2896638888889
 30
0.0
 10
249.0793144444444
 20
448.5093194444444
 30
0.0
 10
252.42012
 20
447.3853694444443
 30
0.0
 10
255.7962033333333
 20
450.2880249999999
 30
0.0
 10
260.9693366666666
 20
453.640825
 30
0.0
 10
264.6784422222222
 20
456.0502972222222
 30
0.0
 10
268.0958005555555
 20
459.6962555555555
 30
0.0
 10
274.4877811111111
 20
459.6948444444444
 30
0.0
 10
275.5686922222222
 20
459.6951972222221
 30
0.0
 10
276.4414644444444
 20
462.3784249999999
 30
0.0
 10
276.4446394444444
 20
465.6952416666666
 30
0.0
 10
276.4428755555555
 20
465.7555666666666
 30
0.0
 10
275.3273922222222
 20
466.1979499999999
 30
0.0
 10
273.9462672222222
 20
466.2053583333333
 30
0.0
 10
272.5580866666666
 20
466.2021833333333
 30
0.0
 10
271.7819755555556
 20
466.1542055555555
 30
0.0
 10
271.4422505555555
 20
466.1570277777777
 30
0.0
 10
270.4421255555555
 20
466.1577333333333
 30
0.0
 10
269.4420005555555
 20
466.1584388888888
 30
0.0
 10
268.4418755555555
 20
466.1591444444444
 30
0.0
 10
268.4418755555555
 20
467.1577407407406
 30
0.0
 10
268.4418755555555
 20
468.156337037037
 30
0.0
 10
268.4418755555555
 20
469.1549333333332
 30
0.0
 10
269.4445875925925
 20
469.1541101851851
 30
0.0
 10
270.4472996296295
 20
469.153287037037
 30
0.0
 10
271.4500116666666
 20
469.1524638888888
 30
0.0
 10
271.7872672222222
 20
469.1559916666666
 30
0.0
 10
272.5619672222222
 20
469.104486111111
 30
0.0
 10
273.9448561111111
 20
469.1016638888888
 30
0.0
 10
275.2758866666667
 20
469.1041333333333
 30
0.0
 10
276.3740838888888
 20
469.5228805555555
 30
0.0
 10
276.4418172222222
 20
469.599786111111
 30
0.0
 10
276.4439338888889
 20
471.1724694444444
 30
0.0
 10
275.5679866666666
 20
472.4505833333333
 30
0.0
 10
274.4902505555555
 20
472.4516416666666
 30
0.0
 10
272.0613755555555
 20
472.4526999999999
 30
0.0
 10
269.7083477777778
 20
472.3976666666666
 30
0.0
 10
267.6361311111111
 20
472.4484666666666
 30
0.0
 10
267.6294283333333
 20
472.4456444444444
 30
0.0
 10
267.6216672222222
 20
472.4463499999999
 30
0.0
 10
267.6170811111111
 20
472.4484666666666
 30
0.0
 10
267.5560505555555
 20
472.4389416666666
 30
0.0
 10
267.4978422222222
 20
472.4417638888888
 30
0.0
 10
267.4368116666666
 20
472.4512888888888
 30
0.0
 10
261.1478422222222
 20
472.6125083333332
 30
0.0
 10
255.6949561111111
 20
468.4193916666666
 30
0.0
 10
251.8997727777778
 20
464.4562861111111
 30
0.0
  0
SPLINE
  5
DE
330
1F
100
AcDbEntity
  8
DEFAULT
 62
   240
100
AcDbSpline
210
0.0
220
0.0
230
1.0
 70
    11
 71
     3
 72
    83
 73
    79
 74
     0
 42
0.000000001
 43
0.0000000001
 40
1.0
 40
1.0
 40
1.0
 40
1.0
 40
2.0
 40
2.0
 40
2.0
 40
3.0
 40
3.0
 40
3.0
 40
4.0
 40
4.0
 40
4.0
 40
5.0
 40
5.0
 40
5.0
 40
13.50631071616815
 40
13.50631071616815
 40
13.50631071616815
 40
22.00380028662368
 40
22.00380028662368
 40
22.00380028662368
 40
30.52346888346489
 40
30.52346888346489
 40
30.52346888346489
 40
31.52346888346489
 40
31.52346888346489
 40
31.52346888346489
 40
32.52346888346489
 40
32.52346888346489
 40
32.52346888346489
 40
33.52346888346489
 40
33.52346888346489
 40
33.52346888346489
 40
34.52346888346489
 40
34.52346888346489
 40
34.52346888346489
 40
35.52346888346489
 40
35.52346888346489
 40
35.52346888346489
 40
36.52346888346489
 40
36.52346888346489
 40
36.52346888346489
 40
37.52346888346489
 40
37.52346888346489
 40
37.52346888346489
 40
45.42310760938138
 40
45.42310760938138
 40
45.42310760938138
 40
46.42310760938138
 40
46.42310760938138
 40
46.42310760938138
 40
47.42310760938138
 40
47.42310760938138
 40
47.42310760938138
 40
55.93211348551051
 40
55.93211348551051
 40
55.93211348551051
 40
64.43911348551057
 40
64.43911348551057
 40
64.43911348551057
 40
72.95312194216612
 40
72.95312194216612
 40
72.95312194216612
 40
73.95312194216612
 40
73.95312194216612
 40
73.95312194216612
 40
74.95312194216612
 40
74.95312194216612
 40
74.95312194216612
 40
75.95312194216612
 40
75.95312194216612
 40
75.95312194216612
 40
76.95312194216612
 40
76.95312194216612
 40
76.95312194216612
 40
77.95312194216612
 40
77.95312194216612
 40
77.95312194216612
 40
78.95312194216612
 40
78.95312194216612
 40
78.95312194216612
 40
78.95312194216612
 10
395.9172083333333
 20
520.659995
 30
0.0
 10
397.8137416666667
 20
521.0558116666666
 30
0.0
 10
398.8417361111111
 20
520.7686505555555
 30
0.0
 10
398.4501527777778
 20
519.5385144444443
 30
0.0
 10
397.8818277777777
 20
518.5348616666666
 30
0.0
 10
397.7107305555556
 20
517.6465672222222
 30
0.0
 10
398.097375
 20
516.9582977777777
 30
0.0
 10
398.1136027777778
 20
516.889506111111
 30
0.0
 10
397.3632444444444
 20
515.9662866666666
 30
0.0
 10
396.1705027777778
 20
515.2903644444444
 30
0.0
 10
394.9615333333333
 20
514.6070338888889
 30
0.0
 10
394.2655027777778
 20
514.2690727777778
 30
0.0
 10
393.9681111111111
 20
514.1011505555555
 30
0.0
 10
393.0968675925926
 20
513.609731111111
 30
0.0
 10
392.2256240740741
 20
513.1183116666666
 30
0.0
 10
391.3543805555556
 20
512.6268922222222
 30
0.0
 10
391.8455648148148
 20
511.7567070370371
 30
0.0
 10
392.3367490740741
 20
510.8865218518519
 30
0.0
 10
392.8279333333333
 20
510.0163366666666
 30
0.0
 10
393.7001175925926
 20
510.5092848148147
 30
0.0
 10
394.5723018518518
 20
511.002232962963
 30
0.0
 10
395.4444861111111
 20
511.495181111111
 30
0.0
 10
395.7401138888889
 20
511.6553422222221
 30
0.0
 10
396.3895777777777
 20
512.0836144444445
 30
0.0
 10
397.595725
 20
512.7630644444445
 30
0.0
 10
398.7538944444444
 20
513.4160561111111
 30
0.0
 10
399.91665
 20
513.5885644444444
 30
0.0
 10
400.0147222222222
 20
513.5571672222222
 30
0.0
 10
400.8628
 20
512.0645644444444
 30
0.0
 10
401.2155777777778
 20
510.6435755555555
 30
0.0
 10
401.5468361111111
 20
510.4823561111111
 30
0.0
 10
402.39315
 20
509.7972616666667
 30
0.0
 10
400.9957972222222
 20
507.8989644444444
 30
0.0
 10
399.1049083333334
 20
507.1239116666667
 30
0.0
 10
390.0356972222222
 20
502.6827922222222
 30
0.0
 10
387.2131222222222
 20
506.664595
 30
0.0
 10
385.5518916666666
 20
504.0081783333333
 30
0.0
 10
382.7307277777778
 20
499.5056755555556
 30
0.0
 10
374.7508944444444
 20
501.1019949999999
 30
0.0
 10
371.9978166666666
 20
500.89562
 30
0.0
 10
368.3889
 20
500.7996644444444
 30
0.0
 10
367.7775361111111
 20
501.7648644444445
 30
0.0
 10
367.8032888888889
 20
502.763931111111
 30
0.0
 10
367.8578518518519
 20
503.6912662962962
 30
0.0
 10
367.9124148148148
 20
504.6186014814814
 30
0.0
 10
367.9669777777777
 20
505.5459366666666
 30
0.0
 10
367.96345
 20
505.6066144444444
 30
0.0
 10
369.08105
 20
506.0475866666666
 30
0.0
 10
370.4607638888888
 20
506.0535838888889
 30
0.0
 10
371.8492972222222
 20
506.0507616666666
 30
0.0
 10
372.6257611111112
 20
506.0017255555555
 30
0.0
 10
372.9654861111111
 20
506.0056061111111
 30
0.0
 10
373.9660814814815
 20
506.0044301851852
 30
0.0
 10
374.9666768518518
 20
506.0032542592592
 30
0.0
 10
375.9672722222222
 20
506.0020783333333
 30
0.0
 10
375.9672722222222
 20
507.0024385185185
 30
0.0
 10
375.9672722222222
 20
508.0027987037037
 30
0.0
 10
375.9672722222222
 20
509.0031588888889
 30
0.0
 10
374.9660888888889
 20
509.0017477777778
 30
0.0
 10
373.9649055555556
 20
509.0003366666667
 30
0.0
 10
372.9637222222222
 20
508.9989255555555
 30
0.0
 10
372.6215277777778
 20
509.0052755555555
 30
0.0
 10
371.8478861111111
 20
508.9498894444444
 30
0.0
 10
370.4628805555556
 20
508.9534172222222
 30
0.0
 10
369.1329083333333
 20
508.952006111111
 30
0.0
 10
368.0368277777778
 20
509.3749866666666
 30
0.0
 10
367.9648611111111
 20
509.4487172222222
 30
0.0
 10
368.0241277777778
 20
512.1520533333334
 30
0.0
 10
367.1689944444444
 20
511.4288588888889
 30
0.0
 10
365.5585638888889
 20
512.1259477777777
 30
0.0
 10
364.6953166666667
 20
513.1440644444444
 30
0.0
 10
366.6084305555556
 20
514.0694005555555
 30
0.0
 10
368.8101166666667
 20
514.4320561111111
 30
0.0
 10
371.5631944444444
 20
514.6380783333333
 30
0.0
 10
379.542675
 20
513.0417588888888
 30
0.0
 10
382.3641916666667
 20
517.5442616666666
 30
0.0
 10
384.0254222222222
 20
520.2006783333334
 30
0.0
 10
386.8476444444444
 20
516.2188755555555
 30
0.0
 10
395.9172083333333
 20
520.659995
 30
0.0
  0
SPLINE
  5
DF
330
1F
100
AcDbEntity
  8
DEFAULT
 62
   240
100
AcDbSpline
210
0.0
220
0.0
230
1.0
 70
    11
 71
     3
 72
    77
 73
    73
 74
     0
 42
0.000000001
 43
0.0000000001
 40
1.0
 40
1.0
 40
1.0
 40
1.0
 40
2.0
 40
2.0
 40
2.0
 40
3.0
 40
3.0
 40
3.0
 40
4.0
 40
4.0
 40
4.0
 40
5.0
 40
5.0
 40
5.0
 40
6.0
 40
6.0
 40
6.0
 40
7.0
 40
7.0
 40
7.0
 40
8.0
 40
8.0
 40
8.0
 40
16.52000586854256
 40
16.52000586854256
 40
16.52000586854256
 40
25.02000586854256
 40
25.02000586854256
 40
25.02000586854256
 40
33.52000586854256
 40
33.52000586854256
 40
33.52000586854256
 40
34.52000586854256
 40
34.52000586854256
 40
34.52000586854256
 40
35.52000586854256
 40
35.52000586854256
 40
35.52000586854256
 40
36.52000586854256
 40
36.52000586854256
 40
36.52000586854256
 40
37.52000586854256
 40
37.52000586854256
 40
37.52000586854256
 40
38.52000586854256
 40
38.52000586854256
 40
38.52000586854256
 40
39.52000586854256
 40
39.52000586854256
 40
39.52000586854256
 40
40.52000586854256
 40
40.52000586854256
 40
40.52000586854256
 40
41.52000586854256
 40
41.52000586854256
 40
41.52000586854256
 40
42.52000586854256
 40
42.52000586854256
 40
42.52000586854256
 40
62.37000838743411
 40
62.37000838743411
 40
62.37000838743411
 40
70.87000838743411
 40
70.87000838743411
 40
70.87000838743411
 40
90.70000838743415
 40
90.70000838743415
 40
90.70000838743415
 40
91.70000838743415
 40
91.70000838743415
 40
91.70000838743415
 40
92.70000838743415
 40
92.70000838743415
 40
92.70000838743415
 40
92.70000838743415
 10
304.0883766666666
 20
505.5423383333333
 30
0.0
 10
304.0883766666666
 20
504.0959494444444
 30
0.0
 10
305.4994877777777
 20
503.1469772222222
 30
0.0
 10
306.9987933333333
 20
502.5966438888889
 30
0.0
 10
309.1059349999999
 20
502.2470411111111
 30
0.0
 10
319.2140766666666
 20
499.0117161111111
 30
0.0
 10
322.0966238888889
 20
501.5009161111111
 30
0.0
 10
324.9795238888889
 20
503.990116111111
 30
0.0
 10
335.0894294444444
 20
500.7484411111111
 30
0.0
 10
337.1965711111111
 20
500.3988383333333
 30
0.0
 10
338.5124322222222
 20
500.4376438888888
 30
0.0
 10
339.43671
 20
500.7128105555555
 30
0.0
 10
339.5601822222222
 20
501.3583938888889
 30
0.0
 10
339.7048211111111
 20
502.2579772222222
 30
0.0
 10
340.1987099999999
 20
503.9019216666666
 30
0.0
 10
340.0893488888888
 20
505.5599772222222
 30
0.0
 10
340.0187933333333
 20
505.6375883333333
 30
0.0
 10
338.9216544444444
 20
506.0573938888888
 30
0.0
 10
337.5916822222222
 20
506.0573938888888
 30
0.0
 10
336.2087933333333
 20
506.0573938888888
 30
0.0
 10
335.4326822222222
 20
506.0044772222222
 30
0.0
 10
335.0940155555555
 20
506.008005
 30
0.0
 10
334.0921266666666
 20
506.006829074074
 30
0.0
 10
333.0902377777778
 20
506.005653148148
 30
0.0
 10
332.0883488888888
 20
506.0044772222222
 30
0.0
 10
332.0883488888888
 20
507.0040142592592
 30
0.0
 10
332.0883488888888
 20
508.0035512962962
 30
0.0
 10
332.0883488888888
 20
509.0030883333333
 30
0.0
 10
333.0878859259259
 20
509.0030883333332
 30
0.0
 10
334.0874229629629
 20
509.0030883333332
 30
0.0
 10
335.08696
 20
509.0030883333333
 30
0.0
 10
335.4291544444444
 20
509.006616111111
 30
0.0
 10
336.2052655555555
 20
508.9572272222222
 30
0.0
 10
337.5916822222222
 20
508.9572272222222
 30
0.0
 10
338.9745711111111
 20
508.960755
 30
0.0
 10
340.0893488888888
 20
509.4440605555555
 30
0.0
 10
340.0893488888888
 20
509.5040327777778
 30
0.0
 10
340.1987099999999
 20
511.1620883333333
 30
0.0
 10
339.7048211111111
 20
512.7319494444445
 30
0.0
 10
339.5601822222222
 20
513.6315327777778
 30
0.0
 10
339.43671
 20
514.2771161111111
 30
0.0
 10
338.5124322222222
 20
514.5522827777777
 30
0.0
 10
337.1965711111111
 20
514.5910883333333
 30
0.0
 10
335.0894294444444
 20
514.2414855555555
 30
0.0
 10
324.9795238888889
 20
510.9998105555555
 30
0.0
 10
322.0966238888889
 20
513.4890105555555
 30
0.0
 10
319.2140766666666
 20
515.9782105555555
 30
0.0
 10
309.1059349999999
 20
512.7428855555555
 30
0.0
 10
306.9987933333333
 20
512.3932827777778
 30
0.0
 10
305.4994877777777
 20
511.8429494444444
 30
0.0
 10
304.0883766666666
 20
510.8939772222222
 30
0.0
 10
304.0883766666666
 20
509.4475883333333
 30
0.0
 10
304.1589322222222
 20
509.3699772222221
 30
0.0
 10
305.2560711111111
 20
508.9501716666667
 30
0.0
 10
306.5860433333333
 20
508.9501716666667
 30
0.0
 10
307.9689322222222
 20
508.9501716666667
 30
0.0
 10
308.7450433333333
 20
509.0030883333333
 30
0.0
 10
309.0837099999999
 20
508.9995605555555
 30
0.0
 10
311.4179229629629
 20
509.0007364814815
 30
0.0
 10
313.7521359259259
 20
509.0019124074074
 30
0.0
 10
316.0863488888888
 20
509.0030883333333
 30
0.0
 10
316.0863488888888
 20
508.0035512962962
 30
0.0
 10
316.0863488888888
 20
507.0040142592591
 30
0.0
 10
316.0863488888888
 20
506.0044772222222
 30
0.0
 10
313.7544877777777
 20
506.0044772222222
 30
0.0
 10
311.4226266666666
 20
506.0044772222222
 30
0.0
 10
309.0907655555555
 20
506.0044772222222
 30
0.0
 10
308.7485711111111
 20
506.0009494444444
 30
0.0
 10
307.97246
 20
506.0503383333333
 30
0.0
 10
306.5860433333333
 20
506.0503383333333
 30
0.0
 10
305.2031544444444
 20
506.0468105555556
 30
0.0
 10
304.0883766666666
 20
505.6023105555556
 30
0.0
 10
304.0883766666666
 20
505.5423383333333
 30
0.0
  0
SPLINE
  5
E0
330
1F
100
AcDbEntity
  8
DEFAULT
 62
   240
100
AcDbSpline
210
0.0
220
0.0
230
1.0
 70
    11
 71
     3
 72
    77
 73
    73
 74
     0
 42
0.000000001
 43
0.0000000001
 40
1.0
 40
1.0
 40
1.0
 40
1.0
 40
2.0
 40
2.0
 40
2.0
 40
3.0
 40
3.0
 40
3.0
 40
4.0
 40
4.0
 40
4.0
 40
5.0
 40
5.0
 40
5.0
 40
6.0
 40
6.0
 40
6.0
 40
25.86000251762322
 40
25.86000251762322
 40
25.86000251762322
 40
34.36000251762322
 40
34.36000251762322
 40
34.36000251762322
 40
54.20000251762325
 40
54.20000251762325
 40
54.20000251762325
 40
55.20000251762325
 40
55.20000251762325
 40
55.20000251762325
 40
56.20000251762325
 40
56.20000251762325
 40
56.20000251762325
 40
57.20000251762325
 40
57.20000251762325
 40
57.20000251762325
 40
58.20000251762325
 40
58.20000251762325
 40
58.20000251762325
 40
59.20000251762325
 40
59.20000251762325
 40
59.20000251762325
 40
60.20000251762325
 40
60.20000251762325
 40
60.20000251762325
 40
61.20000251762325
 40
61.20000251762325
 40
61.20000251762325
 40
62.20000251762325
 40
62.20000251762325
 40
62.20000251762325
 40
63.20000251762325
 40
63.20000251762325
 40
63.20000251762325
 40
71.72000838616592
 40
71.72000838616592
 40
71.72000838616592
 40
80.22000838616592
 40
80.22000838616592
 40
80.22000838616592
 40
88.72000838616592
 40
88.72000838616592
 40
88.72000838616592
 40
89.72000838616592
 40
89.72000838616592
 40
89.72000838616592
 40
90.72000838616592
 40
90.72000838616592
 40
90.72000838616592
 40
91.72000838616592
 40
91.72000838616592
 40
91.72000838616592
 40
92.72000838616592
 40
92.72000838616592
 40
92.72000838616592
 40
92.72000838616592
 10
278.8492433333333
 20
514.3300327777778
 30
0.0
 10
267.8598627777778
 20
511.399155
 30
0.0
 10
263.0500905555555
 20
515.8607355555555
 30
0.0
 10
260.7535072222222
 20
513.28193
 30
0.0
 10
258.4569238888889
 20
510.7031244444444
 30
0.0
 10
253.6471516666667
 20
515.1643522222222
 30
0.0
 10
242.6577711111111
 20
512.2334744444445
 30
0.0
 10
241.9306961111111
 20
512.0165161111111
 30
0.0
 10
243.05641
 20
511.4090327777778
 30
0.0
 10
242.7530211111111
 20
509.4440605555556
 30
0.0
 10
242.8235766666666
 20
509.3664494444445
 30
0.0
 10
243.9207155555555
 20
508.9501716666667
 30
0.0
 10
245.2506877777778
 20
508.9501716666667
 30
0.0
 10
246.6335766666666
 20
508.9501716666667
 30
0.0
 10
247.4096877777777
 20
509.0030883333334
 30
0.0
 10
247.7483544444444
 20
508.9995605555556
 30
0.0
 10
250.0837433333333
 20
509.0007364814815
 30
0.0
 10
252.4191322222222
 20
509.0019124074074
 30
0.0
 10
254.7545211111111
 20
509.0030883333334
 30
0.0
 10
254.7545211111111
 20
508.0035512962963
 30
0.0
 10
254.7545211111111
 20
507.0040142592593
 30
0.0
 10
254.7545211111111
 20
506.0044772222222
 30
0.0
 10
252.4214840740741
 20
506.0044772222222
 30
0.0
 10
250.088447037037
 20
506.0044772222222
 30
0.0
 10
247.75541
 20
506.0044772222222
 30
0.0
 10
247.4132155555555
 20
506.0009494444445
 30
0.0
 10
246.6371044444444
 20
506.0503383333333
 30
0.0
 10
245.2506877777778
 20
506.0503383333333
 30
0.0
 10
243.8677988888889
 20
506.0468105555556
 30
0.0
 10
242.7530211111111
 20
505.6023105555556
 30
0.0
 10
242.7530211111111
 20
505.5423383333333
 30
0.0
 10
243.05641
 20
503.5773661111111
 30
0.0
 10
241.9306961111111
 20
502.9698827777778
 30
0.0
 10
242.6577711111111
 20
502.7529244444444
 30
0.0
 10
253.6471516666667
 20
499.8220466666667
 30
0.0
 10
258.4569238888889
 20
504.2832744444444
 30
0.0
 10
260.7535072222222
 20
501.7044688888889
 30
0.0
 10
263.0500905555555
 20
499.1256633333334
 30
0.0
 10
267.8598627777778
 20
503.5872438888889
 30
0.0
 10
278.8492433333333
 20
500.6563661111111
 30
0.0
 10
279.3254933333333
 20
500.5011438888889
 30
0.0
 10
279.3819377777778
 20
500.801005
 30
0.0
 10
279.28316
 20
501.3936716666666
 30
0.0
 10
279.1385211111111
 20
502.293255
 30
0.0
 10
278.6446322222222
 20
503.8631161111111
 30
0.0
 10
278.7539933333333
 20
505.5211716666666
 30
0.0
 10
278.6834377777777
 20
505.5987827777778
 30
0.0
 10
277.5862988888888
 20
506.0573938888888
 30
0.0
 10
276.2563266666667
 20
506.0573938888888
 30
0.0
 10
274.8734377777778
 20
506.0573938888888
 30
0.0
 10
274.0973266666666
 20
506.0044772222222
 30
0.0
 10
273.75866
 20
506.008005
 30
0.0
 10
272.756771111111
 20
506.0068290740741
 30
0.0
 10
271.7548822222222
 20
506.0056531481482
 30
0.0
 10
270.7529933333333
 20
506.0044772222222
 30
0.0
 10
270.7529933333333
 20
507.0040142592593
 30
0.0
 10
270.7529933333333
 20
508.0035512962963
 30
0.0
 10
270.7529933333333
 20
509.0030883333334
 30
0.0
 10
271.7525303703703
 20
509.0030883333334
 30
0.0
 10
272.7520674074074
 20
509.0030883333334
 30
0.0
 10
273.7516044444444
 20
509.0030883333334
 30
0.0
 10
274.0937988888888
 20
509.0066161111112
 30
0.0
 10
274.86991
 20
508.9572272222222
 30
0.0
 10
276.2563266666667
 20
508.9572272222222
 30
0.0
 10
277.6392155555556
 20
508.960755
 30
0.0
 10
278.7539933333333
 20
509.405255
 30
0.0
 10
278.7539933333333
 20
509.4652272222222
 30
0.0
 10
278.6446322222222
 20
511.1268105555556
 30
0.0
 10
279.1385211111111
 20
512.6931438888888
 30
0.0
 10
279.28316
 20
513.5927272222223
 30
0.0
 10
279.3819377777778
 20
514.1853938888888
 30
0.0
 10
279.3254933333333
 20
514.485255
 30
0.0
 10
278.8492433333333
 20
514.3300327777778
 30
0.0
  0
SPLINE
  5
E1
330
1F
100
AcDbEntity
  8
DEFAULT
 62
   240
100
AcDbSpline
210
0.0
220
0.0
230
1.0
 70
    11
 71
     3
 72
   128
 73
   124
 74
     0
 42
0.000000001
 43
0.0000000001
 40
1.0
 40
1.0
 40
1.0
 40
1.0
 40
2.0
 40
2.0
 40
2.0
 40
3.0
 40
3.0
 40
3.0
 40
4.0
 40
4.0
 40
4.0
 40
5.0
 40
5.0
 40
5.0
 40
10.66579208937284
 40
10.66579208937284
 40
10.66579208937284
 40
19.15951329977291
 40
19.15951329977291
 40
19.15951329977291
 40
24.8476500773126
 40
24.8476500773126
 40
24.8476500773126
 40
25.8476500773126
 40
25.8476500773126
 40
25.8476500773126
 40
26.8476500773126
 40
26.8476500773126
 40
26.8476500773126
 40
27.8476500773126
 40
27.8476500773126
 40
27.8476500773126
 40
28.8476500773126
 40
28.8476500773126
 40
28.8476500773126
 40
29.8476500773126
 40
29.8476500773126
 40
29.8476500773126
 40
30.8476500773126
 40
30.8476500773126
 40
30.8476500773126
 40
36.5186464624287
 40
36.5186464624287
 40
36.5186464624287
 40
45.01806997229099
 40
45.01806997229099
 40
45.01806997229099
 40
50.7102839528086
 40
50.7102839528086
 40
50.7102839528086
 40
51.7102839528086
 40
51.7102839528086
 40
51.7102839528086
 40
52.7102839528086
 40
52.7102839528086
 40
52.7102839528086
 40
53.7102839528086
 40
53.7102839528086
 40
53.7102839528086
 40
54.7102839528086
 40
54.7102839528086
 40
54.7102839528086
 40
60.38028395280867
 40
60.38028395280867
 40
60.38028395280867
 40
61.38028395280867
 40
61.38028395280867
 40
61.38028395280867
 40
62.38028395280867
 40
62.38028395280867
 40
62.38028395280867
 40
70.88028395280867
 40
70.88028395280867
 40
70.88028395280867
 40
79.38028395280867
 40
79.38028395280867
 40
79.38028395280867
 40
87.90028982135124
 40
87.90028982135124
 40
87.90028982135124
 40
88.90028982135124
 40
88.90028982135124
 40
88.90028982135124
 40
89.90028982135124
 40
89.90028982135124
 40
89.90028982135124
 40
95.57028982135131
 40
95.57028982135131
 40
95.57028982135131
 40
96.57028982135131
 40
96.57028982135131
 40
96.57028982135131
 40
97.57028982135131
 40
97.57028982135131
 40
97.57028982135131
 40
103.2402898213513
 40
103.2402898213513
 40
103.2402898213513
 40
104.2402898213513
 40
104.2402898213513
 40
104.2402898213513
 40
105.2402898213513
 40
105.2402898213513
 40
105.2402898213513
 40
119.4102898213512
 40
119.4102898213512
 40
119.4102898213512
 40
127.9102898213512
 40
127.9102898213512
 40
127.9102898213512
 40
142.100293344959
 40
142.100293344959
 40
142.100293344959
 40
143.100293344959
 40
143.100293344959
 40
143.100293344959
 40
144.100293344959
 40
144.100293344959
 40
144.100293344959
 40
149.770293344959
 40
149.770293344959
 40
149.770293344959
 40
150.770293344959
 40
150.770293344959
 40
150.770293344959
 40
150.770293344959
 10
203.8037791666667
 20
289.8579561111111
 30
0.0
 10
192.2503069444444
 20
289.8579561111111
 30
0.0
 10
164.9301375
 20
310.1144561111111
 30
0.0
 10
156.6786652777778
 20
301.0692338888888
 30
0.0
 10
148.6529708333333
 20
292.2709561111111
 30
0.0
 10
153.4077097222222
 20
289.4282727777777
 30
0.0
 10
144.2989875
 20
293.5628283333333
 30
0.0
 10
144.2425430555555
 20
293.5875227777777
 30
0.0
 10
144.2989875
 20
294.7869672222222
 30
0.0
 10
144.8704875
 20
296.0463838888888
 30
0.0
 10
145.4455152777778
 20
297.3093283333333
 30
0.0
 10
145.8088763888889
 20
297.9937172222222
 30
0.0
 10
145.9499875
 20
298.3076894444444
 30
0.0
 10
146.2251541666667
 20
298.9144672222222
 30
0.0
 10
146.5003208333333
 20
299.521245
 30
0.0
 10
146.7754875
 20
300.1280227777777
 30
0.0
 10
145.8664967592593
 20
300.5419487037037
 30
0.0
 10
144.9575060185185
 20
300.9558746296296
 30
0.0
 10
144.0485152777778
 20
301.3698005555555
 30
0.0
 10
143.7721726851852
 20
300.7606709259259
 30
0.0
 10
143.4958300925926
 20
300.1515412962963
 30
0.0
 10
143.2194875
 20
299.5424116666666
 30
0.0
 10
143.0748486111111
 20
299.235495
 30
0.0
 10
142.8032097222222
 20
298.505245
 30
0.0
 10
142.2317097222222
 20
297.2458283333333
 30
0.0
 10
141.6813763888889
 20
296.0358005555555
 30
0.0
 10
140.8417652777778
 20
295.2103005555555
 30
0.0
 10
140.7429875
 20
295.1785505555555
 30
0.0
 10
137.3527930555555
 20
296.2404116666666
 30
0.0
 10
141.6369263888889
 20
304.7818672222222
 30
0.0
 10
146.2900652777778
 20
311.3117838888888
 30
0.0
 10
150.7385930555556
 20
317.5559505555555
 30
0.0
 10
156.2348708333333
 20
323.327395
 30
0.0
 10
158.4926486111111
 20
320.7944505555555
 30
0.0
 10
158.5349819444444
 20
320.7521172222222
 30
0.0
 10
158.0622597222222
 20
319.6514505555555
 30
0.0
 10
157.0850652777777
 20
318.6707283333333
 30
0.0
 10
156.1043430555555
 20
317.6900061111111
 30
0.0
 10
155.5222597222222
 20
317.1749505555555
 30
0.0
 10
155.2823708333333
 20
316.9315338888889
 30
0.0
 10
154.810824537037
 20
316.4599875925926
 30
0.0
 10
154.3392782407407
 20
315.9884412962963
 30
0.0
 10
153.8677319444444
 20
315.516895
 30
0.0
 10
154.5744634259259
 20
314.8101635185185
 30
0.0
 10
155.2811949074074
 20
314.103432037037
 30
0.0
 10
155.9879263888889
 20
313.3967005555555
 30
0.0
 10
156.4606486111111
 20
313.8705987037037
 30
0.0
 10
156.9333708333333
 20
314.3444968518518
 30
0.0
 10
157.4060930555555
 20
314.818395
 30
0.0
 10
157.6459819444444
 20
315.0547561111111
 30
0.0
 10
158.1575097222222
 20
315.6438949999999
 30
0.0
 10
159.1347041666667
 20
316.6210894444444
 30
0.0
 10
160.0730930555555
 20
317.5559505555555
 30
0.0
 10
161.1420097222222
 20
318.0357283333333
 30
0.0
 10
161.2548986111111
 20
318.0357283333333
 30
0.0
 10
164.4193152777778
 20
315.5874505555555
 30
0.0
 10
168.7517791666666
 20
309.401845
 30
0.0
 10
173.2602791666667
 20
314.5241783333333
 30
0.0
 10
175.8461402777777
 20
317.4628172222222
 30
0.0
 10
179.2716125
 20
320.2250672222222
 30
0.0
 10
184.7678902777778
 20
320.2250672222222
 30
0.0
 10
185.4346402777777
 20
320.2250672222222
 30
0.0
 10
186.1013902777778
 20
320.2250672222222
 30
0.0
 10
186.7681402777778
 20
320.2250672222222
 30
0.0
 10
186.8281125
 20
320.2250672222222
 30
0.0
 10
187.2726125
 20
319.1102894444444
 30
0.0
 10
187.2761402777778
 20
317.7274005555555
 30
0.0
 10
187.2761402777778
 20
316.3409838888888
 30
0.0
 10
187.2267513888889
 20
315.5648727777777
 30
0.0
 10
187.2302791666666
 20
315.2226783333333
 30
0.0
 10
187.2302791666666
 20
314.2231412962963
 30
0.0
 10
187.2302791666666
 20
313.2236042592592
 30
0.0
 10
187.2302791666666
 20
312.2240672222222
 30
0.0
 10
188.2298162037037
 20
312.2240672222222
 30
0.0
 10
189.2293532407407
 20
312.2240672222222
 30
0.0
 10
190.2288902777778
 20
312.2240672222222
 30
0.0
 10
190.2277143518519
 20
313.2259561111111
 30
0.0
 10
190.2265384259259
 20
314.2278449999999
 30
0.0
 10
190.2253625
 20
315.2297338888889
 30
0.0
 10
190.2288902777778
 20
315.5684005555555
 30
0.0
 10
190.1759736111111
 20
316.3445116666666
 30
0.0
 10
190.1759736111111
 20
317.7274005555555
 30
0.0
 10
190.1759736111111
 20
319.0573727777777
 30
0.0
 10
190.5957791666667
 20
320.1545116666666
 30
0.0
 10
190.6733902777777
 20
320.2250672222222
 30
0.0
 10
191.3401402777777
 20
320.2250672222222
 30
0.0
 10
192.0068902777778
 20
320.2250672222222
 30
0.0
 10
192.6736402777778
 20
320.2250672222222
 30
0.0
 10
199.3093902777778
 20
320.2250672222222
 30
0.0
 10
194.1588347222222
 20
307.8531505555555
 30
0.0
 10
198.8155013888889
 20
304.7487061111111
 30
0.0
 10
204.4740569444444
 20
300.9810394444444
 30
0.0
 10
218.3029458333333
 20
305.8917061111111
 30
0.0
 10
218.3029458333333
 20
299.6581227777777
 30
0.0
 10
218.3029458333333
 20
298.9913727777777
 30
0.0
 10
218.3029458333333
 20
298.3246227777777
 30
0.0
 10
218.3029458333333
 20
297.6578727777778
 30
0.0
 10
218.3029458333333
 20
297.5979005555556
 30
0.0
 10
217.1881680555555
 20
297.1534005555555
 30
0.0
 10
215.8052791666667
 20
297.1498727777777
 30
0.0
 10
214.4188625
 20
297.1498727777777
 30
0.0
 10
213.6427513888889
 20
297.1992616666666
 30
0.0
 10
213.3005569444444
 20
297.1957338888888
 30
0.0
 10
211.6342699074074
 20
297.1957338888888
 30
0.0
 10
209.9679828703703
 20
297.1957338888888
 30
0.0
 10
208.3016958333333
 20
297.1957338888888
 30
0.0
 10
208.3016958333334
 20
296.1961968518518
 30
0.0
 10
208.3016958333334
 20
295.1966598148148
 30
0.0
 10
208.3016958333333
 20
294.1971227777777
 30
0.0
 10
209.9703347222222
 20
294.1982987037036
 30
0.0
 10
211.6389736111111
 20
294.1994746296295
 30
0.0
 10
213.3076125
 20
294.2006505555555
 30
0.0
 10
213.6462791666666
 20
294.1971227777777
 30
0.0
 10
214.4223902777778
 20
294.2500394444444
 30
0.0
 10
215.8052791666667
 20
294.2500394444444
 30
0.0
 10
217.1352513888889
 20
294.2500394444444
 30
0.0
 10
218.2323902777777
 20
293.8302338888889
 30
0.0
 10
218.3029458333333
 20
293.7526227777777
 30
0.0
 10
218.3029458333333
 20
293.0858727777778
 30
0.0
 10
218.3029458333333
 20
292.4191227777778
 30
0.0
 10
218.3029458333333
 20
291.7523727777777
 30
0.0
 10
218.3029458333333
 20
290.0308172222222
 30
0.0
 10
219.1848902777778
 20
289.8579561111111
 30
0.0
 10
203.8037791666667
 20
289.8579561111111
 30
0.0
  0
SPLINE
  5
E2
330
1F
100
AcDbEntity
  8
DEFAULT
 62
   240
100
AcDbSpline
210
0.0
220
0.0
230
1.0
 70
    11
 71
     3
 72
    98
 73
    94
 74
     0
 42
0.000000001
 43
0.0000000001
 40
1.0
 40
1.0
 40
1.0
 40
1.0
 40
2.0
 40
2.0
 40
2.0
 40
3.0
 40
3.0
 40
3.0
 40
4.0
 40
4.0
 40
4.0
 40
5.0
 40
5.0
 40
5.0
 40
6.0
 40
6.0
 40
6.0
 40
7.0
 40
7.0
 40
7.0
 40
8.0
 40
8.0
 40
8.0
 40
9.0
 40
9.0
 40
9.0
 40
10.0
 40
10.0
 40
10.0
 40
11.0
 40
11.0
 40
11.0
 40
12.0
 40
12.0
 40
12.0
 40
13.0
 40
13.0
 40
13.0
 40
14.0
 40
14.0
 40
14.0
 40
15.0
 40
15.0
 40
15.0
 40
16.0
 40
16.0
 40
16.0
 40
17.0
 40
17.0
 40
17.0
 40
18.0
 40
18.0
 40
18.0
 40
19.0
 40
19.0
 40
19.0
 40
20.0
 40
20.0
 40
20.0
 40
21.0
 40
21.0
 40
21.0
 40
22.0
 40
22.0
 40
22.0
 40
23.0
 40
23.0
 40
23.0
 40
24.0
 40
24.0
 40
24.0
 40
25.0
 40
25.0
 40
25.0
 40
26.0
 40
26.0
 40
26.0
 40
27.0
 40
27.0
 40
27.0
 40
35.52000586854256
 40
35.52000586854256
 40
35.52000586854256
 40
44.02000586854256
 40
44.02000586854256
 40
44.02000586854256
 40
52.52000586854256
 40
52.52000586854256
 40
52.52000586854256
 40
53.52000586854256
 40
53.52000586854256
 40
53.52000586854256
 40
54.52000586854256
 40
54.52000586854256
 40
54.52000586854256
 40
54.52000586854256
 10
318.3527344444444
 20
281.4587052777778
 30
0.0
 10
315.9997066666667
 20
281.4587052777778
 30
0.0
 10
313.7313455555555
 20
281.2576219444444
 30
0.0
 10
311.6358455555555
 20
280.9612886111111
 30
0.0
 10
312.8776233333333
 20
273.4471219444444
 30
0.0
 10
307.1802622222222
 20
267.8414830555555
 30
0.0
 10
297.7434566666666
 20
269.0515108333333
 30
0.0
 10
295.3586788888888
 20
269.3584275
 30
0.0
 10
293.9274594444444
 20
269.3862969444444
 30
0.0
 10
292.2401233333333
 20
270.5966775
 30
0.0
 10
285.6657566666666
 20
275.3129636111111
 30
0.0
 10
293.020115
 20
270.4626219444444
 30
0.0
 10
269.9773761111111
 20
276.4129247222222
 30
0.0
 10
261.886065
 20
278.5024275
 30
0.0
 10
252.7519427777777
 20
269.1682802777777
 30
0.0
 10
250.3251844444444
 20
267.8898136111111
 30
0.0
 10
247.7188622222222
 20
266.5171552777777
 30
0.0
 10
245.1679261111111
 20
264.1235580555555
 30
0.0
 10
244.9940066666666
 20
262.3141608333333
 30
0.0
 10
244.8169122222222
 20
260.5068802777778
 30
0.0
 10
248.6787705555555
 20
258.0857663888888
 30
0.0
 10
251.0078094444444
 20
258.8107247222222
 30
0.0
 10
253.3315566666666
 20
259.5346247222222
 30
0.0
 10
255.6217899999999
 20
262.2474858333333
 30
0.0
 10
255.3416844444444
 20
264.5169052777778
 30
0.0
 10
254.5447594444444
 20
270.9755608333333
 30
0.0
 10
267.64869
 20
273.7596830555555
 30
0.0
 10
290.1622622222222
 20
265.4320108333333
 30
0.0
 10
300.5960177777778
 20
261.5726219444444
 30
0.0
 10
293.1125427777777
 20
253.5292886111111
 30
0.0
 10
307.0430316666666
 20
253.5292886111111
 30
0.0
 10
312.3346983333333
 20
253.5292886111111
 30
0.0
 10
311.9995594444444
 20
254.3756025
 30
0.0
 10
310.1298372222222
 20
255.5577608333333
 30
0.0
 10
306.7784483333333
 20
257.6744275
 30
0.0
 10
305.6386233333333
 20
265.4602330555555
 30
0.0
 10
320.3212344444444
 20
265.4602330555555
 30
0.0
 10
335.0038455555555
 20
265.4602330555555
 30
0.0
 10
333.8640205555556
 20
257.6776025
 30
0.0
 10
330.5126316666667
 20
255.5609358333333
 30
0.0
 10
328.6429094444444
 20
254.3791302777778
 30
0.0
 10
328.3077705555555
 20
253.5324636111111
 30
0.0
 10
333.5994372222222
 20
253.5324636111111
 30
0.0
 10
347.5299261111111
 20
253.5324636111111
 30
0.0
 10
340.0464511111111
 20
261.5761497222222
 30
0.0
 10
350.4802066666666
 20
265.4355386111111
 30
0.0
 10
372.9937788888889
 20
273.7632108333333
 30
0.0
 10
386.0980622222222
 20
270.9790886111111
 30
0.0
 10
385.3007844444444
 20
264.5204330555555
 30
0.0
 10
385.0206788888888
 20
262.2510136111111
 30
0.0
 10
387.3105594444444
 20
259.5381525
 30
0.0
 10
389.6346594444444
 20
258.8142525
 30
0.0
 10
391.9636983333333
 20
258.0892941666666
 30
0.0
 10
395.8255566666667
 20
260.5104080555556
 30
0.0
 10
395.6484622222222
 20
262.3176886111111
 30
0.0
 10
395.4745427777777
 20
264.1270858333333
 30
0.0
 10
392.9236066666666
 20
266.5206830555555
 30
0.0
 10
390.3172844444444
 20
267.8933413888889
 30
0.0
 10
387.8905261111111
 20
269.1718080555555
 30
0.0
 10
378.7564038888889
 20
278.5059552777777
 30
0.0
 10
370.6650927777777
 20
276.4164525
 30
0.0
 10
347.6223538888888
 20
270.4657969444444
 30
0.0
 10
354.9767122222222
 20
275.3164913888889
 30
0.0
 10
348.4023455555555
 20
270.6002052777778
 30
0.0
 10
346.7150094444444
 20
269.3898247222222
 30
0.0
 10
345.28379
 20
269.3619552777778
 30
0.0
 10
342.8990122222222
 20
269.0550386111111
 30
0.0
 10
333.4622066666666
 20
267.8450108333333
 30
0.0
 10
327.7648455555555
 20
273.4506497222222
 30
0.0
 10
329.0066233333333
 20
280.9648163888888
 30
0.0
 10
326.9111233333333
 20
281.2611497222222
 30
0.0
 10
324.6427622222222
 20
281.4622330555555
 30
0.0
 10
322.2897344444444
 20
281.4622330555555
 30
0.0
 10
322.2121233333333
 20
281.3916775
 30
0.0
 10
321.7923177777777
 20
280.2910108333333
 30
0.0
 10
321.7923177777777
 20
278.9610386111111
 30
0.0
 10
321.7923177777777
 20
277.5781497222222
 30
0.0
 10
321.8452344444444
 20
276.8020386111111
 30
0.0
 10
321.8417066666667
 20
276.4633719444444
 30
0.0
 10
321.8428825925926
 20
275.4614830555556
 30
0.0
 10
321.8440585185185
 20
274.4595941666666
 30
0.0
 10
321.8452344444444
 20
273.4577052777777
 30
0.0
 10
320.8456974074073
 20
273.4577052777777
 30
0.0
 10
319.8461603703703
 20
273.4577052777777
 30
0.0
 10
318.8466233333333
 20
273.4577052777777
 30
0.0
 10
318.8466233333333
 20
274.4572423148148
 30
0.0
 10
318.8466233333333
 20
275.4567793518518
 30
0.0
 10
318.8466233333333
 20
276.4563163888889
 30
0.0
 10
318.8430955555555
 20
276.7985108333333
 30
0.0
 10
318.8924844444444
 20
277.5746219444444
 30
0.0
 10
318.8924844444444
 20
278.9610386111111
 30
0.0
 10
318.8889566666666
 20
280.3439274999999
 30
0.0
 10
318.4127066666666
 20
281.4587052777778
 30
0.0
 10
318.3527344444444
 20
281.4587052777778
 30
0.0
  0
SPLINE
  5
E3
330
1F
100
AcDbEntity
  8
DEFAULT
 62
   240
100
AcDbSpline
210
0.0
220
0.0
230
1.0
 70
    11
 71
     3
 72
   290
 73
   286
 74
     0
 42
0.000000001
 43
0.0000000001
 40
7.219092740781238
 40
7.219092740781238
 40
7.219092740781238
 40
7.219092740781238
 40
22.01909274078119
 40
22.01909274078119
 40
22.01909274078119
 40
43.23439146599375
 40
43.23439146599375
 40
43.23439146599375
 40
44.23439146599375
 40
44.23439146599375
 40
44.23439146599375
 40
49.10439146599375
 40
49.10439146599375
 40
49.10439146599375
 40
50.10439146599375
 40
50.10439146599375
 40
50.10439146599375
 40
51.10439146599375
 40
51.10439146599375
 40
51.10439146599375
 40
56.7643914659936
 40
56.7643914659936
 40
56.7643914659936
 40
65.26439146599361
 40
65.26439146599361
 40
65.26439146599361
 40
70.94440026880353
 40
70.94440026880353
 40
70.94440026880353
 40
71.94440026880353
 40
71.94440026880353
 40
71.94440026880353
 40
72.94440026880353
 40
72.94440026880353
 40
72.94440026880353
 40
80.20440026880352
 40
80.20440026880352
 40
80.20440026880352
 40
81.20440026880352
 40
81.20440026880352
 40
81.20440026880352
 40
82.20440026880352
 40
82.20440026880352
 40
82.20440026880352
 40
83.20440026880352
 40
83.20440026880352
 40
83.20440026880352
 40
84.20440026880352
 40
84.20440026880352
 40
84.20440026880352
 40
85.20440026880352
 40
85.20440026880352
 40
85.20440026880352
 40
86.20440026880352
 40
86.20440026880352
 40
86.20440026880352
 40
87.20440026880352
 40
87.20440026880352
 40
87.20440026880352
 40
88.20440026880352
 40
88.20440026880352
 40
88.20440026880352
 40
95.4244002688035
 40
95.4244002688035
 40
95.4244002688035
 40
96.4244002688035
 40
96.4244002688035
 40
96.4244002688035
 40
97.4244002688035
 40
97.4244002688035
 40
97.4244002688035
 40
103.0844002688033
 40
103.0844002688033
 40
103.0844002688033
 40
111.5844002688033
 40
111.5844002688033
 40
111.5844002688033
 40
117.2644090716133
 40
117.2644090716133
 40
117.2644090716133
 40
118.2644090716133
 40
118.2644090716133
 40
118.2644090716133
 40
119.2644090716133
 40
119.2644090716133
 40
119.2644090716133
 40
124.1544090716133
 40
124.1544090716133
 40
124.1544090716133
 40
125.1544090716133
 40
125.1544090716133
 40
125.1544090716133
 40
146.3678623501345
 40
146.3678623501345
 40
146.3678623501345
 40
161.1678623501345
 40
161.1678623501345
 40
161.1678623501345
 40
168.3817725242357
 40
168.3817725242357
 40
168.3817725242357
 40
169.3817725242357
 40
169.3817725242357
 40
169.3817725242357
 40
170.3817725242357
 40
170.3817725242357
 40
170.3817725242357
 40
176.0458523259334
 40
176.0458523259334
 40
176.0458523259334
 40
184.5429224092033
 40
184.5429224092033
 40
184.5429224092033
 40
190.2140774943689
 40
190.2140774943689
 40
190.2140774943689
 40
191.2140774943689
 40
191.2140774943689
 40
191.2140774943689
 40
192.2140774943689
 40
192.2140774943689
 40
192.2140774943689
 40
199.4621393042599
 40
199.4621393042599
 40
199.4621393042599
 40
214.2645850481228
 40
214.2645850481228
 40
214.2645850481228
 40
229.0670307919855
 40
229.0670307919855
 40
229.0670307919855
 40
236.2795199600882
 40
236.2795199600882
 40
236.2795199600882
 40
237.2795199600882
 40
237.2795199600882
 40
237.2795199600882
 40
238.2795199600882
 40
238.2795199600882
 40
238.2795199600882
 40
243.9363742095806
 40
243.9363742095806
 40
243.9363742095806
 40
252.4357977194429
 40
252.4357977194429
 40
252.4357977194429
 40
258.1138695752756
 40
258.1138695752756
 40
258.1138695752756
 40
259.1138695752756
 40
259.1138695752756
 40
259.1138695752756
 40
260.1138695752756
 40
260.1138695752756
 40
260.1138695752756
 40
267.3687851502497
 40
267.3687851502497
 40
267.3687851502497
 40
282.1712308941125
 40
282.1712308941125
 40
282.1712308941125
 40
296.9736766379751
 40
296.9736766379751
 40
296.9736766379751
 40
304.1586053084632
 40
304.1586053084632
 40
304.1586053084632
 40
305.1586053084632
 40
305.1586053084632
 40
305.1586053084632
 40
306.1586053084632
 40
306.1586053084632
 40
306.1586053084632
 40
311.8226851101609
 40
311.8226851101609
 40
311.8226851101609
 40
320.3223380442518
 40
320.3223380442518
 40
320.3223380442518
 40
326.0012904124268
 40
326.0012904124268
 40
326.0012904124268
 40
327.0012904124268
 40
327.0012904124268
 40
327.0012904124268
 40
328.0112904124268
 40
328.0112904124268
 40
328.0112904124268
 40
335.2786695823889
 40
335.2786695823889
 40
335.2786695823889
 40
364.878669582389
 40
364.878669582389
 40
364.878669582389
 40
372.1460487523511
 40
372.1460487523511
 40
372.1460487523511
 40
373.1460487523511
 40
373.1460487523511
 40
373.1460487523511
 40
374.1460487523511
 40
374.1460487523511
 40
374.1460487523511
 40
379.8223855992974
 40
379.8223855992974
 40
379.8223855992974
 40
388.3123797100139
 40
388.3123797100139
 40
388.3123797100139
 40
393.9764595117117
 40
393.9764595117117
 40
393.9764595117117
 40
394.9764595117117
 40
394.9764595117117
 40
394.9764595117117
 40
395.9764595117117
 40
395.9764595117117
 40
395.9764595117117
 40
403.1832965433088
 40
403.1832965433088
 40
403.1832965433088
 40
417.977082400891
 40
417.977082400891
 40
417.977082400891
 40
432.7795281447538
 40
432.7795281447538
 40
432.7795281447538
 40
440.0203015841039
 40
440.0203015841039
 40
440.0203015841039
 40
441.0203015841039
 40
441.0203015841039
 40
441.0203015841039
 40
442.0203015841039
 40
442.0203015841039
 40
442.0203015841039
 40
447.6983734399367
 40
447.6983734399367
 40
447.6983734399367
 40
456.1977969497991
 40
456.1977969497991
 40
456.1977969497991
 40
461.8546511992914
 40
461.8546511992914
 40
461.8546511992914
 40
462.8546511992914
 40
462.8546511992914
 40
462.8546511992914
 40
463.8546511992914
 40
463.8546511992914
 40
463.8546511992914
 40
471.0671403673941
 40
471.0671403673941
 40
471.0671403673941
 40
485.8745878179171
 40
485.8745878179171
 40
485.8745878179171
 40
500.6770335617799
 40
500.6770335617799
 40
500.6770335617799
 40
507.9225080113933
 40
507.9225080113933
 40
507.9225080113933
 40
508.9225080113933
 40
508.9225080113933
 40
508.9225080113933
 40
509.9225080113933
 40
509.9225080113933
 40
509.9225080113933
 40
515.593663096559
 40
515.593663096559
 40
515.593663096559
 40
524.0907331798289
 40
524.0907331798289
 40
524.0907331798289
 40
529.7548129815267
 40
529.7548129815267
 40
529.7548129815267
 40
530.7548129815267
 40
530.7548129815267
 40
530.7548129815267
 40
531.7548129815267
 40
531.7548129815267
 40
531.7548129815267
 40
538.9739057223079
 40
538.9739057223079
 40
538.9739057223079
 40
538.9739057223079
 10
185.4797958333333
 20
403.6214869444444
 30
0.0
 10
185.4797958333333
 20
401.881116574074
 30
0.0
 10
185.4797958333333
 20
400.1407462037037
 30
0.0
 10
185.4797958333333
 20
398.4003758333333
 30
0.0
 10
185.0188328703704
 20
395.9485702777777
 30
0.0
 10
184.5578699074074
 20
393.4967647222222
 30
0.0
 10
184.0969069444444
 20
391.0449591666666
 30
0.0
 10
184.0087125
 20
390.5722369444444
 30
0.0
 10
183.5959625
 20
390.2300425
 30
0.0
 10
183.1126569444444
 20
390.2300425
 30
0.0
 10
182.5399810185185
 20
390.2300425
 30
0.0
 10
181.9673050925926
 20
390.2300425
 30
0.0
 10
181.3946291666666
 20
390.2300425
 30
0.0
 10
181.2993791666667
 20
390.3464591666666
 30
0.0
 10
180.9042680555555
 20
391.4118480555556
 30
0.0
 10
180.9007402777777
 20
392.7171258333333
 30
0.0
 10
180.9007402777777
 20
394.1035425
 30
0.0
 10
180.9501291666666
 20
394.8796536111111
 30
0.0
 10
180.9466013888889
 20
395.2218480555555
 30
0.0
 10
180.9466013888889
 20
395.8874221296296
 30
0.0
 10
180.9466013888889
 20
396.5529962037037
 30
0.0
 10
180.9466013888889
 20
397.2185702777777
 30
0.0
 10
179.9470643518519
 20
397.2185702777777
 30
0.0
 10
178.9475273148148
 20
397.2185702777777
 30
0.0
 10
177.9479902777778
 20
397.2185702777777
 30
0.0
 10
177.9491662037037
 20
396.5506443518518
 30
0.0
 10
177.9503421296296
 20
395.8827184259259
 30
0.0
 10
177.9515180555555
 20
395.2147925
 30
0.0
 10
177.9479902777778
 20
394.8761258333333
 30
0.0
 10
178.0009069444444
 20
394.1000147222222
 30
0.0
 10
178.0009069444444
 20
392.7171258333333
 30
0.0
 10
178.0009069444444
 20
391.4259591666666
 30
0.0
 10
177.6057958333333
 20
390.3570425
 30
0.0
 10
177.5140736111111
 20
390.2300425
 30
0.0
 10
176.6603513888889
 20
390.2300425
 30
0.0
 10
175.8066291666667
 20
390.2300425
 30
0.0
 10
174.9529069444444
 20
390.2300425
 30
0.0
 10
174.9529069444444
 20
390.2300425
 30
0.0
 10
167.7350736111111
 20
395.7086813888889
 30
0.0
 10
166.6026569444444
 20
398.4003758333333
 30
0.0
 10
165.3820458333333
 20
401.3072647222222
 30
0.0
 10
165.7701013888889
 20
404.6551258333333
 30
0.0
 10
164.1931847222222
 20
407.3856258333333
 30
0.0
 10
162.6162680555555
 20
410.1196536111111
 30
0.0
 10
160.3479069444444
 20
412.3880147222222
 30
0.0
 10
157.6138791666666
 20
413.9649313888888
 30
0.0
 10
154.8833791666667
 20
415.5418480555555
 30
0.0
 10
151.7859902777778
 20
416.3708758333333
 30
0.0
 10
148.6321569444444
 20
416.3708758333333
 30
0.0
 10
145.4783236111111
 20
416.3708758333333
 30
0.0
 10
142.3774069444444
 20
415.5418480555555
 30
0.0
 10
139.6433791666666
 20
413.9649313888888
 30
0.0
 10
136.9164069444444
 20
412.3880147222222
 30
0.0
 10
134.6445180555555
 20
410.1196536111111
 30
0.0
 10
133.0640736111111
 20
407.3856258333333
 30
0.0
 10
131.4906847222222
 20
404.6551258333333
 30
0.0
 10
131.8822680555555
 20
401.3072647222222
 30
0.0
 10
130.6616569444444
 20
398.4003758333333
 30
0.0
 10
129.5257125
 20
395.7086813888889
 30
0.0
 10
122.3043513888889
 20
390.2300425
 30
0.0
 10
122.3043513888889
 20
390.2300425
 30
0.0
 10
121.4553328703703
 20
390.2300425
 30
0.0
 10
120.6063143518518
 20
390.2300425
 30
0.0
 10
119.7572958333333
 20
390.2300425
 30
0.0
 10
119.6620458333333
 20
390.3464591666666
 30
0.0
 10
119.2669347222222
 20
391.4118480555556
 30
0.0
 10
119.2634069444444
 20
392.7171258333333
 30
0.0
 10
119.2634069444444
 20
394.1035425
 30
0.0
 10
119.3127958333333
 20
394.8796536111111
 30
0.0
 10
119.3092680555555
 20
395.2218480555555
 30
0.0
 10
119.3092680555555
 20
395.8874221296296
 30
0.0
 10
119.3092680555555
 20
396.5529962037037
 30
0.0
 10
119.3092680555555
 20
397.2185702777777
 30
0.0
 10
118.3097310185185
 20
397.2185702777777
 30
0.0
 10
117.3101939814815
 20
397.2185702777777
 30
0.0
 10
116.3106569444444
 20
397.2185702777777
 30
0.0
 10
116.3118328703704
 20
396.5506443518518
 30
0.0
 10
116.3130087962963
 20
395.8827184259259
 30
0.0
 10
116.3141847222222
 20
395.2147925
 30
0.0
 10
116.3106569444444
 20
394.8761258333333
 30
0.0
 10
116.3635736111111
 20
394.1000147222222
 30
0.0
 10
116.3635736111111
 20
392.7171258333333
 30
0.0
 10
116.3635736111111
 20
391.4259591666666
 30
0.0
 10
115.9684625
 20
390.3570425
 30
0.0
 10
115.8767402777778
 20
390.2300425
 30
0.0
 10
115.3017125
 20
390.2300425
 30
0.0
 10
114.7266847222222
 20
390.2300425
 30
0.0
 10
114.1516569444444
 20
390.2300425
 30
0.0
 10
113.6683513888889
 20
390.2300425
 30
0.0
 10
113.2556013888889
 20
390.5722369444444
 30
0.0
 10
113.1674069444444
 20
391.0449591666666
 30
0.0
 10
112.7076199074074
 20
393.4967647222222
 30
0.0
 10
112.2478328703704
 20
395.9485702777777
 30
0.0
 10
111.7880458333333
 20
398.4003758333333
 30
0.0
 10
111.7880458333333
 20
400.1407462037037
 30
0.0
 10
111.7880458333333
 20
401.881116574074
 30
0.0
 10
111.7880458333333
 20
403.6214869444444
 30
0.0
 10
112.0067680555556
 20
404.4411073148148
 30
0.0
 10
112.2254902777778
 20
405.2607276851851
 30
0.0
 10
112.4442125
 20
406.0803480555555
 30
0.0
 10
112.6029625
 20
406.1438480555556
 30
0.0
 10
113.7212680555556
 20
406.2426258333334
 30
0.0
 10
114.9701013888889
 20
405.9145425
 30
0.0
 10
116.3106569444444
 20
405.5547091666667
 30
0.0
 10
117.0479625
 20
405.3077647222222
 30
0.0
 10
117.3795736111111
 20
405.2230980555555
 30
0.0
 10
118.0228050925926
 20
405.0502369444444
 30
0.0
 10
118.6660365740741
 20
404.8773758333334
 30
0.0
 10
119.3092680555555
 20
404.7045147222222
 30
0.0
 10
119.5667958333333
 20
405.6699499074074
 30
0.0
 10
119.8243236111111
 20
406.6353850925926
 30
0.0
 10
120.0818513888889
 20
407.6008202777778
 30
0.0
 10
119.4374439814815
 20
407.772505462963
 30
0.0
 10
118.7930365740741
 20
407.9441906481482
 30
0.0
 10
118.1486291666667
 20
408.1158758333333
 30
0.0
 10
117.8205458333333
 20
408.2075980555555
 30
0.0
 10
117.0585458333333
 20
408.3557647222222
 30
0.0
 10
115.7215180555555
 20
408.7155980555556
 30
0.0
 10
114.4832680555555
 20
409.0472091666667
 30
0.0
 10
113.5589902777778
 20
409.6963202777778
 30
0.0
 10
113.4461013888889
 20
409.8303758333333
 30
0.0
 10
113.6671754629629
 20
410.6535239814814
 30
0.0
 10
113.888249537037
 20
411.4766721296296
 30
0.0
 10
114.1093236111111
 20
412.2998202777777
 30
0.0
 10
114.9795087962963
 20
413.8073573148147
 30
0.0
 10
115.8496939814815
 20
415.3148943518518
 30
0.0
 10
116.7198791666667
 20
416.8224313888889
 30
0.0
 10
117.5900643518518
 20
418.3299684259259
 30
0.0
 10
118.460249537037
 20
419.837505462963
 30
0.0
 10
119.3304347222222
 20
421.3450425
 30
0.0
 10
119.9301569444444
 20
421.9447647222221
 30
0.0
 10
120.5298791666667
 20
422.5444869444444
 30
0.0
 10
121.1296013888889
 20
423.1442091666666
 30
0.0
 10
121.2812958333333
 20
423.1265702777777
 30
0.0
 10
122.3114069444444
 20
422.6538480555556
 30
0.0
 10
123.2356847222222
 20
421.7366258333333
 30
0.0
 10
124.2164069444444
 20
420.7559036111111
 30
0.0
 10
124.7314625
 20
420.1702925
 30
0.0
 10
124.9748791666667
 20
419.9304036111111
 30
0.0
 10
125.445249537037
 20
419.4600332407408
 30
0.0
 10
125.9156199074074
 20
418.9896628703703
 30
0.0
 10
126.3859902777778
 20
418.5192925
 30
0.0
 10
127.0927217592592
 20
419.2260239814815
 30
0.0
 10
127.7994532407407
 20
419.9327554629629
 30
0.0
 10
128.5061847222222
 20
420.6394869444444
 30
0.0
 10
128.0334625
 20
421.1110332407407
 30
0.0
 10
127.5607402777778
 20
421.582579537037
 30
0.0
 10
127.0880180555556
 20
422.0541258333333
 30
0.0
 10
126.8516569444444
 20
422.2975425
 30
0.0
 10
126.2660458333333
 20
422.8090702777778
 30
0.0
 10
125.2888513888889
 20
423.7862647222223
 30
0.0
 10
124.3822125
 20
424.6929036111111
 30
0.0
 10
123.9024347222222
 20
425.7194869444444
 30
0.0
 10
123.8742125
 20
425.8888202777777
 30
0.0
 10
124.4774625
 20
426.4920702777777
 30
0.0
 10
125.0807125
 20
427.0953202777778
 30
0.0
 10
125.6839625
 20
427.6985702777778
 30
0.0
 10
127.191499537037
 20
428.5687554629629
 30
0.0
 10
128.6990365740741
 20
429.438940648148
 30
0.0
 10
130.2065736111111
 20
430.3091258333333
 30
0.0
 10
131.7141106481481
 20
431.1793110185185
 30
0.0
 10
133.2216476851852
 20
432.0494962037037
 30
0.0
 10
134.7291847222222
 20
432.9196813888889
 30
0.0
 10
135.5452773148148
 20
433.1384036111111
 30
0.0
 10
136.3613699074074
 20
433.3571258333333
 30
0.0
 10
137.1774625
 20
433.5758480555556
 30
0.0
 10
137.2903513888889
 20
433.5088202777778
 30
0.0
 10
137.9606291666666
 20
432.5774869444444
 30
0.0
 10
138.3063513888889
 20
431.3039591666666
 30
0.0
 10
138.6626569444444
 20
429.9634036111111
 30
0.0
 10
138.8178791666667
 20
429.2014036111111
 30
0.0
 10
138.9096013888889
 20
428.8733202777777
 30
0.0
 10
139.0824625
 20
428.2300887962963
 30
0.0
 10
139.2553236111111
 20
427.5868573148148
 30
0.0
 10
139.4281847222222
 20
426.9436258333333
 30
0.0
 10
140.3936199074074
 20
427.202329537037
 30
0.0
 10
141.3590550925926
 20
427.4610332407407
 30
0.0
 10
142.3244902777778
 20
427.7197369444444
 30
0.0
 10
142.1492773148148
 20
428.3641443518518
 30
0.0
 10
141.9740643518518
 20
429.0085517592593
 30
0.0
 10
141.7988513888889
 20
429.6529591666666
 30
0.0
 10
141.7177125
 20
429.9810425
 30
0.0
 10
141.4637125
 20
430.7183480555555
 30
0.0
 10
141.1038791666666
 20
432.0553758333333
 30
0.0
 10
140.7722680555555
 20
433.2936258333333
 30
0.0
 10
140.8710458333333
 20
434.4260424999999
 30
0.0
 10
140.9310180555555
 20
434.5847925
 30
0.0
 10
141.7565180555556
 20
434.8058665740741
 30
0.0
 10
142.5820180555556
 20
435.0269406481482
 30
0.0
 10
143.4075180555556
 20
435.2480147222223
 30
0.0
 10
146.8882587962963
 20
435.2480147222223
 30
0.0
 10
150.368999537037
 20
435.2480147222223
 30
0.0
 10
153.8497402777778
 20
435.2480147222223
 30
0.0
 10
154.6752402777778
 20
435.0269406481482
 30
0.0
 10
155.5007402777778
 20
434.8058665740741
 30
0.0
 10
156.3262402777778
 20
434.5847925
 30
0.0
 10
156.3826847222222
 20
434.4366258333333
 30
0.0
 10
156.4885180555555
 20
433.3006813888889
 30
0.0
 10
156.1533791666666
 20
432.0553758333333
 30
0.0
 10
155.7935458333333
 20
430.7183480555555
 30
0.0
 10
155.5430736111111
 20
429.9810425
 30
0.0
 10
155.4584069444444
 20
429.6529591666666
 30
0.0
 10
155.2843699074074
 20
429.0085517592593
 30
0.0
 10
155.1103328703703
 20
428.3641443518518
 30
0.0
 10
154.9362958333333
 20
427.7197369444444
 30
0.0
 10
155.9005550925926
 20
427.4610332407406
 30
0.0
 10
156.8648143518518
 20
427.202329537037
 30
0.0
 10
157.8290736111111
 20
426.9436258333333
 30
0.0
 10
158.0019347222222
 20
427.5868573148148
 30
0.0
 10
158.1747958333333
 20
428.2300887962963
 30
0.0
 10
158.3476569444445
 20
428.8733202777777
 30
0.0
 10
158.4393791666667
 20
429.2014036111111
 30
0.0
 10
158.5946013888889
 20
429.9634036111111
 30
0.0
 10
158.9509069444444
 20
431.3039591666666
 30
0.0
 10
159.2966291666666
 20
432.5774869444444
 30
0.0
 10
159.9669069444444
 20
433.5088202777778
 30
0.0
 10
160.0797958333333
 20
433.5793758333334
 30
0.0
 10
160.8982402777778
 20
433.3594776851853
 30
0.0
 10
161.7166847222222
 20
433.139579537037
 30
0.0
 10
162.5351291666666
 20
432.9196813888889
 30
0.0
 10
164.0414902777778
 20
432.0494962037037
 30
0.0
 10
165.5478513888889
 20
431.1793110185185
 30
0.0
 10
167.0542125
 20
430.3091258333333
 30
0.0
 10
168.561749537037
 20
429.4389406481482
 30
0.0
 10
170.0692865740741
 20
428.5687554629629
 30
0.0
 10
171.5768236111111
 20
427.6985702777778
 30
0.0
 10
172.1788976851851
 20
427.0964962037037
 30
0.0
 10
172.7809717592592
 20
426.4944221296296
 30
0.0
 10
173.3830458333333
 20
425.8923480555555
 30
0.0
 10
173.3618791666667
 20
425.7335980555555
 30
0.0
 10
172.8821013888889
 20
424.6999591666666
 30
0.0
 10
171.9684069444444
 20
423.7862647222223
 30
0.0
 10
170.9912125
 20
422.8090702777778
 30
0.0
 10
170.4056013888889
 20
422.2975425
 30
0.0
 10
170.1692402777778
 20
422.0541258333333
 30
0.0
 10
169.6965180555555
 20
421.582579537037
 30
0.0
 10
169.2237958333333
 20
421.1110332407407
 30
0.0
 10
168.7510736111111
 20
420.6394869444444
 30
0.0
 10
169.4578050925926
 20
419.9327554629629
 30
0.0
 10
170.1645365740741
 20
419.2260239814815
 30
0.0
 10
170.8712680555556
 20
418.5192925
 30
0.0
 10
171.3416384259259
 20
418.9896628703703
 30
0.0
 10
171.8120087962963
 20
419.4600332407406
 30
0.0
 10
172.2823791666667
 20
419.9304036111111
 30
0.0
 10
172.5257958333333
 20
420.1702925
 30
0.0
 10
173.0408513888889
 20
420.7559036111111
 30
0.0
 10
174.0215736111111
 20
421.7366258333333
 30
0.0
 10
174.9458513888889
 20
422.6538480555556
 30
0.0
 10
175.9759625
 20
423.1265702777777
 30
0.0
 10
176.1276569444444
 20
423.1442091666666
 30
0.0
 10
176.7273791666667
 20
422.5444869444444
 30
0.0
 10
177.3271013888889
 20
421.9447647222221
 30
0.0
 10
177.9268236111111
 20
421.3450425
 30
0.0
 10
178.7981847222222
 20
419.837505462963
 30
0.0
 10
179.6695458333333
 20
418.3299684259259
 30
0.0
 10
180.5409069444444
 20
416.8224313888889
 30
0.0
 10
181.4110921296296
 20
415.3148943518518
 30
0.0
 10
182.2812773148148
 20
413.8073573148147
 30
0.0
 10
183.1514625
 20
412.2998202777777
 30
0.0
 10
183.3713606481481
 20
411.4766721296296
 30
0.0
 10
183.5912587962963
 20
410.6535239814814
 30
0.0
 10
183.8111569444444
 20
409.8303758333333
 30
0.0
 10
183.6982680555556
 20
409.6963202777778
 30
0.0
 10
182.7739902777778
 20
409.0472091666667
 30
0.0
 10
181.5357402777778
 20
408.7155980555556
 30
0.0
 10
180.1987125
 20
408.3557647222222
 30
0.0
 10
179.4367125
 20
408.2075980555555
 30
0.0
 10
179.1086291666666
 20
408.1158758333333
 30
0.0
 10
178.4642217592592
 20
407.9441906481482
 30
0.0
 10
177.8198143518518
 20
407.772505462963
 30
0.0
 10
177.1754069444444
 20
407.6008202777778
 30
0.0
 10
177.4329347222222
 20
406.6353850925926
 30
0.0
 10
177.6904625
 20
405.6699499074074
 30
0.0
 10
177.9479902777778
 20
404.7045147222222
 30
0.0
 10
178.5912217592592
 20
404.8773758333334
 30
0.0
 10
179.2344532407407
 20
405.0502369444444
 30
0.0
 10
179.8776847222222
 20
405.2230980555555
 30
0.0
 10
180.2092958333333
 20
405.3077647222222
 30
0.0
 10
180.9466013888889
 20
405.5547091666667
 30
0.0
 10
182.2871569444444
 20
405.9145425
 30
0.0
 10
183.5430458333333
 20
406.2461536111111
 30
0.0
 10
184.6648791666667
 20
406.1403202777778
 30
0.0
 10
184.8165736111111
 20
406.0803480555555
 30
0.0
 10
185.0376476851851
 20
405.2607276851851
 30
0.0
 10
185.2587217592592
 20
404.4411073148148
 30
0.0
 10
185.4797958333333
 20
403.6214869444444
 30
0.0
  0
SPLINE
  5
E4
330
1F
100
AcDbEntity
  8
DEFAULT
 62
   240
100
AcDbSpline
210
0.0
220
0.0
230
1.0
 70
    11
 71
     3
 72
   311
 73
   307
 74
     0
 42
0.000000001
 43
0.0000000001
 40
7.209438258283408
 40
7.209438258283408
 40
7.209438258283408
 40
7.209438258283408
 40
22.00943825828336
 40
22.00943825828336
 40
22.00943825828336
 40
43.22473698349592
 40
43.22473698349592
 40
43.22473698349592
 40
44.22473698349592
 40
44.22473698349592
 40
44.22473698349592
 40
49.10473698349591
 40
49.10473698349591
 40
49.10473698349591
 40
50.10473698349591
 40
50.10473698349591
 40
50.10473698349591
 40
51.10473698349591
 40
51.10473698349591
 40
51.10473698349591
 40
56.76473698349577
 40
56.76473698349577
 40
56.76473698349577
 40
65.26473698349577
 40
65.26473698349577
 40
65.26473698349577
 40
70.94474578630569
 40
70.94474578630569
 40
70.94474578630569
 40
71.94474578630569
 40
71.94474578630569
 40
71.94474578630569
 40
72.94474578630569
 40
72.94474578630569
 40
72.94474578630569
 40
80.20474578630571
 40
80.20474578630571
 40
80.20474578630571
 40
81.20474578630571
 40
81.20474578630571
 40
81.20474578630571
 40
82.20474578630571
 40
82.20474578630571
 40
82.20474578630571
 40
83.20474578630571
 40
83.20474578630571
 40
83.20474578630571
 40
84.20474578630571
 40
84.20474578630571
 40
84.20474578630571
 40
85.20474578630571
 40
85.20474578630571
 40
85.20474578630571
 40
86.20474578630571
 40
86.20474578630571
 40
86.20474578630571
 40
94.70474578630571
 40
94.70474578630571
 40
94.70474578630571
 40
103.2047457863057
 40
103.2047457863057
 40
103.2047457863057
 40
111.7247516548483
 40
111.7247516548483
 40
111.7247516548483
 40
112.7247516548483
 40
112.7247516548483
 40
112.7247516548483
 40
113.7247516548483
 40
113.7247516548483
 40
113.7247516548483
 40
114.7247516548483
 40
114.7247516548483
 40
114.7247516548483
 40
115.7247516548483
 40
115.7247516548483
 40
115.7247516548483
 40
116.7247516548483
 40
116.7247516548483
 40
116.7247516548483
 40
117.7247516548483
 40
117.7247516548483
 40
117.7247516548483
 40
124.9347516548482
 40
124.9347516548482
 40
124.9347516548482
 40
125.9347516548482
 40
125.9347516548482
 40
125.9347516548482
 40
126.9347516548482
 40
126.9347516548482
 40
126.9347516548482
 40
132.5947516548481
 40
132.5947516548481
 40
132.5947516548481
 40
141.0947516548481
 40
141.0947516548481
 40
141.0947516548481
 40
146.774760457658
 40
146.774760457658
 40
146.774760457658
 40
147.774760457658
 40
147.774760457658
 40
147.774760457658
 40
148.774760457658
 40
148.774760457658
 40
148.774760457658
 40
153.684760457658
 40
153.684760457658
 40
153.684760457658
 40
154.684760457658
 40
154.684760457658
 40
154.684760457658
 40
175.8982137361793
 40
175.8982137361793
 40
175.8982137361793
 40
190.6982137361792
 40
190.6982137361792
 40
190.6982137361792
 40
197.9024624825789
 40
197.9024624825789
 40
197.9024624825789
 40
198.9024624825789
 40
198.9024624825789
 40
198.9024624825789
 40
199.9024624825789
 40
199.9024624825789
 40
199.9024624825789
 40
205.5665422842766
 40
205.5665422842766
 40
205.5665422842766
 40
214.0732749120251
 40
214.0732749120251
 40
214.0732749120251
 40
219.7444299971907
 40
219.7444299971907
 40
219.7444299971907
 40
220.7444299971907
 40
220.7444299971907
 40
220.7444299971907
 40
221.7444299971907
 40
221.7444299971907
 40
221.7444299971907
 40
228.989904446804
 40
228.989904446804
 40
228.989904446804
 40
243.8010117653
 40
243.8010117653
 40
243.8010117653
 40
258.6034575091627
 40
258.6034575091627
 40
258.6034575091627
 40
265.8230212078913
 40
265.8230212078913
 40
265.8230212078913
 40
266.8230212078913
 40
266.8230212078913
 40
266.8230212078913
 40
267.8230212078913
 40
267.8230212078913
 40
267.8230212078913
 40
273.4798754573836
 40
273.4798754573836
 40
273.4798754573836
 40
281.9792989672459
 40
281.9792989672459
 40
281.9792989672459
 40
287.6503129859202
 40
287.6503129859202
 40
287.6503129859202
 40
288.6503129859202
 40
288.6503129859202
 40
288.6503129859202
 40
289.6503129859202
 40
289.6503129859202
 40
289.6503129859202
 40
296.8910864252704
 40
296.8910864252704
 40
296.8910864252704
 40
311.6885355297613
 40
311.6885355297613
 40
311.6885355297613
 40
326.4959829802843
 40
326.4959829802843
 40
326.4959829802843
 40
333.6905712242355
 40
333.6905712242355
 40
333.6905712242355
 40
334.6905712242355
 40
334.6905712242355
 40
334.6905712242355
 40
335.6905712242355
 40
335.6905712242355
 40
335.6905712242355
 40
341.3546510259332
 40
341.3546510259332
 40
341.3546510259332
 40
349.8446451366497
 40
349.8446451366497
 40
349.8446451366497
 40
355.5306366948566
 40
355.5306366948566
 40
355.5306366948566
 40
356.5306366948566
 40
356.5306366948566
 40
356.5306366948566
 40
357.5306366948566
 40
357.5306366948566
 40
357.5306366948566
 40
364.7857728066053
 40
364.7857728066053
 40
364.7857728066053
 40
394.4057728066053
 40
394.4057728066053
 40
394.4057728066053
 40
401.660908918354
 40
401.660908918354
 40
401.660908918354
 40
402.660908918354
 40
402.660908918354
 40
402.660908918354
 40
403.660908918354
 40
403.660908918354
 40
403.660908918354
 40
409.3495115587219
 40
409.3495115587219
 40
409.3495115587219
 40
417.8491644928128
 40
417.8491644928128
 40
417.8491644928128
 40
423.5132442945105
 40
423.5132442945105
 40
423.5132442945105
 40
424.5132442945105
 40
424.5132442945105
 40
424.5132442945105
 40
425.5132442945105
 40
425.5132442945105
 40
425.5132442945105
 40
432.7078325384617
 40
432.7078325384617
 40
432.7078325384617
 40
447.5066230295794
 40
447.5066230295794
 40
447.5066230295794
 40
462.3040721340704
 40
462.3040721340704
 40
462.3040721340704
 40
469.5589877090445
 40
469.5589877090445
 40
469.5589877090445
 40
470.5589877090445
 40
470.5589877090445
 40
470.5589877090445
 40
471.5589877090445
 40
471.5589877090445
 40
471.5589877090445
 40
477.2300017277187
 40
477.2300017277187
 40
477.2300017277187
 40
485.729425237581
 40
485.729425237581
 40
485.729425237581
 40
491.3862794870734
 40
491.3862794870734
 40
491.3862794870734
 40
492.3862794870734
 40
492.3862794870734
 40
492.3862794870734
 40
493.3862794870734
 40
493.3862794870734
 40
493.3862794870734
 40
500.605843185802
 40
500.605843185802
 40
500.605843185802
 40
515.4032922902928
 40
515.4032922902928
 40
515.4032922902928
 40
530.2143996087888
 40
530.2143996087888
 40
530.2143996087888
 40
537.4528041291234
 40
537.4528041291234
 40
537.4528041291234
 40
538.4528041291234
 40
538.4528041291234
 40
538.4528041291234
 40
539.4528041291234
 40
539.4528041291234
 40
539.4528041291234
 40
545.1336227321066
 40
545.1336227321066
 40
545.1336227321066
 40
553.6332756661975
 40
553.6332756661975
 40
553.6332756661975
 40
559.2947684022168
 40
559.2947684022168
 40
559.2947684022168
 40
560.2947684022168
 40
560.2947684022168
 40
560.2947684022168
 40
561.2947684022168
 40
561.2947684022168
 40
561.2947684022168
 40
568.5042066605002
 40
568.5042066605002
 40
568.5042066605002
 40
568.5042066605002
 10
79.24729444444444
 20
403.6232508333333
 30
0.0
 10
79.24729444444444
 20
401.8828804629629
 30
0.0
 10
79.24729444444444
 20
400.1425100925925
 30
0.0
 10
79.24729444444444
 20
398.4021397222221
 30
0.0
 10
78.78633148148147
 20
395.9503341666666
 30
0.0
 10
78.32536851851852
 20
393.4985286111109
 30
0.0
 10
77.86440555555555
 20
391.0467230555554
 30
0.0
 10
77.77621111111111
 20
390.5740008333333
 30
0.0
 10
77.3634611111111
 20
390.2318063888888
 30
0.0
 10
76.88015555555555
 20
390.2318063888888
 30
0.0
 10
76.3063037037037
 20
390.2318063888888
 30
0.0
 10
75.73245185185185
 20
390.2318063888888
 30
0.0
 10
75.15859999999999
 20
390.2318063888888
 30
0.0
 10
75.06335
 20
390.3588063888889
 30
0.0
 10
74.67176666666666
 20
391.4206675
 30
0.0
 10
74.6682388888889
 20
392.7188897222221
 30
0.0
 10
74.6682388888889
 20
394.1053063888888
 30
0.0
 10
74.71762777777778
 20
394.8814174999999
 30
0.0
 10
74.7141
 20
395.2200841666667
 30
0.0
 10
74.7141
 20
395.8856582407407
 30
0.0
 10
74.7141
 20
396.5512323148147
 30
0.0
 10
74.7141
 20
397.2168063888888
 30
0.0
 10
73.71456296296296
 20
397.2168063888888
 30
0.0
 10
72.71502592592591
 20
397.2168063888888
 30
0.0
 10
71.71548888888888
 20
397.2168063888888
 30
0.0
 10
71.7166648148148
 20
396.5488804629629
 30
0.0
 10
71.71784074074073
 20
395.880954537037
 30
0.0
 10
71.71901666666666
 20
395.2130286111111
 30
0.0
 10
71.71548888888888
 20
394.8778897222222
 30
0.0
 10
71.76840555555556
 20
394.0982508333333
 30
0.0
 10
71.76840555555556
 20
392.7188897222221
 30
0.0
 10
71.76840555555556
 20
391.4418341666666
 30
0.0
 10
71.38387777777777
 20
390.3799730555555
 30
0.0
 10
71.2851
 20
390.2318063888888
 30
0.0
 10
70.43137777777777
 20
390.2318063888888
 30
0.0
 10
69.57765555555555
 20
390.2318063888888
 30
0.0
 10
68.72393333333332
 20
390.2318063888888
 30
0.0
 10
68.72393333333332
 20
390.2318063888888
 30
0.0
 10
61.5061
 20
395.7069174999999
 30
0.0
 10
60.37015555555556
 20
398.4021397222222
 30
0.0
 10
59.14954444444444
 20
401.309028611111
 30
0.0
 10
59.5376
 20
404.6568897222222
 30
0.0
 10
57.9642111111111
 20
407.3873897222222
 30
0.0
 10
56.38376666666666
 20
410.1214174999999
 30
0.0
 10
54.11540555555556
 20
412.3862508333332
 30
0.0
 10
51.38490555555556
 20
413.9631674999999
 30
0.0
 10
49.21885
 20
415.215528611111
 30
0.0
 10
46.82348888888889
 20
415.9951674999999
 30
0.0
 10
44.35757222222222
 20
416.263278611111
 30
0.0
 10
44.28701666666667
 20
416.2950286111111
 30
0.0
 10
43.85662777777778
 20
417.3956952777777
 30
0.0
 10
43.8531
 20
418.7574175
 30
0.0
 10
43.8531
 20
420.1438341666666
 30
0.0
 10
43.90248888888889
 20
420.9199452777777
 30
0.0
 10
43.89896111111111
 20
421.2621397222222
 30
0.0
 10
43.89896111111111
 20
422.2616767592592
 30
0.0
 10
43.89896111111111
 20
423.2612137962963
 30
0.0
 10
43.89896111111111
 20
424.2607508333332
 30
0.0
 10
42.89942407407407
 20
424.2607508333332
 30
0.0
 10
41.89988703703703
 20
424.2607508333332
 30
0.0
 10
40.90035
 20
424.2607508333332
 30
0.0
 10
40.90152592592593
 20
423.2588619444444
 30
0.0
 10
40.90270185185185
 20
422.2569730555555
 30
0.0
 10
40.90387777777778
 20
421.2550841666666
 30
0.0
 10
40.90035
 20
420.9164174999999
 30
0.0
 10
40.95326666666666
 20
420.1403063888888
 30
0.0
 10
40.95326666666666
 20
418.7574175
 30
0.0
 10
40.95326666666666
 20
417.4239174999999
 30
0.0
 10
40.53346111111111
 20
416.326778611111
 30
0.0
 10
40.45937777777777
 20
416.263278611111
 30
0.0
 10
37.98287777777777
 20
415.9986952777777
 30
0.0
 10
35.58398888888889
 20
415.2190563888888
 30
0.0
 10
33.41087777777778
 20
413.9631674999999
 30
0.0
 10
30.68390555555555
 20
412.3862508333332
 30
0.0
 10
28.41201666666667
 20
410.1214174999999
 30
0.0
 10
26.83862777777778
 20
407.3873897222222
 30
0.0
 10
25.25818333333333
 20
404.6568897222222
 30
0.0
 10
25.64976666666666
 20
401.309028611111
 30
0.0
 10
24.42915555555556
 20
398.4021397222222
 30
0.0
 10
23.29321111111111
 20
395.7069174999999
 30
0.0
 10
16.07184999999999
 20
390.2318063888888
 30
0.0
 10
16.07184999999999
 20
390.2318063888888
 30
0.0
 10
15.2240074074074
 20
390.2318063888888
 30
0.0
 10
14.37616481481481
 20
390.2318063888888
 30
0.0
 10
13.52832222222223
 20
390.2318063888888
 30
0.0
 10
13.42954444444445
 20
390.3588063888889
 30
0.0
 10
13.03796111111111
 20
391.4206675
 30
0.0
 10
13.03443333333333
 20
392.7188897222221
 30
0.0
 10
13.03443333333333
 20
394.1053063888888
 30
0.0
 10
13.08382222222222
 20
394.8814174999999
 30
0.0
 10
13.08029444444444
 20
395.2200841666667
 30
0.0
 10
13.08029444444444
 20
395.8856582407407
 30
0.0
 10
13.08029444444444
 20
396.5512323148147
 30
0.0
 10
13.08029444444444
 20
397.2168063888888
 30
0.0
 10
12.08075740740741
 20
397.2168063888888
 30
0.0
 10
11.08122037037037
 20
397.2168063888888
 30
0.0
 10
10.08168333333333
 20
397.2168063888888
 30
0.0
 10
10.08285925925926
 20
396.5488804629629
 30
0.0
 10
10.08403518518518
 20
395.880954537037
 30
0.0
 10
10.08521111111111
 20
395.2130286111111
 30
0.0
 10
10.08168333333333
 20
394.8778897222222
 30
0.0
 10
10.1346
 20
394.0982508333333
 30
0.0
 10
10.1346
 20
392.7188897222221
 30
0.0
 10
10.1346
 20
391.4418341666666
 30
0.0
 10
9.750072222222224
 20
390.3799730555555
 30
0.0
 10
9.651294444444446
 20
390.2318063888888
 30
0.0
 10
9.073914814814815
 20
390.2318063888888
 30
0.0
 10
8.496535185185186
 20
390.2318063888888
 30
0.0
 10
7.919155555555557
 20
390.2318063888888
 30
0.0
 10
7.43585
 20
390.2318063888888
 30
0.0
 10
7.023100000000005
 20
390.5740008333333
 30
0.0
 10
6.93490555555556
 20
391.0467230555554
 30
0.0
 10
6.475118518518523
 20
393.498528611111
 30
0.0
 10
6.015331481481486
 20
395.9503341666666
 30
0.0
 10
5.55554444444445
 20
398.4021397222222
 30
0.0
 10
5.55554444444445
 20
400.1425100925925
 30
0.0
 10
5.55554444444445
 20
401.8828804629629
 30
0.0
 10
5.55554444444445
 20
403.6232508333333
 30
0.0
 10
5.77426666666667
 20
404.4416952777777
 30
0.0
 10
5.992988888888891
 20
405.2601397222222
 30
0.0
 10
6.211711111111112
 20
406.0785841666666
 30
0.0
 10
6.363405555555559
 20
406.1420841666666
 30
0.0
 10
7.485238888888895
 20
406.2479175
 30
0.0
 10
8.741127777777773
 20
405.912778611111
 30
0.0
 10
10.08168333333333
 20
405.5564730555555
 30
0.0
 10
10.81898888888889
 20
405.3060008333333
 30
0.0
 10
11.1506
 20
405.2213341666666
 30
0.0
 10
11.79383148148148
 20
405.0484730555555
 30
0.0
 10
12.43706296296296
 20
404.8756119444444
 30
0.0
 10
13.08029444444444
 20
404.7027508333333
 30
0.0
 10
13.33782222222222
 20
405.6693619444443
 30
0.0
 10
13.59535
 20
406.6359730555555
 30
0.0
 10
13.85287777777778
 20
407.6025841666666
 30
0.0
 10
13.20847037037037
 20
407.7742693518518
 30
0.0
 10
12.56406296296296
 20
407.945954537037
 30
0.0
 10
11.91965555555556
 20
408.1176397222222
 30
0.0
 10
11.59157222222222
 20
408.2058341666666
 30
0.0
 10
10.82957222222222
 20
408.3575286111111
 30
0.0
 10
9.49254444444445
 20
408.7138341666666
 30
0.0
 10
8.254294444444442
 20
409.0454452777777
 30
0.0
 10
7.330016666666663
 20
409.6945563888888
 30
0.0
 10
7.217127777777777
 20
409.8286119444443
 30
0.0
 10
7.437025925925925
 20
410.6517600925925
 30
0.0
 10
7.656924074074074
 20
411.4749082407407
 30
0.0
 10
7.876822222222223
 20
412.2980563888888
 30
0.0
 10
8.74700740740741
 20
413.8067693518518
 30
0.0
 10
9.617192592592595
 20
415.3154823148147
 30
0.0
 10
10.48737777777778
 20
416.8241952777777
 30
0.0
 10
11.35756296296297
 20
418.3317323148148
 30
0.0
 10
12.22774814814815
 20
419.8392693518518
 30
0.0
 10
13.09793333333334
 20
421.3468063888888
 30
0.0
 10
13.69883148148148
 20
421.946528611111
 30
0.0
 10
14.29972962962963
 20
422.5462508333333
 30
0.0
 10
14.90062777777778
 20
423.1459730555555
 30
0.0
 10
15.04173888888889
 20
423.1318619444444
 30
0.0
 10
16.07890555555555
 20
422.6556119444444
 30
0.0
 10
17.00671111111111
 20
421.7348619444443
 30
0.0
 10
17.98743333333333
 20
420.7541397222221
 30
0.0
 10
18.50248888888889
 20
420.1720563888888
 30
0.0
 10
18.74590555555556
 20
419.9321674999999
 30
0.0
 10
19.21627592592593
 20
419.4617971296295
 30
0.0
 10
19.6866462962963
 20
418.9914267592592
 30
0.0
 10
20.15701666666667
 20
418.5210563888888
 30
0.0
 10
20.86374814814815
 20
419.2277878703703
 30
0.0
 10
21.57047962962963
 20
419.9345193518518
 30
0.0
 10
22.27721111111111
 20
420.6412508333333
 30
0.0
 10
21.80448888888889
 20
421.1116212037036
 30
0.0
 10
21.33176666666667
 20
421.581991574074
 30
0.0
 10
20.85904444444445
 20
422.0523619444444
 30
0.0
 10
20.62268333333333
 20
422.2957786111111
 30
0.0
 10
20.03707222222222
 20
422.8073063888889
 30
0.0
 10
19.05987777777777
 20
423.7845008333333
 30
0.0
 10
18.1356
 20
424.708778611111
 30
0.0
 10
17.65582222222222
 20
425.756528611111
 30
0.0
 10
17.64523888888889
 20
425.8941119444444
 30
0.0
 10
18.24731296296296
 20
426.4961860185185
 30
0.0
 10
18.84938703703704
 20
427.0982600925925
 30
0.0
 10
19.45146111111111
 20
427.7003341666666
 30
0.0
 10
20.95899814814815
 20
428.5693434259259
 30
0.0
 10
22.46653518518518
 20
429.4383526851852
 30
0.0
 10
23.97407222222222
 20
430.3073619444444
 30
0.0
 10
25.48160925925925
 20
431.1787230555556
 30
0.0
 10
26.98914629629629
 20
432.0500841666666
 30
0.0
 10
28.49668333333333
 20
432.9214452777777
 30
0.0
 10
29.31395185185184
 20
433.1401674999999
 30
0.0
 10
30.13122037037037
 20
433.3588897222221
 30
0.0
 10
30.94848888888889
 20
433.5776119444444
 30
0.0
 10
31.06137777777777
 20
433.5105841666666
 30
0.0
 10
31.73165555555556
 20
432.5721952777777
 30
0.0
 10
32.07737777777778
 20
431.3021952777777
 30
0.0
 10
32.43368333333333
 20
429.9651674999999
 30
0.0
 10
32.58890555555556
 20
429.1996397222222
 30
0.0
 10
32.68062777777778
 20
428.8715563888888
 30
0.0
 10
32.85348888888888
 20
428.2283249074073
 30
0.0
 10
33.02635
 20
427.5850934259258
 30
0.0
 10
33.19921111111111
 20
426.9418619444443
 30
0.0
 10
34.16347037037037
 20
427.200565648148
 30
0.0
 10
35.12772962962963
 20
427.4592693518518
 30
0.0
 10
36.09198888888888
 20
427.7179730555555
 30
0.0
 10
35.91795185185185
 20
428.3635563888888
 30
0.0
 10
35.74391481481481
 20
429.0091397222222
 30
0.0
 10
35.56987777777778
 20
429.6547230555555
 30
0.0
 10
35.48521111111111
 20
429.9828063888888
 30
0.0
 10
35.23473888888888
 20
430.7165841666666
 30
0.0
 10
34.87490555555556
 20
432.0536119444444
 30
0.0
 10
34.53976666666667
 20
433.3024452777777
 30
0.0
 10
34.64559999999999
 20
434.4383897222221
 30
0.0
 10
34.70204444444445
 20
434.5865563888888
 30
0.0
 10
35.52636851851852
 20
434.8064545370369
 30
0.0
 10
36.35069259259259
 20
435.0263526851851
 30
0.0
 10
37.17501666666666
 20
435.2462508333333
 30
0.0
 10
40.65810925925926
 20
435.2462508333333
 30
0.0
 10
44.14120185185184
 20
435.2462508333333
 30
0.0
 10
47.62429444444444
 20
435.2462508333333
 30
0.0
 10
48.44861851851851
 20
435.0263526851851
 30
0.0
 10
49.27294259259259
 20
434.8064545370369
 30
0.0
 10
50.09726666666666
 20
434.5865563888888
 30
0.0
 10
50.15371111111111
 20
434.4383897222221
 30
0.0
 10
50.25954444444444
 20
433.3024452777777
 30
0.0
 10
49.92440555555555
 20
432.0536119444444
 30
0.0
 10
49.56457222222222
 20
430.7165841666666
 30
0.0
 10
49.31057222222223
 20
429.9828063888888
 30
0.0
 10
49.22943333333333
 20
429.6547230555555
 30
0.0
 10
49.05422037037037
 20
429.0091397222222
 30
0.0
 10
48.87900740740741
 20
428.3635563888888
 30
0.0
 10
48.70379444444444
 20
427.7179730555555
 30
0.0
 10
49.66922962962963
 20
427.4592693518518
 30
0.0
 10
50.63466481481481
 20
427.2005656481481
 30
0.0
 10
51.6001
 20
426.9418619444443
 30
0.0
 10
51.77296111111111
 20
427.5850934259258
 30
0.0
 10
51.94582222222223
 20
428.2283249074073
 30
0.0
 10
52.11868333333333
 20
428.8715563888888
 30
0.0
 10
52.21040555555555
 20
429.1996397222222
 30
0.0
 10
52.36562777777777
 20
429.9651674999999
 30
0.0
 10
52.72193333333333
 20
431.3021952777777
 30
0.0
 10
53.06765555555555
 20
432.5721952777777
 30
0.0
 10
53.73793333333333
 20
433.5105841666666
 30
0.0
 10
53.85082222222223
 20
433.5776119444444
 30
0.0
 10
54.66809074074074
 20
433.3588897222222
 30
0.0
 10
55.48535925925926
 20
433.1401674999999
 30
0.0
 10
56.30262777777778
 20
432.9214452777777
 30
0.0
 10
57.8089888888889
 20
432.0500841666666
 30
0.0
 10
59.31535
 20
431.1787230555556
 30
0.0
 10
60.82171111111111
 20
430.3073619444444
 30
0.0
 10
62.32924814814815
 20
429.4383526851852
 30
0.0
 10
63.83678518518517
 20
428.5693434259259
 30
0.0
 10
65.34432222222222
 20
427.7003341666666
 30
0.0
 10
65.94757222222222
 20
427.0970841666665
 30
0.0
 10
66.55082222222222
 20
426.4938341666666
 30
0.0
 10
67.15407222222221
 20
425.8905841666665
 30
0.0
 10
67.13290555555555
 20
425.7318341666666
 30
0.0
 10
66.65312777777777
 20
424.6981952777777
 30
0.0
 10
65.73943333333334
 20
423.7845008333333
 30
0.0
 10
64.76223888888889
 20
422.8073063888889
 30
0.0
 10
64.17662777777777
 20
422.2957786111111
 30
0.0
 10
63.94026666666666
 20
422.0523619444444
 30
0.0
 10
63.46754444444444
 20
421.581991574074
 30
0.0
 10
62.99482222222221
 20
421.1116212037036
 30
0.0
 10
62.52209999999999
 20
420.6412508333333
 30
0.0
 10
63.22883148148148
 20
419.9345193518518
 30
0.0
 10
63.93556296296296
 20
419.2277878703703
 30
0.0
 10
64.64229444444445
 20
418.5210563888888
 30
0.0
 10
65.1126648148148
 20
418.9914267592592
 30
0.0
 10
65.58303518518518
 20
419.4617971296295
 30
0.0
 10
66.05340555555554
 20
419.9321674999999
 30
0.0
 10
66.29682222222222
 20
420.1720563888888
 30
0.0
 10
66.81187777777777
 20
420.7541397222221
 30
0.0
 10
67.7926
 20
421.7348619444443
 30
0.0
 10
68.72040555555554
 20
422.6556119444444
 30
0.0
 10
69.75757222222222
 20
423.1318619444444
 30
0.0
 10
69.89868333333332
 20
423.1459730555555
 30
0.0
 10
70.49958148148147
 20
422.5462508333333
 30
0.0
 10
71.10047962962962
 20
421.946528611111
 30
0.0
 10
71.70137777777776
 20
421.3468063888888
 30
0.0
 10
72.57038703703702
 20
419.8392693518518
 30
0.0
 10
73.4393962962963
 20
418.3317323148148
 30
0.0
 10
74.30840555555555
 20
416.8241952777777
 30
0.0
 10
75.17859074074073
 20
415.3154823148147
 30
0.0
 10
76.04877592592591
 20
413.8067693518518
 30
0.0
 10
76.9189611111111
 20
412.2980563888888
 30
0.0
 10
77.14003518518518
 20
411.4760841666666
 30
0.0
 10
77.36110925925925
 20
410.6541119444444
 30
0.0
 10
77.58218333333333
 20
409.8321397222221
 30
0.0
 10
77.49398888888888
 20
409.7121952777777
 30
0.0
 10
76.55912777777777
 20
409.0489730555555
 30
0.0
 10
75.30676666666666
 20
408.7138341666666
 30
0.0
 10
73.96973888888888
 20
408.3575286111111
 30
0.0
 10
73.20773888888888
 20
408.2058341666666
 30
0.0
 10
72.87965555555554
 20
408.1176397222222
 30
0.0
 10
72.23407222222221
 20
407.945954537037
 30
0.0
 10
71.58848888888889
 20
407.7742693518518
 30
0.0
 10
70.94290555555555
 20
407.6025841666666
 30
0.0
 10
71.20160925925926
 20
406.6371489814815
 30
0.0
 10
71.46031296296296
 20
405.6717137962963
 30
0.0
 10
71.71901666666666
 20
404.706278611111
 30
0.0
 10
72.36224814814814
 20
404.8779637962962
 30
0.0
 10
73.00547962962962
 20
405.0496489814814
 30
0.0
 10
73.6487111111111
 20
405.2213341666666
 30
0.0
 10
73.98032222222221
 20
405.3060008333333
 30
0.0
 10
74.71762777777778
 20
405.5564730555555
 30
0.0
 10
76.05818333333333
 20
405.912778611111
 30
0.0
 10
77.30701666666666
 20
406.2443897222222
 30
0.0
 10
78.4253222222222
 20
406.1456119444444
 30
0.0
 10
78.58407222222222
 20
406.0785841666666
 30
0.0
 10
78.8051462962963
 20
405.2601397222222
 30
0.0
 10
79.02622037037037
 20
404.4416952777777
 30
0.0
 10
79.24729444444444
 20
403.6232508333333
 30
0.0
  0
SPLINE
  5
E5
330
1F
100
AcDbEntity
  8
DEFAULT
 62
   177
100
AcDbSpline
210
0.0
220
0.0
230
1.0
 70
    11
 71
     3
 72
    38
 73
    34
 74
     0
 42
0.000000001
 43
0.0000000001
 40
2.160000000000082
 40
2.160000000000082
 40
2.160000000000082
 40
2.160000000000082
 40
3.160000000000082
 40
3.160000000000082
 40
3.160000000000082
 40
4.160000000000082
 40
4.160000000000082
 40
4.160000000000082
 40
4.250999999999976
 40
4.250999999999976
 40
4.250999999999976
 40
5.250999999999976
 40
5.250999999999976
 40
5.250999999999976
 40
6.250999999999976
 40
6.250999999999976
 40
6.250999999999976
 40
7.250999999999976
 40
7.250999999999976
 40
7.250999999999976
 40
8.250999999999976
 40
8.250999999999976
 40
8.250999999999976
 40
9.250999999999976
 40
9.250999999999976
 40
9.250999999999976
 40
10.25099999999998
 40
10.25099999999998
 40
10.25099999999998
 40
11.25099999999998
 40
11.25099999999998
 40
11.25099999999998
 40
13.41100000000006
 40
13.41100000000006
 40
13.41100000000006
 40
13.41100000000006
 10
404.2161644444444
 20
492.8320372222222
 30
0.0
 10
404.0256644444444
 20
492.8426205555555
 30
0.0
 10
403.7826005555555
 20
492.8320372222222
 30
0.0
 10
403.5180172222222
 20
492.7897038888889
 30
0.0
 10
402.0575172222223
 20
492.5459344444445
 30
0.0
 10
401.2845811111111
 20
491.4773705555556
 30
0.0
 10
401.1258311111111
 20
490.3449538888889
 30
0.0
 10
401.1365320370371
 20
490.3449538888888
 30
0.0
 10
401.147232962963
 20
490.3449538888888
 30
0.0
 10
401.1579338888889
 20
490.3449538888889
 30
0.0
 10
401.4860172222222
 20
490.7788705555556
 30
0.0
 10
402.0575172222223
 20
491.1387038888889
 30
0.0
 10
402.8191644444444
 20
491.1387038888889
 30
0.0
 10
404.0362477777778
 20
491.1387038888889
 30
0.0
 10
404.8934977777778
 20
490.2602872222222
 30
0.0
 10
404.8934977777778
 20
488.9162038888889
 30
0.0
 10
404.8934977777778
 20
487.6567872222222
 30
0.0
 10
404.0362477777778
 20
486.4926205555555
 30
0.0
 10
402.6074977777778
 20
486.4926205555555
 30
0.0
 10
401.1367672222222
 20
486.4926205555555
 30
0.0
 10
400.1736838888888
 20
487.6356205555555
 30
0.0
 10
400.1736838888888
 20
489.4242038888888
 30
0.0
 10
400.1736838888888
 20
490.7788705555556
 30
0.0
 10
400.6605172222222
 20
491.8477872222222
 30
0.0
 10
401.3378505555555
 20
492.5251205555556
 30
0.0
 10
401.9093505555555
 20
493.0860372222222
 30
0.0
 10
402.6709977777777
 20
493.4352872222222
 30
0.0
 10
403.5388311111111
 20
493.5411205555556
 30
0.0
 10
403.8139977777777
 20
493.583101111111
 30
0.0
 10
404.0471838888889
 20
493.5940372222223
 30
0.0
 10
404.2161644444444
 20
493.5940372222223
 30
0.0
 10
404.2161644444444
 20
493.3400372222222
 30
0.0
 10
404.2161644444444
 20
493.0860372222223
 30
0.0
 10
404.2161644444444
 20
492.8320372222222
 30
0.0
  0
SPLINE
  5
E6
330
1F
100
AcDbEntity
  8
DEFAULT
 62
   177
100
AcDbSpline
210
0.0
220
0.0
230
1.0
 70
    11
 71
     3
 72
    20
 73
    16
 74
     0
 42
0.000000001
 43
0.0000000001
 40
1.0
 40
1.0
 40
1.0
 40
1.0
 40
2.0
 40
2.0
 40
2.0
 40
3.0
 40
3.0
 40
3.0
 40
4.0
 40
4.0
 40
4.0
 40
5.0
 40
5.0
 40
5.0
 40
6.0
 40
6.0
 40
6.0
 40
6.0
 10
403.9515811111111
 20
488.8632872222222
 30
0.0
 10
403.9515811111111
 20
489.8475372222222
 30
0.0
 10
403.3906644444444
 20
490.4402038888889
 30
0.0
 10
402.5334144444444
 20
490.4402038888889
 30
0.0
 10
401.9728505555556
 20
490.4402038888889
 30
0.0
 10
401.4542672222222
 20
490.0909538888889
 30
0.0
 10
401.1999144444445
 20
489.5935372222222
 30
0.0
 10
401.1367672222222
 20
489.4877038888889
 30
0.0
 10
401.0940811111111
 20
489.3501205555556
 30
0.0
 10
401.0940811111111
 20
489.1807872222222
 30
0.0
 10
401.1156005555555
 20
488.0483705555556
 30
0.0
 10
401.6341838888889
 20
487.2122872222222
 30
0.0
 10
402.6074977777778
 20
487.2122872222222
 30
0.0
 10
403.4121838888889
 20
487.2122872222222
 30
0.0
 10
403.9515811111111
 20
487.8790372222222
 30
0.0
 10
403.9515811111111
 20
488.8632872222222
 30
0.0
  0
SPLINE
  5
E7
330
1F
100
AcDbEntity
  8
DEFAULT
 62
   177
100
AcDbSpline
210
0.0
220
0.0
230
1.0
 70
    11
 71
     3
 72
    59
 73
    55
 74
     0
 42
0.000000001
 43
0.0000000001
 40
0.0
 40
0.0
 40
0.0
 40
0.0
 40
3.743682812418696
 40
3.743682812418696
 40
3.743682812418696
 40
4.743682812418696
 40
4.743682812418696
 40
4.743682812418696
 40
4.833682812418841
 40
4.833682812418841
 40
4.833682812418841
 40
5.833682812418841
 40
5.833682812418841
 40
5.833682812418841
 40
9.536344017552164
 40
9.536344017552164
 40
9.536344017552164
 40
12.3863440175523
 40
12.3863440175523
 40
12.3863440175523
 40
20.97546510180769
 40
20.97546510180769
 40
20.97546510180769
 40
30.04463270418439
 40
30.04463270418439
 40
30.04463270418439
 40
33.04463270418439
 40
33.04463270418439
 40
33.04463270418439
 40
36.94717034013352
 40
36.94717034013352
 40
36.94717034013352
 40
37.94717034013352
 40
37.94717034013352
 40
37.94717034013352
 40
38.00817034013367
 40
38.00817034013367
 40
38.00817034013367
 40
39.00817034013367
 40
39.00817034013367
 40
39.00817034013367
 40
42.89495577285302
 40
42.89495577285302
 40
42.89495577285302
 40
45.80395577285313
 40
45.80395577285313
 40
45.80395577285313
 40
54.83298567644755
 40
54.83298567644755
 40
54.83298567644755
 40
63.47871647262664
 40
63.47871647262664
 40
63.47871647262664
 40
66.4187164726267
 40
66.4187164726267
 40
66.4187164726267
 40
66.4187164726267
 10
396.1201966666666
 20
491.7313705555555
 30
0.0
 10
396.3634957407406
 20
491.3644816666667
 30
0.0
 10
396.6067948148147
 20
490.9975927777778
 30
0.0
 10
396.8500938888888
 20
490.6307038888889
 30
0.0
 10
397.0405938888888
 20
490.3449538888888
 30
0.0
 10
397.1996966666666
 20
490.0803705555555
 30
0.0
 10
397.36903
 20
489.7946205555555
 30
0.0
 10
397.3796133333333
 20
489.7946205555555
 30
0.0
 10
397.3901966666667
 20
489.7946205555555
 30
0.0
 10
397.40078
 20
489.7946205555555
 30
0.0
 10
397.5697605555555
 20
490.1015372222222
 30
0.0
 10
397.7394466666666
 20
490.3661205555555
 30
0.0
 10
397.9084272222222
 20
490.6412872222222
 30
0.0
 10
398.1483161111111
 20
491.0046483333333
 30
0.0
 10
398.388205
 20
491.3680094444444
 30
0.0
 10
398.6280938888888
 20
491.7313705555555
 30
0.0
 10
398.9632327777777
 20
491.7313705555555
 30
0.0
 10
399.2983716666667
 20
491.7313705555555
 30
0.0
 10
399.6335105555556
 20
491.7313705555555
 30
0.0
 10
399.0515448148149
 20
490.9058705555555
 30
0.0
 10
398.4695790740741
 20
490.0803705555555
 30
0.0
 10
397.8876133333333
 20
489.2548705555555
 30
0.0
 10
398.4872179629629
 20
488.3729261111111
 30
0.0
 10
399.0868225925926
 20
487.4909816666666
 30
0.0
 10
399.6864272222222
 20
486.6090372222222
 30
0.0
 10
399.3336494444443
 20
486.6090372222222
 30
0.0
 10
398.9808716666666
 20
486.6090372222222
 30
0.0
 10
398.6280938888888
 20
486.6090372222222
 30
0.0
 10
398.3776216666666
 20
486.993565
 30
0.0
 10
398.1271494444445
 20
487.3780927777777
 30
0.0
 10
397.8766772222222
 20
487.7626205555555
 30
0.0
 10
397.6755938888889
 20
488.0589538888888
 30
0.0
 10
397.5066133333333
 20
488.3447038888889
 30
0.0
 10
397.3266966666667
 20
488.6516205555555
 30
0.0
 10
397.3195235185185
 20
488.6516205555556
 30
0.0
 10
397.3123503703703
 20
488.6516205555556
 30
0.0
 10
397.3051772222221
 20
488.6516205555555
 30
0.0
 10
397.1361966666667
 20
488.3447038888889
 30
0.0
 10
396.9559272222222
 20
488.0695372222222
 30
0.0
 10
396.7657799999999
 20
487.7626205555555
 30
0.0
 10
396.5187179629629
 20
487.3780927777777
 30
0.0
 10
396.2716559259259
 20
486.993565
 30
0.0
 10
396.0245938888889
 20
486.6090372222222
 30
0.0
 10
395.682517037037
 20
486.6090372222222
 30
0.0
 10
395.3404401851852
 20
486.6090372222222
 30
0.0
 10
394.9983633333333
 20
486.6090372222222
 30
0.0
 10
395.6050235185185
 20
487.4803983333333
 30
0.0
 10
396.2116837037037
 20
488.3517594444444
 30
0.0
 10
396.8183438888889
 20
489.2231205555555
 30
0.0
 10
396.2399059259259
 20
490.0592038888888
 30
0.0
 10
395.6614679629629
 20
490.8952872222222
 30
0.0
 10
395.08303
 20
491.7313705555555
 30
0.0
 10
395.4287522222222
 20
491.7313705555555
 30
0.0
 10
395.7744744444444
 20
491.7313705555555
 30
0.0
 10
396.1201966666666
 20
491.7313705555555
 30
0.0
  0
SPLINE
  5
E8
330
1F
100
AcDbEntity
  8
DEFAULT
 62
   177
100
AcDbSpline
210
0.0
220
0.0
230
1.0
 70
    11
 71
     3
 72
    38
 73
    34
 74
     0
 42
0.000000001
 43
0.0000000001
 40
2.160000000000082
 40
2.160000000000082
 40
2.160000000000082
 40
2.160000000000082
 40
3.160000000000082
 40
3.160000000000082
 40
3.160000000000082
 40
4.160000000000082
 40
4.160000000000082
 40
4.160000000000082
 40
4.250000000000114
 40
4.250000000000114
 40
4.250000000000114
 40
5.250000000000114
 40
5.250000000000114
 40
5.250000000000114
 40
6.250000000000114
 40
6.250000000000114
 40
6.250000000000114
 40
7.250000000000114
 40
7.250000000000114
 40
7.250000000000114
 40
8.250000000000114
 40
8.250000000000114
 40
8.250000000000114
 40
9.250000000000114
 40
9.250000000000114
 40
9.250000000000114
 40
10.25000000000011
 40
10.25000000000011
 40
10.25000000000011
 40
11.25000000000011
 40
11.25000000000011
 40
11.25000000000011
 40
13.4100000000002
 40
13.4100000000002
 40
13.4100000000002
 40
13.4100000000002
 10
342.5217163888888
 20
492.8320372222222
 30
0.0
 10
342.3312163888888
 20
492.8426205555555
 30
0.0
 10
342.0877997222221
 20
492.8320372222222
 30
0.0
 10
341.8232163888889
 20
492.7897038888889
 30
0.0
 10
340.3627163888888
 20
492.5459344444445
 30
0.0
 10
339.5901330555556
 20
491.4773705555556
 30
0.0
 10
339.4313830555555
 20
490.3449538888889
 30
0.0
 10
339.4419663888888
 20
490.3449538888888
 30
0.0
 10
339.4525497222222
 20
490.3449538888888
 30
0.0
 10
339.4631330555555
 20
490.3449538888889
 30
0.0
 10
339.7912163888888
 20
490.7788705555556
 30
0.0
 10
340.3627163888888
 20
491.1387038888889
 30
0.0
 10
341.1247163888888
 20
491.1387038888889
 30
0.0
 10
342.3417997222222
 20
491.1387038888889
 30
0.0
 10
343.1990497222222
 20
490.2602872222222
 30
0.0
 10
343.1990497222222
 20
488.9162038888889
 30
0.0
 10
343.1990497222222
 20
487.6567872222222
 30
0.0
 10
342.3417997222222
 20
486.4926205555555
 30
0.0
 10
340.9130497222222
 20
486.4926205555555
 30
0.0
 10
339.4423191666666
 20
486.4926205555555
 30
0.0
 10
338.4788830555555
 20
487.6356205555555
 30
0.0
 10
338.4788830555555
 20
489.4242038888888
 30
0.0
 10
338.4788830555555
 20
490.7788705555556
 30
0.0
 10
338.9657163888888
 20
491.8477872222222
 30
0.0
 10
339.6430497222222
 20
492.5251205555556
 30
0.0
 10
340.2145497222222
 20
493.0860372222222
 30
0.0
 10
340.9765497222222
 20
493.4352872222222
 30
0.0
 10
341.8443830555555
 20
493.5411205555556
 30
0.0
 10
342.1191969444444
 20
493.583101111111
 30
0.0
 10
342.3523830555555
 20
493.5940372222223
 30
0.0
 10
342.5217163888888
 20
493.5940372222223
 30
0.0
 10
342.5217163888888
 20
493.3400372222222
 30
0.0
 10
342.5217163888888
 20
493.0860372222223
 30
0.0
 10
342.5217163888888
 20
492.8320372222222
 30
0.0
  0
SPLINE
  5
E9
330
1F
100
AcDbEntity
  8
DEFAULT
 62
   177
100
AcDbSpline
210
0.0
220
0.0
230
1.0
 70
    11
 71
     3
 72
    20
 73
    16
 74
     0
 42
0.000000001
 43
0.0000000001
 40
1.0
 40
1.0
 40
1.0
 40
1.0
 40
2.0
 40
2.0
 40
2.0
 40
3.0
 40
3.0
 40
3.0
 40
4.0
 40
4.0
 40
4.0
 40
5.0
 40
5.0
 40
5.0
 40
6.0
 40
6.0
 40
6.0
 40
6.0
 10
342.2571330555555
 20
488.8632872222222
 30
0.0
 10
342.2571330555555
 20
489.8475372222222
 30
0.0
 10
341.6962163888888
 20
490.4402038888889
 30
0.0
 10
340.8386136111111
 20
490.4402038888889
 30
0.0
 10
340.2780497222222
 20
490.4402038888889
 30
0.0
 10
339.7594663888888
 20
490.0909538888889
 30
0.0
 10
339.5054663888889
 20
489.5935372222222
 30
0.0
 10
339.4423191666666
 20
489.4877038888889
 30
0.0
 10
339.3996330555555
 20
489.3501205555556
 30
0.0
 10
339.3996330555555
 20
489.1807872222222
 30
0.0
 10
339.4207997222222
 20
488.0483705555556
 30
0.0
 10
339.9393830555555
 20
487.2122872222222
 30
0.0
 10
340.9130497222222
 20
487.2122872222222
 30
0.0
 10
341.7173830555555
 20
487.2122872222222
 30
0.0
 10
342.2571330555555
 20
487.8790372222222
 30
0.0
 10
342.2571330555555
 20
488.8632872222222
 30
0.0
  0
SPLINE
  5
EA
330
1F
100
AcDbEntity
  8
DEFAULT
 62
   177
100
AcDbSpline
210
0.0
220
0.0
230
1.0
 70
    11
 71
     3
 72
    59
 73
    55
 74
     0
 42
0.000000001
 43
0.0000000001
 40
2.938999999999965
 40
2.938999999999965
 40
2.938999999999965
 40
2.938999999999965
 40
6.683235569512055
 40
6.683235569512055
 40
6.683235569512055
 40
7.683235569512055
 40
7.683235569512055
 40
7.683235569512055
 40
7.773235569512087
 40
7.773235569512087
 40
7.773235569512087
 40
8.773235569512087
 40
8.773235569512087
 40
8.773235569512087
 40
12.47589677464541
 40
12.47589677464541
 40
12.47589677464541
 40
15.32589677464543
 40
15.32589677464543
 40
15.32589677464543
 40
23.91559409178066
 40
23.91559409178066
 40
23.91559409178066
 40
32.98476169415743
 40
32.98476169415743
 40
32.98476169415743
 40
35.98376169415746
 40
35.98376169415746
 40
35.98376169415746
 40
39.88684521875692
 40
39.88684521875692
 40
39.88684521875692
 40
40.88684521875692
 40
40.88684521875692
 40
40.88684521875692
 40
40.94684521875686
 40
40.94684521875686
 40
40.94684521875686
 40
41.94684521875686
 40
41.94684521875686
 40
41.94684521875686
 40
45.83254991674924
 40
45.83254991674924
 40
45.83254991674924
 40
48.74354991674919
 40
48.74354991674919
 40
48.74354991674919
 40
57.77372272794171
 40
57.77372272794171
 40
57.77372272794171
 40
66.42002251455553
 40
66.42002251455553
 40
66.42002251455553
 40
69.35902251455549
 40
69.35902251455549
 40
69.35902251455549
 40
69.35902251455549
 10
334.4253958333333
 20
491.7313705555555
 30
0.0
 10
334.6688125
 20
491.3644816666667
 30
0.0
 10
334.9122291666666
 20
490.9975927777778
 30
0.0
 10
335.1556458333333
 20
490.6307038888889
 30
0.0
 10
335.3461458333333
 20
490.3449538888888
 30
0.0
 10
335.5048958333333
 20
490.0803705555555
 30
0.0
 10
335.6742291666666
 20
489.7946205555555
 30
0.0
 10
335.6848125
 20
489.7946205555555
 30
0.0
 10
335.6953958333333
 20
489.7946205555555
 30
0.0
 10
335.7059791666666
 20
489.7946205555555
 30
0.0
 10
335.8753124999999
 20
490.1015372222222
 30
0.0
 10
336.0446458333333
 20
490.3661205555555
 30
0.0
 10
336.2139791666667
 20
490.6412872222222
 30
0.0
 10
336.4538680555556
 20
491.0046483333333
 30
0.0
 10
336.6937569444444
 20
491.3680094444444
 30
0.0
 10
336.9336458333333
 20
491.7313705555555
 30
0.0
 10
337.2687847222222
 20
491.7313705555555
 30
0.0
 10
337.6039236111111
 20
491.7313705555555
 30
0.0
 10
337.9390625
 20
491.7313705555555
 30
0.0
 10
337.3569791666666
 20
490.9058705555555
 30
0.0
 10
336.7748958333333
 20
490.0803705555555
 30
0.0
 10
336.1928124999999
 20
489.2548705555555
 30
0.0
 10
336.7924171296295
 20
488.3729261111111
 30
0.0
 10
337.3920217592592
 20
487.4909816666666
 30
0.0
 10
337.9916263888888
 20
486.6090372222222
 30
0.0
 10
337.6389662037037
 20
486.6090372222222
 30
0.0
 10
337.2863060185185
 20
486.6090372222222
 30
0.0
 10
336.9336458333333
 20
486.6090372222222
 30
0.0
 10
336.6830560185185
 20
486.993565
 30
0.0
 10
336.4324662037037
 20
487.3780927777777
 30
0.0
 10
336.1818763888888
 20
487.7626205555555
 30
0.0
 10
335.9811458333333
 20
488.0589538888888
 30
0.0
 10
335.8118124999999
 20
488.3447038888889
 30
0.0
 10
335.6318958333333
 20
488.6516205555555
 30
0.0
 10
335.6248402777777
 20
488.6516205555556
 30
0.0
 10
335.6177847222222
 20
488.6516205555556
 30
0.0
 10
335.6107291666666
 20
488.6516205555555
 30
0.0
 10
335.4413958333333
 20
488.3447038888889
 30
0.0
 10
335.2614791666666
 20
488.0695372222222
 30
0.0
 10
335.0709791666666
 20
487.7626205555555
 30
0.0
 10
334.8241523148147
 20
487.3780927777777
 30
0.0
 10
334.5773254629629
 20
486.993565
 30
0.0
 10
334.3304986111111
 20
486.6090372222222
 30
0.0
 10
333.9881865740741
 20
486.6090372222222
 30
0.0
 10
333.6458745370371
 20
486.6090372222222
 30
0.0
 10
333.3035625
 20
486.6090372222222
 30
0.0
 10
333.9104578703704
 20
487.4803983333333
 30
0.0
 10
334.5173532407407
 20
488.3517594444444
 30
0.0
 10
335.1242486111111
 20
489.2231205555555
 30
0.0
 10
334.5456930555555
 20
490.0592038888888
 30
0.0
 10
333.9671375
 20
490.8952872222222
 30
0.0
 10
333.3885819444444
 20
491.7313705555555
 30
0.0
 10
333.734186574074
 20
491.7313705555555
 30
0.0
 10
334.0797912037037
 20
491.7313705555555
 30
0.0
 10
334.4253958333333
 20
491.7313705555555
 30
0.0
  0
SPLINE
  5
EB
330
1F
100
AcDbEntity
  8
DEFAULT
 62
   177
100
AcDbSpline
210
0.0
220
0.0
230
1.0
 70
    11
 71
     3
 72
    47
 73
    43
 74
     0
 42
0.000000001
 43
0.0000000001
 40
12.44899999999996
 40
12.44899999999996
 40
12.44899999999996
 40
12.44899999999996
 40
14.06899999999996
 40
14.06899999999996
 40
14.06899999999996
 40
16.95430760925069
 40
16.95430760925069
 40
16.95430760925069
 40
17.95430760925069
 40
17.95430760925069
 40
17.95430760925069
 40
18.95430760925069
 40
18.95430760925069
 40
18.95430760925069
 40
19.95430760925069
 40
19.95430760925069
 40
19.95430760925069
 40
21.99518977145411
 40
21.99518977145411
 40
21.99518977145411
 40
22.99518977145411
 40
22.99518977145411
 40
22.99518977145411
 40
23.99518977145411
 40
23.99518977145411
 40
23.99518977145411
 40
24.99518977145411
 40
24.99518977145411
 40
24.99518977145411
 40
27.11894140476726
 40
27.11894140476726
 40
27.11894140476726
 40
27.1789414047672
 40
27.1789414047672
 40
27.1789414047672
 40
35.93894140476719
 40
35.93894140476719
 40
35.93894140476719
 40
38.12894140476725
 40
38.12894140476725
 40
38.12894140476725
 40
50.5779414047672
 40
50.5779414047672
 40
50.5779414047672
 40
50.5779414047672
 10
277.8145813888889
 20
316.3348102777778
 30
0.0
 10
277.8145813888889
 20
316.5253102777777
 30
0.0
 10
277.8145813888889
 20
316.7158102777777
 30
0.0
 10
277.8145813888889
 20
316.9063102777777
 30
0.0
 10
278.0579980555556
 20
317.1426713888889
 30
0.0
 10
278.3014147222223
 20
317.3790324999999
 30
0.0
 10
278.5448313888889
 20
317.6153936111111
 30
0.0
 10
280.3016647222222
 20
319.2875602777777
 30
0.0
 10
281.0950619444444
 20
320.1765602777778
 30
0.0
 10
281.1059980555555
 20
321.2137269444444
 30
0.0
 10
281.1059980555555
 20
321.9122269444444
 30
0.0
 10
280.7673313888889
 20
322.5574574999999
 30
0.0
 10
279.7403952777777
 20
322.5574574999999
 30
0.0
 10
279.1159786111111
 20
322.5574574999999
 30
0.0
 10
278.5977480555555
 20
322.2399575
 30
0.0
 10
278.2802480555555
 20
321.9753741666667
 30
0.0
 10
278.1814702777778
 20
322.1940963888889
 30
0.0
 10
278.0826925
 20
322.4128186111111
 30
0.0
 10
277.9839147222222
 20
322.6315408333333
 30
0.0
 10
278.4601647222222
 20
323.0337075
 30
0.0
 10
279.1374980555555
 20
323.3300408333333
 30
0.0
 10
279.9312480555556
 20
323.3300408333333
 30
0.0
 10
281.4125619444444
 20
323.3300408333333
 30
0.0
 10
282.0369786111111
 20
322.3140408333333
 30
0.0
 10
282.0369786111111
 20
321.3297908333333
 30
0.0
 10
282.0369786111111
 20
320.0601436111111
 30
0.0
 10
281.1162286111111
 20
319.0335602777777
 30
0.0
 10
279.6666647222222
 20
317.6365602777777
 30
0.0
 10
279.4831026851851
 20
317.4672269444445
 30
0.0
 10
279.2995406481481
 20
317.2978936111111
 30
0.0
 10
279.1159786111111
 20
317.1285602777778
 30
0.0
 10
279.1159786111111
 20
317.1215047222222
 30
0.0
 10
279.1159786111111
 20
317.1144491666666
 30
0.0
 10
279.1159786111111
 20
317.1073936111111
 30
0.0
 10
280.1460897222221
 20
317.1073936111111
 30
0.0
 10
281.1762008333333
 20
317.1073936111111
 30
0.0
 10
282.2063119444444
 20
317.1073936111111
 30
0.0
 10
282.2063119444444
 20
316.8498658333333
 30
0.0
 10
282.2063119444444
 20
316.5923380555555
 30
0.0
 10
282.2063119444444
 20
316.3348102777778
 30
0.0
 10
280.7424017592593
 20
316.3348102777778
 30
0.0
 10
279.2784915740741
 20
316.3348102777778
 30
0.0
 10
277.8145813888889
 20
316.3348102777778
 30
0.0
  0
SPLINE
  5
EC
330
1F
100
AcDbEntity
  8
DEFAULT
 62
   177
100
AcDbSpline
210
0.0
220
0.0
230
1.0
 70
    11
 71
     3
 72
    59
 73
    55
 74
     0
 42
0.000000001
 43
0.0000000001
 40
2.940000000000055
 40
2.940000000000055
 40
2.940000000000055
 40
2.940000000000055
 40
6.684235569512207
 40
6.684235569512207
 40
6.684235569512207
 40
7.684235569512207
 40
7.684235569512207
 40
7.684235569512207
 40
7.774235569512239
 40
7.774235569512239
 40
7.774235569512239
 40
8.77423556951224
 40
8.77423556951224
 40
8.77423556951224
 40
12.47689677464566
 40
12.47689677464566
 40
12.47689677464566
 40
15.32689677464568
 40
15.32689677464568
 40
15.32689677464568
 40
23.91659409178091
 40
23.91659409178091
 40
23.91659409178091
 40
32.98576169415768
 40
32.98576169415768
 40
32.98576169415768
 40
35.9847616941577
 40
35.9847616941577
 40
35.9847616941577
 40
39.88784521875716
 40
39.88784521875716
 40
39.88784521875716
 40
40.88784521875716
 40
40.88784521875716
 40
40.88784521875716
 40
40.94784521875711
 40
40.94784521875711
 40
40.94784521875711
 40
41.94784521875711
 40
41.94784521875711
 40
41.94784521875711
 40
45.83409019302211
 40
45.83409019302211
 40
45.83409019302211
 40
48.74409019302207
 40
48.74409019302207
 40
48.74409019302207
 40
57.7736915131247
 40
57.7736915131247
 40
57.7736915131247
 40
66.41999129973868
 40
66.41999129973868
 40
66.41999129973868
 40
69.35999129973874
 40
69.35999129973874
 40
69.35999129973874
 40
69.35999129973874
 10
273.6446069444444
 20
321.4569672222222
 30
0.0
 10
273.8880236111111
 20
321.0900783333333
 30
0.0
 10
274.1314402777778
 20
320.7231894444445
 30
0.0
 10
274.3748569444445
 20
320.3563005555555
 30
0.0
 10
274.5653569444444
 20
320.0705505555555
 30
0.0
 10
274.7241069444444
 20
319.8059672222222
 30
0.0
 10
274.8934402777778
 20
319.5202172222222
 30
0.0
 10
274.9040236111111
 20
319.5202172222222
 30
0.0
 10
274.9146069444444
 20
319.5202172222222
 30
0.0
 10
274.9251902777777
 20
319.5202172222222
 30
0.0
 10
275.0945236111111
 20
319.8271338888889
 30
0.0
 10
275.2638569444445
 20
320.0917172222222
 30
0.0
 10
275.4331902777778
 20
320.3668838888888
 30
0.0
 10
275.6730791666667
 20
320.730245
 30
0.0
 10
275.9129680555556
 20
321.0936061111111
 30
0.0
 10
276.1528569444445
 20
321.4569672222222
 30
0.0
 10
276.4879958333333
 20
321.4569672222222
 30
0.0
 10
276.8231347222222
 20
321.4569672222222
 30
0.0
 10
277.1582736111111
 20
321.4569672222222
 30
0.0
 10
276.5761902777778
 20
320.6314672222222
 30
0.0
 10
275.9941069444445
 20
319.8059672222223
 30
0.0
 10
275.4120236111111
 20
318.9804672222222
 30
0.0
 10
276.0116282407408
 20
318.0985227777778
 30
0.0
 10
276.6112328703704
 20
317.2165783333333
 30
0.0
 10
277.2108375
 20
316.3346338888888
 30
0.0
 10
276.8581773148148
 20
316.3346338888888
 30
0.0
 10
276.5055171296297
 20
316.3346338888888
 30
0.0
 10
276.1528569444445
 20
316.3346338888888
 30
0.0
 10
275.9022671296296
 20
316.7191616666667
 30
0.0
 10
275.6516773148148
 20
317.1036894444444
 30
0.0
 10
275.4010875
 20
317.4882172222222
 30
0.0
 10
275.2003569444444
 20
317.7845505555555
 30
0.0
 10
275.0310236111111
 20
318.0703005555555
 30
0.0
 10
274.8511069444444
 20
318.3772172222222
 30
0.0
 10
274.8440513888889
 20
318.3772172222222
 30
0.0
 10
274.8369958333333
 20
318.3772172222222
 30
0.0
 10
274.8299402777778
 20
318.3772172222222
 30
0.0
 10
274.6606069444445
 20
318.0703005555555
 30
0.0
 10
274.4806902777778
 20
317.7951338888889
 30
0.0
 10
274.2901902777778
 20
317.4882172222222
 30
0.0
 10
274.0432458333334
 20
317.1036894444444
 30
0.0
 10
273.7963013888889
 20
316.7191616666667
 30
0.0
 10
273.5493569444445
 20
316.3346338888888
 30
0.0
 10
273.2071625
 20
316.3346338888888
 30
0.0
 10
272.8649680555556
 20
316.3346338888888
 30
0.0
 10
272.5227736111111
 20
316.3346338888888
 30
0.0
 10
273.1295513888889
 20
317.205995
 30
0.0
 10
273.7363291666667
 20
318.077356111111
 30
0.0
 10
274.3431069444445
 20
318.9487172222222
 30
0.0
 10
273.7645513888889
 20
319.7848005555555
 30
0.0
 10
273.1859958333333
 20
320.6208838888888
 30
0.0
 10
272.6074402777778
 20
321.4569672222222
 30
0.0
 10
272.9531625
 20
321.4569672222222
 30
0.0
 10
273.2988847222222
 20
321.4569672222222
 30
0.0
 10
273.6446069444444
 20
321.4569672222222
 30
0.0
  0
POLYLINE
  5
ED
330
1F
100
AcDbEntity
  8
DEFAULT
 62
   177
100
AcDb2dPolyline
 66
     1
 10
0.0
 20
0.0
 30
0.0
 70
     1
  0
VERTEX
  5
EE
330
ED
100
AcDbEntity
  8
DEFAULT
 62
   177
100
AcDbVertex
100
AcDb2dVertex
 10
215.0141044444444
 20
280.6294658333333
 30
0.0
  0
VERTEX
  5
EF
330
ED
100
AcDbEntity
  8
DEFAULT
 62
   177
100
AcDbVertex
100
AcDb2dVertex
 10
214.9929377777778
 20
280.6294658333333
 30
0.0
  0
VERTEX
  5
F0
330
ED
100
AcDbEntity
  8
DEFAULT
 62
   177
100
AcDbVertex
100
AcDb2dVertex
 10
213.7970211111111
 20
279.9838824999999
 30
0.0
  0
VERTEX
  5
F1
330
ED
100
AcDbEntity
  8
DEFAULT
 62
   177
100
AcDbVertex
100
AcDb2dVertex
 10
213.6171044444444
 20
280.6929658333333
 30
0.0
  0
VERTEX
  5
F2
330
ED
100
AcDbEntity
  8
DEFAULT
 62
   177
100
AcDbVertex
100
AcDb2dVertex
 10
215.1199377777777
 20
281.4972991666667
 30
0.0
  0
VERTEX
  5
F3
330
ED
100
AcDbEntity
  8
DEFAULT
 62
   177
100
AcDbVertex
100
AcDb2dVertex
 10
215.9136877777777
 20
281.4972991666667
 30
0.0
  0
VERTEX
  5
F4
330
ED
100
AcDbEntity
  8
DEFAULT
 62
   177
100
AcDbVertex
100
AcDb2dVertex
 10
215.9136877777777
 20
274.6184852777778
 30
0.0
  0
VERTEX
  5
F5
330
ED
100
AcDbEntity
  8
DEFAULT
 62
   177
100
AcDbVertex
100
AcDb2dVertex
 10
215.0141044444444
 20
274.6184852777778
 30
0.0
  0
SEQEND
  5
F6
330
ED
100
AcDbEntity
  8
DEFAULT
 62
   177
  0
SPLINE
  5
F7
330
1F
100
AcDbEntity
  8
DEFAULT
 62
   177
100
AcDbSpline
210
0.0
220
0.0
230
1.0
 70
    11
 71
     3
 72
    59
 73
    55
 74
     0
 42
0.000000001
 43
0.0000000001
 40
2.940000000000055
 40
2.940000000000055
 40
2.940000000000055
 40
2.940000000000055
 40
6.684235569512145
 40
6.684235569512145
 40
6.684235569512145
 40
7.684235569512145
 40
7.684235569512145
 40
7.684235569512145
 40
7.774235569512177
 40
7.774235569512177
 40
7.774235569512177
 40
8.774235569512177
 40
8.774235569512177
 40
8.774235569512177
 40
12.47689677464559
 40
12.47689677464559
 40
12.47689677464559
 40
15.32589677464553
 40
15.32589677464553
 40
15.32589677464553
 40
23.91501785890085
 40
23.91501785890085
 40
23.91501785890085
 40
32.98335850093679
 40
32.98335850093679
 40
32.98335850093679
 40
35.98235850093681
 40
35.98235850093681
 40
35.98235850093681
 40
39.88544202553627
 40
39.88544202553627
 40
39.88544202553627
 40
40.88544202553627
 40
40.88544202553627
 40
40.88544202553627
 40
40.94544202553622
 40
40.94544202553622
 40
40.94544202553622
 40
41.94544202553622
 40
41.94544202553622
 40
41.94544202553622
 40
45.83168699980122
 40
45.83168699980122
 40
45.83168699980122
 40
48.74168699980119
 40
48.74168699980119
 40
48.74168699980119
 40
57.77046770375006
 40
57.77046770375006
 40
57.77046770375006
 40
66.41676749036404
 40
66.41676749036404
 40
66.41676749036404
 40
69.35676749036409
 40
69.35676749036409
 40
69.35676749036409
 40
69.35676749036409
 10
208.822925
 20
279.7406422222222
 30
0.0
 10
209.0663416666666
 20
279.3737533333334
 30
0.0
 10
209.3097583333333
 20
279.0068644444445
 30
0.0
 10
209.553175
 20
278.6399755555556
 30
0.0
 10
209.743675
 20
278.3542255555556
 30
0.0
 10
209.9020722222222
 20
278.0896422222222
 30
0.0
 10
210.0717583333333
 20
277.8038922222222
 30
0.0
 10
210.0823416666666
 20
277.8038922222222
 30
0.0
 10
210.092925
 20
277.8038922222222
 30
0.0
 10
210.1035083333333
 20
277.8038922222222
 30
0.0
 10
210.2728416666666
 20
278.1108088888889
 30
0.0
 10
210.442175
 20
278.3753922222222
 30
0.0
 10
210.6115083333333
 20
278.6505588888888
 30
0.0
 10
210.8513972222222
 20
279.0139199999999
 30
0.0
 10
211.0912861111111
 20
279.3772811111111
 30
0.0
 10
211.331175
 20
279.7406422222222
 30
0.0
 10
211.6661962962962
 20
279.7406422222222
 30
0.0
 10
212.0012175925926
 20
279.7406422222222
 30
0.0
 10
212.3362388888888
 20
279.7406422222222
 30
0.0
 10
211.7542731481481
 20
278.9151422222222
 30
0.0
 10
211.1723074074074
 20
278.0896422222222
 30
0.0
 10
210.5903416666666
 20
277.2641422222222
 30
0.0
 10
211.1899462962963
 20
276.3823153703703
 30
0.0
 10
211.7895509259259
 20
275.5004885185185
 30
0.0
 10
212.3891555555555
 20
274.6186616666666
 30
0.0
 10
212.0364953703703
 20
274.6186616666666
 30
0.0
 10
211.6838351851851
 20
274.6186616666666
 30
0.0
 10
211.331175
 20
274.6186616666666
 30
0.0
 10
211.0805851851852
 20
275.0031894444444
 30
0.0
 10
210.8299953703703
 20
275.3877172222221
 30
0.0
 10
210.5794055555555
 20
275.7722449999999
 30
0.0
 10
210.378675
 20
276.0682255555556
 30
0.0
 10
210.2093416666666
 20
276.3539755555555
 30
0.0
 10
210.0294249999999
 20
276.6608922222222
 30
0.0
 10
210.0223694444444
 20
276.6608922222222
 30
0.0
 10
210.0153138888888
 20
276.6608922222222
 30
0.0
 10
210.0082583333333
 20
276.6608922222222
 30
0.0
 10
209.838925
 20
276.3539755555555
 30
0.0
 10
209.6590083333333
 20
276.0788088888889
 30
0.0
 10
209.4685083333333
 20
275.7722449999999
 30
0.0
 10
209.2215638888889
 20
275.3877172222221
 30
0.0
 10
208.9746194444444
 20
275.0031894444444
 30
0.0
 10
208.727675
 20
274.6186616666666
 30
0.0
 10
208.3854805555555
 20
274.6186616666666
 30
0.0
 10
208.0432861111111
 20
274.6186616666666
 30
0.0
 10
207.7010916666667
 20
274.6186616666666
 30
0.0
 10
208.3078694444444
 20
275.4899051851851
 30
0.0
 10
208.9146472222222
 20
276.3611487037037
 30
0.0
 10
209.521425
 20
277.2323922222222
 30
0.0
 10
208.9428694444444
 20
278.0684755555556
 30
0.0
 10
208.3643138888889
 20
278.9045588888889
 30
0.0
 10
207.7857583333333
 20
279.7406422222222
 30
0.0
 10
208.1314805555555
 20
279.7406422222222
 30
0.0
 10
208.4772027777778
 20
279.7406422222222
 30
0.0
 10
208.822925
 20
279.7406422222222
 30
0.0
  0
POLYLINE
  5
F8
330
1F
100
AcDbEntity
  8
DEFAULT
 62
   177
100
AcDb2dPolyline
 66
     1
 10
0.0
 20
0.0
 30
0.0
 70
     1
  0
VERTEX
  5
F9
330
F8
100
AcDbEntity
  8
DEFAULT
 62
   177
100
AcDbVertex
100
AcDb2dVertex
 10
119.1858311111111
 20
246.7721125
 30
0.0
  0
VERTEX
  5
FA
330
F8
100
AcDbEntity
  8
DEFAULT
 62
   177
100
AcDbVertex
100
AcDb2dVertex
 10
119.1646644444444
 20
246.7721125
 30
0.0
  0
VERTEX
  5
FB
330
F8
100
AcDbEntity
  8
DEFAULT
 62
   177
100
AcDbVertex
100
AcDb2dVertex
 10
117.9687477777778
 20
246.1265291666666
 30
0.0
  0
VERTEX
  5
FC
330
F8
100
AcDbEntity
  8
DEFAULT
 62
   177
100
AcDbVertex
100
AcDb2dVertex
 10
117.7888311111111
 20
246.8356124999999
 30
0.0
  0
VERTEX
  5
FD
330
F8
100
AcDbEntity
  8
DEFAULT
 62
   177
100
AcDbVertex
100
AcDb2dVertex
 10
119.2916644444444
 20
247.6399458333333
 30
0.0
  0
VERTEX
  5
FE
330
F8
100
AcDbEntity
  8
DEFAULT
 62
   177
100
AcDbVertex
100
AcDb2dVertex
 10
120.0854144444444
 20
247.6399458333333
 30
0.0
  0
VERTEX
  5
FF
330
F8
100
AcDbEntity
  8
DEFAULT
 62
   177
100
AcDbVertex
100
AcDb2dVertex
 10
120.0854144444444
 20
240.7611319444444
 30
0.0
  0
VERTEX
  5
100
330
F8
100
AcDbEntity
  8
DEFAULT
 62
   177
100
AcDbVertex
100
AcDb2dVertex
 10
119.1858311111111
 20
240.7611319444444
 30
0.0
  0
SEQEND
  5
101
330
F8
100
AcDbEntity
  8
DEFAULT
 62
   177
  0
SPLINE
  5
102
330
1F
100
AcDbEntity
  8
DEFAULT
 62
   177
100
AcDbSpline
210
0.0
220
0.0
230
1.0
 70
    11
 71
     3
 72
    59
 73
    55
 74
     0
 42
0.000000001
 43
0.0000000001
 40
2.939999999999998
 40
2.939999999999998
 40
2.939999999999998
 40
2.939999999999998
 40
6.684235569512246
 40
6.684235569512246
 40
6.684235569512246
 40
7.684235569512246
 40
7.684235569512246
 40
7.684235569512246
 40
7.774235569512221
 40
7.774235569512221
 40
7.774235569512221
 40
8.774235569512221
 40
8.774235569512221
 40
8.774235569512221
 40
12.47689677464567
 40
12.47689677464567
 40
12.47689677464567
 40
15.32589677464566
 40
15.32589677464566
 40
15.32589677464566
 40
23.91501785890101
 40
23.91501785890101
 40
23.91501785890101
 40
32.98418546127775
 40
32.98418546127775
 40
32.98418546127775
 40
35.98318546127772
 40
35.98318546127772
 40
35.98318546127772
 40
39.88626898587722
 40
39.88626898587722
 40
39.88626898587722
 40
40.88626898587722
 40
40.88626898587722
 40
40.88626898587722
 40
40.94626898587722
 40
40.94626898587722
 40
40.94626898587722
 40
41.94626898587722
 40
41.94626898587722
 40
41.94626898587722
 40
45.83251396014219
 40
45.83251396014219
 40
45.83251396014219
 40
48.74251396014221
 40
48.74251396014221
 40
48.74251396014221
 40
57.77211528024488
 40
57.77211528024488
 40
57.77211528024488
 40
66.41841506685881
 40
66.41841506685881
 40
66.41841506685881
 40
69.35841506685881
 40
69.35841506685881
 40
69.35841506685881
 40
69.35841506685881
 10
112.9946516666667
 20
245.8832888888888
 30
0.0
 10
113.2380683333333
 20
245.5163999999999
 30
0.0
 10
113.481485
 20
245.149511111111
 30
0.0
 10
113.7249016666667
 20
244.7826222222222
 30
0.0
 10
113.9154016666667
 20
244.4968722222222
 30
0.0
 10
114.0741516666667
 20
244.2322888888889
 30
0.0
 10
114.243485
 20
243.9465388888889
 30
0.0
 10
114.2540683333333
 20
243.9465388888889
 30
0.0
 10
114.2646516666667
 20
243.9465388888889
 30
0.0
 10
114.275235
 20
243.9465388888889
 30
0.0
 10
114.4445683333333
 20
244.2534555555555
 30
0.0
 10
114.6139016666666
 20
244.5180388888888
 30
0.0
 10
114.783235
 20
244.7932055555555
 30
0.0
 10
115.0231238888889
 20
245.1565666666666
 30
0.0
 10
115.2630127777778
 20
245.5199277777778
 30
0.0
 10
115.5029016666667
 20
245.8832888888888
 30
0.0
 10
115.837922962963
 20
245.8832888888888
 30
0.0
 10
116.1729442592593
 20
245.8832888888888
 30
0.0
 10
116.5079655555555
 20
245.8832888888888
 30
0.0
 10
115.9259998148148
 20
245.0577888888888
 30
0.0
 10
115.3440340740741
 20
244.2322888888889
 30
0.0
 10
114.7620683333333
 20
243.4067888888889
 30
0.0
 10
115.3616729629629
 20
242.5248444444444
 30
0.0
 10
115.9612775925926
 20
241.6429
 30
0.0
 10
116.5608822222222
 20
240.7609555555555
 30
0.0
 10
116.208222037037
 20
240.7609555555556
 30
0.0
 10
115.8555618518518
 20
240.7609555555556
 30
0.0
 10
115.5029016666667
 20
240.7609555555555
 30
0.0
 10
115.2523118518518
 20
241.1454833333333
 30
0.0
 10
115.001722037037
 20
241.5300111111111
 30
0.0
 10
114.7511322222222
 20
241.9145388888888
 30
0.0
 10
114.5504016666667
 20
242.2108722222222
 30
0.0
 10
114.3810683333333
 20
242.4966222222222
 30
0.0
 10
114.2011516666667
 20
242.8035388888889
 30
0.0
 10
114.1940961111111
 20
242.8035388888889
 30
0.0
 10
114.1870405555556
 20
242.8035388888889
 30
0.0
 10
114.179985
 20
242.8035388888889
 30
0.0
 10
114.0106516666667
 20
242.4966222222222
 30
0.0
 10
113.830735
 20
242.2214555555555
 30
0.0
 10
113.640235
 20
241.9145388888888
 30
0.0
 10
113.3932905555555
 20
241.5300111111111
 30
0.0
 10
113.1463461111111
 20
241.1454833333333
 30
0.0
 10
112.8994016666667
 20
240.7609555555555
 30
0.0
 10
112.5572072222222
 20
240.7609555555556
 30
0.0
 10
112.2150127777778
 20
240.7609555555556
 30
0.0
 10
111.8728183333333
 20
240.7609555555555
 30
0.0
 10
112.4795961111111
 20
241.6323166666666
 30
0.0
 10
113.0863738888889
 20
242.5036777777777
 30
0.0
 10
113.6931516666667
 20
243.3750388888888
 30
0.0
 10
113.1145961111111
 20
244.2111222222222
 30
0.0
 10
112.5360405555555
 20
245.0472055555555
 30
0.0
 10
111.957485
 20
245.8832888888888
 30
0.0
 10
112.3032072222222
 20
245.8832888888888
 30
0.0
 10
112.6489294444444
 20
245.8832888888888
 30
0.0
 10
112.9946516666667
 20
245.8832888888888
 30
0.0
  0
POLYLINE
  5
103
330
1F
100
AcDbEntity
  8
DEFAULT
 62
   177
100
AcDb2dPolyline
 66
     1
 10
0.0
 20
0.0
 30
0.0
 70
     1
  0
VERTEX
  5
104
330
103
100
AcDbEntity
  8
DEFAULT
 62
   177
100
AcDbVertex
100
AcDb2dVertex
 10
403.0520683333333
 20
246.7721125
 30
0.0
  0
VERTEX
  5
105
330
103
100
AcDbEntity
  8
DEFAULT
 62
   177
100
AcDbVertex
100
AcDb2dVertex
 10
403.0309016666666
 20
246.7721125
 30
0.0
  0
VERTEX
  5
106
330
103
100
AcDbEntity
  8
DEFAULT
 62
   177
100
AcDbVertex
100
AcDb2dVertex
 10
401.8353377777777
 20
246.1265291666666
 30
0.0
  0
VERTEX
  5
107
330
103
100
AcDbEntity
  8
DEFAULT
 62
   177
100
AcDbVertex
100
AcDb2dVertex
 10
401.6550683333333
 20
246.8356124999999
 30
0.0
  0
VERTEX
  5
108
330
103
100
AcDbEntity
  8
DEFAULT
 62
   177
100
AcDbVertex
100
AcDb2dVertex
 10
403.1582544444444
 20
247.6399458333333
 30
0.0
  0
VERTEX
  5
109
330
103
100
AcDbEntity
  8
DEFAULT
 62
   177
100
AcDbVertex
100
AcDb2dVertex
 10
403.9516516666666
 20
247.6399458333333
 30
0.0
  0
VERTEX
  5
10A
330
103
100
AcDbEntity
  8
DEFAULT
 62
   177
100
AcDbVertex
100
AcDb2dVertex
 10
403.9516516666666
 20
240.7611319444444
 30
0.0
  0
VERTEX
  5
10B
330
103
100
AcDbEntity
  8
DEFAULT
 62
   177
100
AcDbVertex
100
AcDb2dVertex
 10
403.0520683333333
 20
240.7611319444444
 30
0.0
  0
SEQEND
  5
10C
330
103
100
AcDbEntity
  8
DEFAULT
 62
   177
  0
SPLINE
  5
10D
330
1F
100
AcDbEntity
  8
DEFAULT
 62
   177
100
AcDbSpline
210
0.0
220
0.0
230
1.0
 70
    11
 71
     3
 72
    59
 73
    55
 74
     0
 42
0.000000001
 43
0.0000000001
 40
0.0
 40
0.0
 40
0.0
 40
0.0
 40
3.744235569511902
 40
3.744235569511902
 40
3.744235569511902
 40
4.744235569511902
 40
4.744235569511902
 40
4.744235569511902
 40
4.834235569512048
 40
4.834235569512048
 40
4.834235569512048
 40
5.834235569512048
 40
5.834235569512048
 40
5.834235569512048
 40
9.536896774645465
 40
9.536896774645465
 40
9.536896774645465
 40
12.3868967746456
 40
12.3868967746456
 40
12.3868967746456
 40
20.97659409178083
 40
20.97659409178083
 40
20.97659409178083
 40
30.04576169415754
 40
30.04576169415754
 40
30.04576169415754
 40
33.04476169415756
 40
33.04476169415756
 40
33.04476169415756
 40
36.94784521875697
 40
36.94784521875697
 40
36.94784521875697
 40
37.94784521875697
 40
37.94784521875697
 40
37.94784521875697
 40
38.00784521875714
 40
38.00784521875714
 40
38.00784521875714
 40
39.00784521875714
 40
39.00784521875714
 40
39.00784521875714
 40
42.89409019302208
 40
42.89409019302208
 40
42.89409019302208
 40
45.80409019302216
 40
45.80409019302216
 40
45.80409019302216
 40
54.83369151312486
 40
54.83369151312486
 40
54.83369151312486
 40
63.47942230930404
 40
63.47942230930404
 40
63.47942230930404
 40
66.41842230930412
 40
66.41842230930412
 40
66.41842230930412
 40
66.41842230930412
 10
396.860888888889
 20
245.8832888888888
 30
0.0
 10
397.1043055555556
 20
245.5164
 30
0.0
 10
397.3477222222223
 20
245.1495111111111
 30
0.0
 10
397.5911388888888
 20
244.7826222222222
 30
0.0
 10
397.7816388888888
 20
244.4968722222222
 30
0.0
 10
397.9403888888888
 20
244.2322888888889
 30
0.0
 10
398.1097222222222
 20
243.9465388888889
 30
0.0
 10
398.1203055555555
 20
243.9465388888889
 30
0.0
 10
398.1308888888889
 20
243.9465388888889
 30
0.0
 10
398.1414722222223
 20
243.9465388888889
 30
0.0
 10
398.3108055555555
 20
244.2534555555555
 30
0.0
 10
398.4801388888889
 20
244.5180388888888
 30
0.0
 10
398.6494722222222
 20
244.7932055555555
 30
0.0
 10
398.8893611111111
 20
245.1565666666666
 30
0.0
 10
399.12925
 20
245.5199277777778
 30
0.0
 10
399.3691388888888
 20
245.8832888888888
 30
0.0
 10
399.7042777777777
 20
245.8832888888888
 30
0.0
 10
400.0394166666667
 20
245.8832888888888
 30
0.0
 10
400.3745555555556
 20
245.8832888888888
 30
0.0
 10
399.7924722222222
 20
245.0577888888888
 30
0.0
 10
399.2103888888889
 20
244.2322888888889
 30
0.0
 10
398.6283055555555
 20
243.4067888888889
 30
0.0
 10
399.2279101851852
 20
242.5248444444444
 30
0.0
 10
399.8275148148148
 20
241.6429
 30
0.0
 10
400.4271194444444
 20
240.7609555555555
 30
0.0
 10
400.0744592592592
 20
240.7609555555556
 30
0.0
 10
399.721799074074
 20
240.7609555555556
 30
0.0
 10
399.3691388888888
 20
240.7609555555555
 30
0.0
 10
399.118549074074
 20
241.1454833333333
 30
0.0
 10
398.8679592592592
 20
241.5300111111111
 30
0.0
 10
398.6173694444444
 20
241.9145388888888
 30
0.0
 10
398.4166388888889
 20
242.2108722222222
 30
0.0
 10
398.2473055555556
 20
242.4966222222222
 30
0.0
 10
398.0673888888889
 20
242.8035388888889
 30
0.0
 10
398.0603333333333
 20
242.8035388888889
 30
0.0
 10
398.0532777777777
 20
242.8035388888889
 30
0.0
 10
398.0462222222222
 20
242.8035388888889
 30
0.0
 10
397.8768888888889
 20
242.4966222222222
 30
0.0
 10
397.6969722222221
 20
242.2214555555555
 30
0.0
 10
397.5064722222222
 20
241.9145388888888
 30
0.0
 10
397.2595277777777
 20
241.5300111111111
 30
0.0
 10
397.0125833333333
 20
241.1454833333333
 30
0.0
 10
396.7656388888889
 20
240.7609555555555
 30
0.0
 10
396.4234444444444
 20
240.7609555555556
 30
0.0
 10
396.08125
 20
240.7609555555556
 30
0.0
 10
395.7390555555555
 20
240.7609555555555
 30
0.0
 10
396.3458333333333
 20
241.6323166666666
 30
0.0
 10
396.9526111111111
 20
242.5036777777777
 30
0.0
 10
397.5593888888889
 20
243.3750388888888
 30
0.0
 10
396.9809509259259
 20
244.2111222222222
 30
0.0
 10
396.4025129629629
 20
245.0472055555555
 30
0.0
 10
395.8240749999999
 20
245.8832888888888
 30
0.0
 10
396.1696796296296
 20
245.8832888888888
 30
0.0
 10
396.5152842592593
 20
245.8832888888888
 30
0.0
 10
396.860888888889
 20
245.8832888888888
 30
0.0
  0
POLYLINE
  5
10E
330
1F
100
AcDbEntity
  8
DEFAULT
 62
   177
100
AcDb2dPolyline
 66
     1
 10
0.0
 20
0.0
 30
0.0
 70
     1
  0
VERTEX
  5
10F
330
10E
100
AcDbEntity
  8
DEFAULT
 62
   177
100
AcDbVertex
100
AcDb2dVertex
 10
403.0520683333333
 20
322.3457908333333
 30
0.0
  0
VERTEX
  5
110
330
10E
100
AcDbEntity
  8
DEFAULT
 62
   177
100
AcDbVertex
100
AcDb2dVertex
 10
403.0309016666666
 20
322.3457908333333
 30
0.0
  0
VERTEX
  5
111
330
10E
100
AcDbEntity
  8
DEFAULT
 62
   177
100
AcDbVertex
100
AcDb2dVertex
 10
401.8353377777777
 20
321.7002074999999
 30
0.0
  0
VERTEX
  5
112
330
10E
100
AcDbEntity
  8
DEFAULT
 62
   177
100
AcDbVertex
100
AcDb2dVertex
 10
401.6550683333333
 20
322.4092908333333
 30
0.0
  0
VERTEX
  5
113
330
10E
100
AcDbEntity
  8
DEFAULT
 62
   177
100
AcDbVertex
100
AcDb2dVertex
 10
403.1582544444444
 20
323.2136241666666
 30
0.0
  0
VERTEX
  5
114
330
10E
100
AcDbEntity
  8
DEFAULT
 62
   177
100
AcDbVertex
100
AcDb2dVertex
 10
403.9516516666666
 20
323.2136241666666
 30
0.0
  0
VERTEX
  5
115
330
10E
100
AcDbEntity
  8
DEFAULT
 62
   177
100
AcDbVertex
100
AcDb2dVertex
 10
403.9516516666666
 20
316.3348102777778
 30
0.0
  0
VERTEX
  5
116
330
10E
100
AcDbEntity
  8
DEFAULT
 62
   177
100
AcDbVertex
100
AcDb2dVertex
 10
403.0520683333333
 20
316.3348102777778
 30
0.0
  0
SEQEND
  5
117
330
10E
100
AcDbEntity
  8
DEFAULT
 62
   177
  0
SPLINE
  5
118
330
1F
100
AcDbEntity
  8
DEFAULT
 62
   177
100
AcDbSpline
210
0.0
220
0.0
230
1.0
 70
    11
 71
     3
 72
    59
 73
    55
 74
     0
 42
0.000000001
 43
0.0000000001
 40
2.939000000000078
 40
2.939000000000078
 40
2.939000000000078
 40
2.939000000000078
 40
6.683235569512201
 40
6.683235569512201
 40
6.683235569512201
 40
7.683235569512201
 40
7.683235569512201
 40
7.683235569512201
 40
7.773235569512346
 40
7.773235569512346
 40
7.773235569512346
 40
8.773235569512346
 40
8.773235569512346
 40
8.773235569512346
 40
12.47589677464576
 40
12.47589677464576
 40
12.47589677464576
 40
15.3258967746459
 40
15.3258967746459
 40
15.3258967746459
 40
23.91559409178113
 40
23.91559409178113
 40
23.91559409178113
 40
32.98476169415784
 40
32.98476169415784
 40
32.98476169415784
 40
35.98376169415786
 40
35.98376169415786
 40
35.98376169415786
 40
39.88684521875727
 40
39.88684521875727
 40
39.88684521875727
 40
40.88684521875727
 40
40.88684521875727
 40
40.88684521875727
 40
40.94684521875744
 40
40.94684521875744
 40
40.94684521875744
 40
41.94684521875744
 40
41.94684521875744
 40
41.94684521875744
 40
45.83309019302238
 40
45.83309019302238
 40
45.83309019302238
 40
48.74309019302246
 40
48.74309019302246
 40
48.74309019302246
 40
57.77269151312515
 40
57.77269151312515
 40
57.77269151312515
 40
66.41842230930433
 40
66.41842230930433
 40
66.41842230930433
 40
69.35742230930441
 40
69.35742230930441
 40
69.35742230930441
 40
69.35742230930441
 10
396.8608888888888
 20
321.4569672222222
 30
0.0
 10
397.1043055555555
 20
321.0900783333333
 30
0.0
 10
397.3477222222221
 20
320.7231894444444
 30
0.0
 10
397.5911388888888
 20
320.3563005555555
 30
0.0
 10
397.7816388888888
 20
320.0705505555555
 30
0.0
 10
397.9403888888888
 20
319.8059672222222
 30
0.0
 10
398.1097222222222
 20
319.5202172222222
 30
0.0
 10
398.1203055555555
 20
319.5202172222222
 30
0.0
 10
398.1308888888889
 20
319.5202172222222
 30
0.0
 10
398.1414722222223
 20
319.5202172222222
 30
0.0
 10
398.3108055555555
 20
319.8271338888889
 30
0.0
 10
398.4801388888889
 20
320.0917172222222
 30
0.0
 10
398.6494722222222
 20
320.3668838888888
 30
0.0
 10
398.8893611111111
 20
320.730245
 30
0.0
 10
399.12925
 20
321.0936061111111
 30
0.0
 10
399.3691388888888
 20
321.4569672222222
 30
0.0
 10
399.7042777777777
 20
321.4569672222222
 30
0.0
 10
400.0394166666667
 20
321.4569672222222
 30
0.0
 10
400.3745555555556
 20
321.4569672222222
 30
0.0
 10
399.7924722222222
 20
320.6314672222222
 30
0.0
 10
399.2103888888889
 20
319.8059672222223
 30
0.0
 10
398.6283055555555
 20
318.9804672222222
 30
0.0
 10
399.2279101851852
 20
318.0985227777778
 30
0.0
 10
399.8275148148148
 20
317.2165783333333
 30
0.0
 10
400.4271194444444
 20
316.3346338888888
 30
0.0
 10
400.0744592592592
 20
316.3346338888888
 30
0.0
 10
399.721799074074
 20
316.3346338888888
 30
0.0
 10
399.3691388888888
 20
316.3346338888888
 30
0.0
 10
399.118549074074
 20
316.7191616666667
 30
0.0
 10
398.8679592592592
 20
317.1036894444444
 30
0.0
 10
398.6173694444444
 20
317.4882172222222
 30
0.0
 10
398.4166388888889
 20
317.7845505555555
 30
0.0
 10
398.2473055555556
 20
318.0703005555555
 30
0.0
 10
398.0673888888889
 20
318.3772172222222
 30
0.0
 10
398.0603333333333
 20
318.3772172222222
 30
0.0
 10
398.0532777777777
 20
318.3772172222222
 30
0.0
 10
398.0462222222222
 20
318.3772172222222
 30
0.0
 10
397.8768888888889
 20
318.0703005555555
 30
0.0
 10
397.6969722222221
 20
317.7951338888889
 30
0.0
 10
397.5064722222222
 20
317.4882172222222
 30
0.0
 10
397.2595277777777
 20
317.1036894444444
 30
0.0
 10
397.0125833333333
 20
316.7191616666667
 30
0.0
 10
396.7656388888889
 20
316.3346338888888
 30
0.0
 10
396.4234444444444
 20
316.3346338888888
 30
0.0
 10
396.08125
 20
316.3346338888888
 30
0.0
 10
395.7390555555555
 20
316.3346338888888
 30
0.0
 10
396.3458333333333
 20
317.205995
 30
0.0
 10
396.9526111111111
 20
318.077356111111
 30
0.0
 10
397.5593888888889
 20
318.9487172222222
 30
0.0
 10
396.9809509259259
 20
319.7848005555555
 30
0.0
 10
396.4025129629629
 20
320.6208838888888
 30
0.0
 10
395.8240749999999
 20
321.4569672222222
 30
0.0
 10
396.1696796296296
 20
321.4569672222222
 30
0.0
 10
396.5152842592592
 20
321.4569672222222
 30
0.0
 10
396.8608888888888
 20
321.4569672222222
 30
0.0
  0
SPLINE
  5
119
330
1F
100
AcDbEntity
  8
DEFAULT
 62
   177
100
AcDbSpline
210
0.0
220
0.0
230
1.0
 70
    11
 71
     3
 72
    47
 73
    43
 74
     0
 42
0.000000001
 43
0.0000000001
 40
12.44899999999996
 40
12.44899999999996
 40
12.44899999999996
 40
12.44899999999996
 40
14.06899999999996
 40
14.06899999999996
 40
14.06899999999996
 40
16.95359026553158
 40
16.95359026553158
 40
16.95359026553158
 40
17.95359026553158
 40
17.95359026553158
 40
17.95359026553158
 40
18.95359026553158
 40
18.95359026553158
 40
18.95359026553158
 40
19.95359026553158
 40
19.95359026553158
 40
19.95359026553158
 40
21.99447242773496
 40
21.99447242773496
 40
21.99447242773496
 40
22.99447242773496
 40
22.99447242773496
 40
22.99447242773496
 40
23.99447242773496
 40
23.99447242773496
 40
23.99447242773496
 40
24.99447242773496
 40
24.99447242773496
 40
24.99447242773496
 40
27.11748914928953
 40
27.11748914928953
 40
27.11748914928953
 40
27.17748914928948
 40
27.17748914928948
 40
27.17748914928948
 40
35.93748914928947
 40
35.93748914928947
 40
35.93748914928947
 40
38.12748914928952
 40
38.12748914928952
 40
38.12748914928952
 40
50.57648914928948
 40
50.57648914928948
 40
50.57648914928948
 40
50.57648914928948
 10
329.5991841666666
 20
316.3348102777778
 30
0.0
 10
329.5991841666666
 20
316.5253102777777
 30
0.0
 10
329.5991841666666
 20
316.7158102777777
 30
0.0
 10
329.5991841666666
 20
316.9063102777777
 30
0.0
 10
329.8424832407407
 20
317.1426713888889
 30
0.0
 10
330.0857823148148
 20
317.3790324999999
 30
0.0
 10
330.3290813888889
 20
317.6153936111111
 30
0.0
 10
332.0862675
 20
319.2875602777777
 30
0.0
 10
332.8796647222222
 20
320.1765602777778
 30
0.0
 10
332.8902480555555
 20
321.2137269444444
 30
0.0
 10
332.8902480555555
 20
321.9122269444444
 30
0.0
 10
332.5515813888889
 20
322.5574574999999
 30
0.0
 10
331.5249980555555
 20
322.5574574999999
 30
0.0
 10
330.9005813888888
 20
322.5574574999999
 30
0.0
 10
330.3823508333333
 20
322.2399575
 30
0.0
 10
330.0644980555555
 20
321.9753741666667
 30
0.0
 10
329.9657202777778
 20
322.1940963888889
 30
0.0
 10
329.8669425000001
 20
322.4128186111111
 30
0.0
 10
329.7681647222223
 20
322.6315408333333
 30
0.0
 10
330.2444147222222
 20
323.0337075
 30
0.0
 10
330.9217480555556
 20
323.3300408333333
 30
0.0
 10
331.7154980555555
 20
323.3300408333333
 30
0.0
 10
333.1971647222222
 20
323.3300408333333
 30
0.0
 10
333.8215813888889
 20
322.3140408333333
 30
0.0
 10
333.8215813888889
 20
321.3297908333333
 30
0.0
 10
333.8215813888889
 20
320.0601436111111
 30
0.0
 10
332.9008313888889
 20
319.0335602777777
 30
0.0
 10
331.4509147222222
 20
317.6365602777777
 30
0.0
 10
331.2674702777777
 20
317.4672269444445
 30
0.0
 10
331.0840258333333
 20
317.2978936111111
 30
0.0
 10
330.9005813888888
 20
317.1285602777778
 30
0.0
 10
330.9005813888888
 20
317.1215047222222
 30
0.0
 10
330.9005813888888
 20
317.1144491666666
 30
0.0
 10
330.9005813888888
 20
317.1073936111111
 30
0.0
 10
331.9306925
 20
317.1073936111111
 30
0.0
 10
332.9608036111111
 20
317.1073936111111
 30
0.0
 10
333.9909147222222
 20
317.1073936111111
 30
0.0
 10
333.9909147222222
 20
316.8498658333333
 30
0.0
 10
333.9909147222222
 20
316.5923380555555
 30
0.0
 10
333.9909147222222
 20
316.3348102777778
 30
0.0
 10
332.527004537037
 20
316.3348102777778
 30
0.0
 10
331.0630943518518
 20
316.3348102777778
 30
0.0
 10
329.5991841666666
 20
316.3348102777778
 30
0.0
  0
SPLINE
  5
11A
330
1F
100
AcDbEntity
  8
DEFAULT
 62
   177
100
AcDbSpline
210
0.0
220
0.0
230
1.0
 70
    11
 71
     3
 72
    59
 73
    55
 74
     0
 42
0.000000001
 43
0.0000000001
 40
0.0
 40
0.0
 40
0.0
 40
0.0
 40
3.743682812418884
 40
3.743682812418884
 40
3.743682812418884
 40
4.743682812418884
 40
4.743682812418884
 40
4.743682812418884
 40
4.833682812418916
 40
4.833682812418916
 40
4.833682812418916
 40
5.833682812418916
 40
5.833682812418916
 40
5.833682812418916
 40
9.536344017552395
 40
9.536344017552395
 40
9.536344017552395
 40
12.3863440175523
 40
12.3863440175523
 40
12.3863440175523
 40
20.97546510180763
 40
20.97546510180763
 40
20.97546510180763
 40
30.0446327041844
 40
30.0446327041844
 40
30.0446327041844
 40
33.0446327041844
 40
33.0446327041844
 40
33.0446327041844
 40
36.94717034013359
 40
36.94717034013359
 40
36.94717034013359
 40
37.94717034013359
 40
37.94717034013359
 40
37.94717034013359
 40
38.00817034013351
 40
38.00817034013351
 40
38.00817034013351
 40
39.00817034013351
 40
39.00817034013351
 40
39.00817034013351
 40
42.89495577285293
 40
42.89495577285293
 40
42.89495577285293
 40
45.80395577285292
 40
45.80395577285292
 40
45.80395577285292
 40
54.83298567644719
 40
54.83298567644719
 40
54.83298567644719
 40
63.47871647262637
 40
63.47871647262637
 40
63.47871647262637
 40
66.41871647262643
 40
66.41871647262643
 40
66.41871647262643
 40
66.41871647262643
 10
325.4292449999999
 20
321.4569672222222
 30
0.0
 10
325.672544074074
 20
321.0900783333333
 30
0.0
 10
325.915843148148
 20
320.7231894444444
 30
0.0
 10
326.1591422222221
 20
320.3563005555555
 30
0.0
 10
326.3496422222222
 20
320.0705505555555
 30
0.0
 10
326.5087449999999
 20
319.8059672222222
 30
0.0
 10
326.6780783333333
 20
319.5202172222222
 30
0.0
 10
326.6886616666666
 20
319.5202172222222
 30
0.0
 10
326.699245
 20
319.5202172222222
 30
0.0
 10
326.7098283333333
 20
319.5202172222222
 30
0.0
 10
326.8788088888888
 20
319.8271338888889
 30
0.0
 10
327.0484949999999
 20
320.0917172222222
 30
0.0
 10
327.2174755555555
 20
320.3668838888888
 30
0.0
 10
327.4573644444444
 20
320.730245
 30
0.0
 10
327.6972533333333
 20
321.0936061111111
 30
0.0
 10
327.9371422222222
 20
321.4569672222222
 30
0.0
 10
328.2722811111111
 20
321.4569672222222
 30
0.0
 10
328.6074199999999
 20
321.4569672222222
 30
0.0
 10
328.9425588888888
 20
321.4569672222222
 30
0.0
 10
328.3605931481481
 20
320.6314672222222
 30
0.0
 10
327.7786274074073
 20
319.8059672222223
 30
0.0
 10
327.1966616666666
 20
318.9804672222222
 30
0.0
 10
327.7962662962962
 20
318.0985227777778
 30
0.0
 10
328.3958709259259
 20
317.2165783333333
 30
0.0
 10
328.9954755555555
 20
316.3346338888888
 30
0.0
 10
328.6426977777778
 20
316.3346338888888
 30
0.0
 10
328.28992
 20
316.3346338888888
 30
0.0
 10
327.9371422222222
 20
316.3346338888888
 30
0.0
 10
327.6866699999999
 20
316.7191616666667
 30
0.0
 10
327.4361977777777
 20
317.1036894444444
 30
0.0
 10
327.1857255555555
 20
317.4882172222222
 30
0.0
 10
326.9846422222222
 20
317.7845505555555
 30
0.0
 10
326.8156616666666
 20
318.0703005555555
 30
0.0
 10
326.6357449999999
 20
318.3772172222222
 30
0.0
 10
326.6285718518518
 20
318.3772172222222
 30
0.0
 10
326.6213987037037
 20
318.3772172222222
 30
0.0
 10
326.6142255555555
 20
318.3772172222222
 30
0.0
 10
326.4452449999999
 20
318.0703005555555
 30
0.0
 10
326.2649755555555
 20
317.7951338888889
 30
0.0
 10
326.0748283333333
 20
317.4882172222222
 30
0.0
 10
325.8277662962963
 20
317.1036894444444
 30
0.0
 10
325.5807042592592
 20
316.7191616666667
 30
0.0
 10
325.3336422222222
 20
316.3346338888888
 30
0.0
 10
324.9915653703703
 20
316.3346338888888
 30
0.0
 10
324.6494885185185
 20
316.3346338888888
 30
0.0
 10
324.3074116666667
 20
316.3346338888888
 30
0.0
 10
324.9140718518518
 20
317.205995
 30
0.0
 10
325.520732037037
 20
318.077356111111
 30
0.0
 10
326.1273922222222
 20
318.9487172222222
 30
0.0
 10
325.5489542592592
 20
319.7848005555555
 30
0.0
 10
324.9705162962962
 20
320.6208838888888
 30
0.0
 10
324.3920783333332
 20
321.4569672222222
 30
0.0
 10
324.7378005555555
 20
321.4569672222222
 30
0.0
 10
325.0835227777777
 20
321.4569672222222
 30
0.0
 10
325.4292449999999
 20
321.4569672222222
 30
0.0
  0
SPLINE
  5
11B
330
1F
100
AcDbEntity
  8
DEFAULT
 62
   177
100
AcDbSpline
210
0.0
220
0.0
230
1.0
 70
    11
 71
     3
 72
    47
 73
    43
 74
     0
 42
0.000000001
 43
0.0000000001
 40
12.44899999999996
 40
12.44899999999996
 40
12.44899999999996
 40
12.44899999999996
 40
14.06899999999985
 40
14.06899999999985
 40
14.06899999999985
 40
16.95430760925074
 40
16.95430760925074
 40
16.95430760925074
 40
17.95430760925074
 40
17.95430760925074
 40
17.95430760925074
 40
18.95430760925074
 40
18.95430760925074
 40
18.95430760925074
 40
19.95430760925074
 40
19.95430760925074
 40
19.95430760925074
 40
21.99518977145405
 40
21.99518977145405
 40
21.99518977145405
 40
22.99518977145405
 40
22.99518977145405
 40
22.99518977145405
 40
23.99518977145405
 40
23.99518977145405
 40
23.99518977145405
 40
24.99518977145405
 40
24.99518977145405
 40
24.99518977145405
 40
27.1189414047672
 40
27.1189414047672
 40
27.1189414047672
 40
27.17894140476714
 40
27.17894140476714
 40
27.17894140476714
 40
35.93894140476714
 40
35.93894140476714
 40
35.93894140476714
 40
38.12894140476719
 40
38.12894140476719
 40
38.12894140476719
 40
50.57794140476715
 40
50.57794140476715
 40
50.57794140476715
 40
50.57794140476715
 10
277.8145813888889
 20
386.000625
 30
0.0
 10
277.8145813888889
 20
386.1911249999999
 30
0.0
 10
277.8145813888889
 20
386.3816249999999
 30
0.0
 10
277.8145813888889
 20
386.5721249999999
 30
0.0
 10
278.0579980555556
 20
386.8084861111111
 30
0.0
 10
278.3014147222223
 20
387.0448472222222
 30
0.0
 10
278.5448313888889
 20
387.2812083333333
 30
0.0
 10
280.3016647222222
 20
388.9533749999999
 30
0.0
 10
281.0950619444444
 20
389.842375
 30
0.0
 10
281.1059980555555
 20
390.8795416666666
 30
0.0
 10
281.1059980555555
 20
391.5780416666666
 30
0.0
 10
280.7673313888889
 20
392.2232722222221
 30
0.0
 10
279.7403952777777
 20
392.2232722222221
 30
0.0
 10
279.1159786111111
 20
392.2232722222221
 30
0.0
 10
278.5977480555555
 20
391.9057722222222
 30
0.0
 10
278.2802480555555
 20
391.6411888888888
 30
0.0
 10
278.1814702777778
 20
391.8599111111111
 30
0.0
 10
278.0826925
 20
392.0786333333333
 30
0.0
 10
277.9839147222222
 20
392.2973555555555
 30
0.0
 10
278.4601647222222
 20
392.6995222222222
 30
0.0
 10
279.1374980555555
 20
392.9958555555555
 30
0.0
 10
279.9312480555556
 20
392.9958555555555
 30
0.0
 10
281.4125619444444
 20
392.9958555555555
 30
0.0
 10
282.0369786111111
 20
391.9798555555555
 30
0.0
 10
282.0369786111111
 20
390.9956055555555
 30
0.0
 10
282.0369786111111
 20
389.7259583333333
 30
0.0
 10
281.1162286111111
 20
388.699375
 30
0.0
 10
279.6666647222222
 20
387.302375
 30
0.0
 10
279.4831026851851
 20
387.1330416666667
 30
0.0
 10
279.2995406481481
 20
386.9637083333333
 30
0.0
 10
279.1159786111111
 20
386.7943749999999
 30
0.0
 10
279.1159786111111
 20
386.7873194444444
 30
0.0
 10
279.1159786111111
 20
386.7802638888888
 30
0.0
 10
279.1159786111111
 20
386.7732083333333
 30
0.0
 10
280.1460897222221
 20
386.7732083333333
 30
0.0
 10
281.1762008333333
 20
386.7732083333333
 30
0.0
 10
282.2063119444444
 20
386.7732083333333
 30
0.0
 10
282.2063119444444
 20
386.5156805555555
 30
0.0
 10
282.2063119444444
 20
386.2581527777777
 30
0.0
 10
282.2063119444444
 20
386.000625
 30
0.0
 10
280.7424017592593
 20
386.000625
 30
0.0
 10
279.2784915740741
 20
386.000625
 30
0.0
 10
277.8145813888889
 20
386.000625
 30
0.0
  0
SPLINE
  5
11C
330
1F
100
AcDbEntity
  8
DEFAULT
 62
   177
100
AcDbSpline
210
0.0
220
0.0
230
1.0
 70
    11
 71
     3
 72
    59
 73
    55
 74
     0
 42
0.000000001
 43
0.0000000001
 40
2.940000000000055
 40
2.940000000000055
 40
2.940000000000055
 40
2.940000000000055
 40
6.684235569512207
 40
6.684235569512207
 40
6.684235569512207
 40
7.684235569512207
 40
7.684235569512207
 40
7.684235569512207
 40
7.774235569512239
 40
7.774235569512239
 40
7.774235569512239
 40
8.77423556951224
 40
8.77423556951224
 40
8.77423556951224
 40
12.47689677464556
 40
12.47689677464556
 40
12.47689677464556
 40
15.32689677464558
 40
15.32689677464558
 40
15.32689677464558
 40
23.91659409178082
 40
23.91659409178082
 40
23.91659409178082
 40
32.98576169415759
 40
32.98576169415759
 40
32.98576169415759
 40
35.98476169415761
 40
35.98476169415761
 40
35.98476169415761
 40
39.88784521875707
 40
39.88784521875707
 40
39.88784521875707
 40
40.88784521875707
 40
40.88784521875707
 40
40.88784521875707
 40
40.94784521875702
 40
40.94784521875702
 40
40.94784521875702
 40
41.94784521875702
 40
41.94784521875702
 40
41.94784521875702
 40
45.83409019302202
 40
45.83409019302202
 40
45.83409019302202
 40
48.74409019302199
 40
48.74409019302199
 40
48.74409019302199
 40
57.77369151312472
 40
57.77369151312472
 40
57.77369151312472
 40
66.4199912997386
 40
66.4199912997386
 40
66.4199912997386
 40
69.35999129973865
 40
69.35999129973865
 40
69.35999129973865
 40
69.35999129973865
 10
273.6446069444444
 20
391.1228172222222
 30
0.0
 10
273.8880236111111
 20
390.7559283333333
 30
0.0
 10
274.1314402777778
 20
390.3890394444444
 30
0.0
 10
274.3748569444445
 20
390.0221505555556
 30
0.0
 10
274.5653569444444
 20
389.7364005555555
 30
0.0
 10
274.7241069444444
 20
389.4718172222222
 30
0.0
 10
274.8934402777778
 20
389.1860672222222
 30
0.0
 10
274.9040236111111
 20
389.1860672222222
 30
0.0
 10
274.9146069444444
 20
389.1860672222222
 30
0.0
 10
274.9251902777777
 20
389.1860672222222
 30
0.0
 10
275.0945236111111
 20
389.4929838888889
 30
0.0
 10
275.2638569444445
 20
389.7575672222222
 30
0.0
 10
275.4331902777778
 20
390.0327338888889
 30
0.0
 10
275.6730791666667
 20
390.396095
 30
0.0
 10
275.9129680555556
 20
390.7594561111111
 30
0.0
 10
276.1528569444445
 20
391.1228172222222
 30
0.0
 10
276.4879958333333
 20
391.1228172222222
 30
0.0
 10
276.8231347222222
 20
391.1228172222222
 30
0.0
 10
277.1582736111111
 20
391.1228172222222
 30
0.0
 10
276.5761902777778
 20
390.2973172222221
 30
0.0
 10
275.9941069444445
 20
389.4718172222222
 30
0.0
 10
275.4120236111111
 20
388.6463172222222
 30
0.0
 10
276.0116282407408
 20
387.7643727777777
 30
0.0
 10
276.6112328703704
 20
386.8824283333333
 30
0.0
 10
277.2108375
 20
386.0004838888889
 30
0.0
 10
276.8581773148148
 20
386.0004838888888
 30
0.0
 10
276.5055171296297
 20
386.0004838888888
 30
0.0
 10
276.1528569444445
 20
386.0004838888889
 30
0.0
 10
275.9022671296296
 20
386.3850116666666
 30
0.0
 10
275.6516773148148
 20
386.7695394444443
 30
0.0
 10
275.4010875
 20
387.1540672222222
 30
0.0
 10
275.2003569444444
 20
387.4504005555555
 30
0.0
 10
275.0310236111111
 20
387.7361505555556
 30
0.0
 10
274.8511069444444
 20
388.0430672222222
 30
0.0
 10
274.8440513888889
 20
388.0430672222222
 30
0.0
 10
274.8369958333333
 20
388.0430672222222
 30
0.0
 10
274.8299402777778
 20
388.0430672222222
 30
0.0
 10
274.6606069444445
 20
387.7361505555556
 30
0.0
 10
274.4806902777778
 20
387.4609838888888
 30
0.0
 10
274.2901902777778
 20
387.1540672222222
 30
0.0
 10
274.0432458333334
 20
386.7695394444444
 30
0.0
 10
273.7963013888889
 20
386.3850116666666
 30
0.0
 10
273.5493569444445
 20
386.0004838888889
 30
0.0
 10
273.2071625
 20
386.0004838888888
 30
0.0
 10
272.8649680555556
 20
386.0004838888888
 30
0.0
 10
272.5227736111111
 20
386.0004838888889
 30
0.0
 10
273.1295513888889
 20
386.871845
 30
0.0
 10
273.7363291666667
 20
387.7432061111111
 30
0.0
 10
274.3431069444445
 20
388.6145672222223
 30
0.0
 10
273.7645513888889
 20
389.4506505555555
 30
0.0
 10
273.1859958333333
 20
390.2867338888888
 30
0.0
 10
272.6074402777778
 20
391.1228172222222
 30
0.0
 10
272.9531625
 20
391.1228172222222
 30
0.0
 10
273.2988847222222
 20
391.1228172222222
 30
0.0
 10
273.6446069444444
 20
391.1228172222222
 30
0.0
  0
SPLINE
  5
11D
330
1F
100
AcDbEntity
  8
DEFAULT
 62
   177
100
AcDbSpline
210
0.0
220
0.0
230
1.0
 70
    11
 71
     3
 72
    47
 73
    43
 74
     0
 42
0.000000001
 43
0.0000000001
 40
12.44899999999996
 40
12.44899999999996
 40
12.44899999999996
 40
12.44899999999996
 40
14.06899999999985
 40
14.06899999999985
 40
14.06899999999985
 40
16.95430760925074
 40
16.95430760925074
 40
16.95430760925074
 40
17.95430760925074
 40
17.95430760925074
 40
17.95430760925074
 40
18.95430760925074
 40
18.95430760925074
 40
18.95430760925074
 40
19.95430760925074
 40
19.95430760925074
 40
19.95430760925074
 40
21.99518977145405
 40
21.99518977145405
 40
21.99518977145405
 40
22.99518977145405
 40
22.99518977145405
 40
22.99518977145405
 40
23.99518977145405
 40
23.99518977145405
 40
23.99518977145405
 40
24.99518977145405
 40
24.99518977145405
 40
24.99518977145405
 40
27.1189414047672
 40
27.1189414047672
 40
27.1189414047672
 40
27.17894140476714
 40
27.17894140476714
 40
27.17894140476714
 40
35.93894140476714
 40
35.93894140476714
 40
35.93894140476714
 40
38.12894140476719
 40
38.12894140476719
 40
38.12894140476719
 40
50.57794140476715
 40
50.57794140476715
 40
50.57794140476715
 40
50.57794140476715
 10
277.8145813888889
 20
440.2316005555555
 30
0.0
 10
277.8145813888889
 20
440.4221005555555
 30
0.0
 10
277.8145813888889
 20
440.6126005555555
 30
0.0
 10
277.8145813888889
 20
440.8031005555554
 30
0.0
 10
278.0579980555556
 20
441.0394616666666
 30
0.0
 10
278.3014147222223
 20
441.2758227777777
 30
0.0
 10
278.5448313888889
 20
441.5121838888888
 30
0.0
 10
280.3016647222222
 20
443.1843505555555
 30
0.0
 10
281.0950619444444
 20
444.0733505555555
 30
0.0
 10
281.1059980555555
 20
445.1105172222221
 30
0.0
 10
281.1059980555555
 20
445.8090172222222
 30
0.0
 10
280.7673313888889
 20
446.4542477777777
 30
0.0
 10
279.7403952777777
 20
446.4542477777777
 30
0.0
 10
279.1159786111111
 20
446.4542477777777
 30
0.0
 10
278.5977480555555
 20
446.1367477777777
 30
0.0
 10
278.2802480555555
 20
445.8721644444444
 30
0.0
 10
278.1814702777778
 20
446.0908866666666
 30
0.0
 10
278.0826925
 20
446.3096088888888
 30
0.0
 10
277.9839147222222
 20
446.528331111111
 30
0.0
 10
278.4601647222222
 20
446.9304977777777
 30
0.0
 10
279.1374980555555
 20
447.226831111111
 30
0.0
 10
279.9312480555556
 20
447.226831111111
 30
0.0
 10
281.4125619444444
 20
447.226831111111
 30
0.0
 10
282.0369786111111
 20
446.2108311111111
 30
0.0
 10
282.0369786111111
 20
445.2265811111111
 30
0.0
 10
282.0369786111111
 20
443.9569338888888
 30
0.0
 10
281.1162286111111
 20
442.9303505555555
 30
0.0
 10
279.6666647222222
 20
441.5333505555555
 30
0.0
 10
279.4831026851851
 20
441.3640172222222
 30
0.0
 10
279.2995406481481
 20
441.1946838888889
 30
0.0
 10
279.1159786111111
 20
441.0253505555555
 30
0.0
 10
279.1159786111111
 20
441.018295
 30
0.0
 10
279.1159786111111
 20
441.0112394444444
 30
0.0
 10
279.1159786111111
 20
441.0041838888889
 30
0.0
 10
280.1460897222221
 20
441.0041838888889
 30
0.0
 10
281.1762008333333
 20
441.0041838888889
 30
0.0
 10
282.2063119444444
 20
441.0041838888889
 30
0.0
 10
282.2063119444444
 20
440.7466561111111
 30
0.0
 10
282.2063119444444
 20
440.4891283333333
 30
0.0
 10
282.2063119444444
 20
440.2316005555555
 30
0.0
 10
280.7424017592593
 20
440.2316005555555
 30
0.0
 10
279.2784915740741
 20
440.2316005555555
 30
0.0
 10
277.8145813888889
 20
440.2316005555555
 30
0.0
  0
SPLINE
  5
11E
330
1F
100
AcDbEntity
  8
DEFAULT
 62
   177
100
AcDbSpline
210
0.0
220
0.0
230
1.0
 70
    11
 71
     3
 72
    59
 73
    55
 74
     0
 42
0.000000001
 43
0.0000000001
 40
2.940000000000055
 40
2.940000000000055
 40
2.940000000000055
 40
2.940000000000055
 40
6.684235569512207
 40
6.684235569512207
 40
6.684235569512207
 40
7.684235569512207
 40
7.684235569512207
 40
7.684235569512207
 40
7.774235569512239
 40
7.774235569512239
 40
7.774235569512239
 40
8.77423556951224
 40
8.77423556951224
 40
8.77423556951224
 40
12.47689677464556
 40
12.47689677464556
 40
12.47689677464556
 40
15.32689677464558
 40
15.32689677464558
 40
15.32689677464558
 40
23.91659409178082
 40
23.91659409178082
 40
23.91659409178082
 40
32.98576169415759
 40
32.98576169415759
 40
32.98576169415759
 40
35.98476169415761
 40
35.98476169415761
 40
35.98476169415761
 40
39.88784521875707
 40
39.88784521875707
 40
39.88784521875707
 40
40.88784521875707
 40
40.88784521875707
 40
40.88784521875707
 40
40.94784521875702
 40
40.94784521875702
 40
40.94784521875702
 40
41.94784521875702
 40
41.94784521875702
 40
41.94784521875702
 40
45.83409019302202
 40
45.83409019302202
 40
45.83409019302202
 40
48.74409019302199
 40
48.74409019302199
 40
48.74409019302199
 40
57.77369151312472
 40
57.77369151312472
 40
57.77369151312472
 40
66.4199912997386
 40
66.4199912997386
 40
66.4199912997386
 40
69.35999129973865
 40
69.35999129973865
 40
69.35999129973865
 40
69.35999129973865
 10
273.6446069444444
 20
445.3537927777778
 30
0.0
 10
273.8880236111111
 20
444.9869038888889
 30
0.0
 10
274.1314402777778
 20
444.620015
 30
0.0
 10
274.3748569444445
 20
444.2531261111111
 30
0.0
 10
274.5653569444444
 20
443.967376111111
 30
0.0
 10
274.7241069444444
 20
443.7027927777777
 30
0.0
 10
274.8934402777778
 20
443.4170427777777
 30
0.0
 10
274.9040236111111
 20
443.4170427777778
 30
0.0
 10
274.9146069444444
 20
443.4170427777778
 30
0.0
 10
274.9251902777777
 20
443.4170427777777
 30
0.0
 10
275.0945236111111
 20
443.7239594444445
 30
0.0
 10
275.2638569444445
 20
443.9885427777778
 30
0.0
 10
275.4331902777778
 20
444.2637094444444
 30
0.0
 10
275.6730791666667
 20
444.6270705555555
 30
0.0
 10
275.9129680555556
 20
444.9904316666666
 30
0.0
 10
276.1528569444445
 20
445.3537927777778
 30
0.0
 10
276.4879958333333
 20
445.3537927777778
 30
0.0
 10
276.8231347222222
 20
445.3537927777778
 30
0.0
 10
277.1582736111111
 20
445.3537927777778
 30
0.0
 10
276.5761902777778
 20
444.5282927777778
 30
0.0
 10
275.9941069444445
 20
443.7027927777778
 30
0.0
 10
275.4120236111111
 20
442.8772927777778
 30
0.0
 10
276.0116282407408
 20
441.9953483333333
 30
0.0
 10
276.6112328703704
 20
441.1134038888889
 30
0.0
 10
277.2108375
 20
440.2314594444444
 30
0.0
 10
276.8581773148148
 20
440.2314594444444
 30
0.0
 10
276.5055171296297
 20
440.2314594444444
 30
0.0
 10
276.1528569444445
 20
440.2314594444444
 30
0.0
 10
275.9022671296296
 20
440.6159872222222
 30
0.0
 10
275.6516773148148
 20
441.000515
 30
0.0
 10
275.4010875
 20
441.3850427777778
 30
0.0
 10
275.2003569444444
 20
441.681376111111
 30
0.0
 10
275.0310236111111
 20
441.9671261111111
 30
0.0
 10
274.8511069444444
 20
442.2740427777778
 30
0.0
 10
274.8440513888889
 20
442.2740427777778
 30
0.0
 10
274.8369958333333
 20
442.2740427777778
 30
0.0
 10
274.8299402777778
 20
442.2740427777778
 30
0.0
 10
274.6606069444445
 20
441.9671261111111
 30
0.0
 10
274.4806902777778
 20
441.6919594444444
 30
0.0
 10
274.2901902777778
 20
441.3850427777778
 30
0.0
 10
274.0432458333334
 20
441.000515
 30
0.0
 10
273.7963013888889
 20
440.6159872222222
 30
0.0
 10
273.5493569444445
 20
440.2314594444444
 30
0.0
 10
273.2071625
 20
440.2314594444444
 30
0.0
 10
272.8649680555556
 20
440.2314594444444
 30
0.0
 10
272.5227736111111
 20
440.2314594444444
 30
0.0
 10
273.1295513888889
 20
441.1028205555555
 30
0.0
 10
273.7363291666667
 20
441.9741816666667
 30
0.0
 10
274.3431069444445
 20
442.8455427777778
 30
0.0
 10
273.7645513888889
 20
443.6816261111111
 30
0.0
 10
273.1859958333333
 20
444.5177094444444
 30
0.0
 10
272.6074402777778
 20
445.3537927777778
 30
0.0
 10
272.9531625
 20
445.3537927777778
 30
0.0
 10
273.2988847222222
 20
445.3537927777778
 30
0.0
 10
273.6446069444444
 20
445.3537927777778
 30
0.0
  0
SPLINE
  5
11F
330
1F
100
AcDbEntity
  8
DEFAULT
 62
   177
100
AcDbSpline
210
0.0
220
0.0
230
1.0
 70
    11
 71
     3
 72
    47
 73
    43
 74
     0
 42
0.000000001
 43
0.0000000001
 40
12.44899999999996
 40
12.44899999999996
 40
12.44899999999996
 40
12.44899999999996
 40
14.06899999999985
 40
14.06899999999985
 40
14.06899999999985
 40
16.95430760925074
 40
16.95430760925074
 40
16.95430760925074
 40
17.95430760925074
 40
17.95430760925074
 40
17.95430760925074
 40
18.95430760925074
 40
18.95430760925074
 40
18.95430760925074
 40
19.95430760925074
 40
19.95430760925074
 40
19.95430760925074
 40
21.99518977145405
 40
21.99518977145405
 40
21.99518977145405
 40
22.99518977145405
 40
22.99518977145405
 40
22.99518977145405
 40
23.99518977145405
 40
23.99518977145405
 40
23.99518977145405
 40
24.99518977145405
 40
24.99518977145405
 40
24.99518977145405
 40
27.1189414047672
 40
27.1189414047672
 40
27.1189414047672
 40
27.17894140476714
 40
27.17894140476714
 40
27.17894140476714
 40
35.93894140476714
 40
35.93894140476714
 40
35.93894140476714
 40
38.12894140476719
 40
38.12894140476719
 40
38.12894140476719
 40
50.57794140476715
 40
50.57794140476715
 40
50.57794140476715
 40
50.57794140476715
 10
338.5953702777778
 20
386.000625
 30
0.0
 10
338.5953702777778
 20
386.1911249999999
 30
0.0
 10
338.5953702777778
 20
386.3816249999999
 30
0.0
 10
338.5953702777778
 20
386.5721249999999
 30
0.0
 10
338.8387869444445
 20
386.8084861111111
 30
0.0
 10
339.0822036111111
 20
387.0448472222222
 30
0.0
 10
339.3256202777778
 20
387.2812083333333
 30
0.0
 10
341.0824536111111
 20
388.9533749999999
 30
0.0
 10
341.8762036111111
 20
389.842375
 30
0.0
 10
341.8867869444445
 20
390.8795416666666
 30
0.0
 10
341.8867869444445
 20
391.5780416666666
 30
0.0
 10
341.5481202777777
 20
392.2232722222221
 30
0.0
 10
340.5215369444444
 20
392.2232722222221
 30
0.0
 10
339.8967675
 20
392.2232722222221
 30
0.0
 10
339.3785369444444
 20
391.9057722222222
 30
0.0
 10
339.0610369444444
 20
391.6411888888888
 30
0.0
 10
338.9622591666666
 20
391.8599111111111
 30
0.0
 10
338.8634813888889
 20
392.0786333333333
 30
0.0
 10
338.7647036111111
 20
392.2973555555555
 30
0.0
 10
339.2409536111111
 20
392.6995222222222
 30
0.0
 10
339.9182869444444
 20
392.9958555555555
 30
0.0
 10
340.7120369444444
 20
392.9958555555555
 30
0.0
 10
342.1933508333333
 20
392.9958555555555
 30
0.0
 10
342.8181202777778
 20
391.9798555555555
 30
0.0
 10
342.8181202777778
 20
390.9956055555555
 30
0.0
 10
342.8181202777778
 20
389.7259583333333
 30
0.0
 10
341.8970175
 20
388.699375
 30
0.0
 10
340.4474536111111
 20
387.302375
 30
0.0
 10
340.263891574074
 20
387.1330416666667
 30
0.0
 10
340.080329537037
 20
386.9637083333333
 30
0.0
 10
339.8967675
 20
386.7943749999999
 30
0.0
 10
339.8967675
 20
386.7873194444444
 30
0.0
 10
339.8967675
 20
386.7802638888888
 30
0.0
 10
339.8967675
 20
386.7732083333333
 30
0.0
 10
340.9268786111111
 20
386.7732083333333
 30
0.0
 10
341.9569897222222
 20
386.7732083333333
 30
0.0
 10
342.9871008333333
 20
386.7732083333333
 30
0.0
 10
342.9871008333333
 20
386.5156805555555
 30
0.0
 10
342.9871008333333
 20
386.2581527777777
 30
0.0
 10
342.9871008333333
 20
386.000625
 30
0.0
 10
341.5231906481481
 20
386.000625
 30
0.0
 10
340.0592804629629
 20
386.000625
 30
0.0
 10
338.5953702777778
 20
386.000625
 30
0.0
  0
SPLINE
  5
120
330
1F
100
AcDbEntity
  8
DEFAULT
 62
   177
100
AcDbSpline
210
0.0
220
0.0
230
1.0
 70
    11
 71
     3
 72
    59
 73
    55
 74
     0
 42
0.000000001
 43
0.0000000001
 40
0.0
 40
0.0
 40
0.0
 40
0.0
 40
3.744235569511901
 40
3.744235569511901
 40
3.744235569511901
 40
4.744235569511901
 40
4.744235569511901
 40
4.744235569511901
 40
4.834235569511932
 40
4.834235569511932
 40
4.834235569511932
 40
5.834235569511932
 40
5.834235569511932
 40
5.834235569511932
 40
9.536896774645253
 40
9.536896774645253
 40
9.536896774645253
 40
12.38689677464528
 40
12.38689677464528
 40
12.38689677464528
 40
20.97659409178051
 40
20.97659409178051
 40
20.97659409178051
 40
30.04576169415728
 40
30.04576169415728
 40
30.04576169415728
 40
33.0447616941573
 40
33.0447616941573
 40
33.0447616941573
 40
36.94784521875676
 40
36.94784521875676
 40
36.94784521875676
 40
37.94784521875676
 40
37.94784521875676
 40
37.94784521875676
 40
38.00784521875671
 40
38.00784521875671
 40
38.00784521875671
 40
39.00784521875671
 40
39.00784521875671
 40
39.00784521875671
 40
42.89354991674909
 40
42.89354991674909
 40
42.89354991674909
 40
45.80454991674903
 40
45.80454991674903
 40
45.80454991674903
 40
54.83472272794155
 40
54.83472272794155
 40
54.83472272794155
 40
63.48102251455537
 40
63.48102251455537
 40
63.48102251455537
 40
66.42002251455534
 40
66.42002251455534
 40
66.42002251455534
 40
66.42002251455534
 10
334.4253958333334
 20
391.1228172222222
 30
0.0
 10
334.6688125000001
 20
390.7559283333333
 30
0.0
 10
334.9122291666667
 20
390.3890394444444
 30
0.0
 10
335.1556458333334
 20
390.0221505555556
 30
0.0
 10
335.3461458333333
 20
389.7364005555555
 30
0.0
 10
335.5048958333333
 20
389.4718172222222
 30
0.0
 10
335.6742291666666
 20
389.1860672222222
 30
0.0
 10
335.6848125
 20
389.1860672222222
 30
0.0
 10
335.6953958333333
 20
389.1860672222222
 30
0.0
 10
335.7059791666666
 20
389.1860672222222
 30
0.0
 10
335.8753124999999
 20
389.4929838888889
 30
0.0
 10
336.0446458333333
 20
389.7575672222222
 30
0.0
 10
336.2139791666667
 20
390.0327338888889
 30
0.0
 10
336.4538680555556
 20
390.396095
 30
0.0
 10
336.6937569444444
 20
390.7594561111111
 30
0.0
 10
336.9336458333333
 20
391.1228172222222
 30
0.0
 10
337.2687847222222
 20
391.1228172222222
 30
0.0
 10
337.6039236111111
 20
391.1228172222222
 30
0.0
 10
337.9390625
 20
391.1228172222222
 30
0.0
 10
337.3569791666666
 20
390.2973172222221
 30
0.0
 10
336.7748958333333
 20
389.4718172222222
 30
0.0
 10
336.1928124999999
 20
388.6463172222222
 30
0.0
 10
336.7924171296295
 20
387.7643727777777
 30
0.0
 10
337.3920217592592
 20
386.8824283333333
 30
0.0
 10
337.9916263888888
 20
386.0004838888889
 30
0.0
 10
337.6389662037037
 20
386.0004838888888
 30
0.0
 10
337.2863060185185
 20
386.0004838888888
 30
0.0
 10
336.9336458333333
 20
386.0004838888889
 30
0.0
 10
336.6830560185185
 20
386.3850116666666
 30
0.0
 10
336.4324662037037
 20
386.7695394444443
 30
0.0
 10
336.1818763888888
 20
387.1540672222222
 30
0.0
 10
335.9811458333333
 20
387.4504005555555
 30
0.0
 10
335.8118124999999
 20
387.7361505555556
 30
0.0
 10
335.6318958333333
 20
388.0430672222222
 30
0.0
 10
335.6248402777777
 20
388.0430672222222
 30
0.0
 10
335.6177847222222
 20
388.0430672222222
 30
0.0
 10
335.6107291666666
 20
388.0430672222222
 30
0.0
 10
335.4413958333333
 20
387.7361505555556
 30
0.0
 10
335.2614791666666
 20
387.4609838888888
 30
0.0
 10
335.0709791666666
 20
387.1540672222222
 30
0.0
 10
334.8241523148147
 20
386.7695394444444
 30
0.0
 10
334.5773254629629
 20
386.3850116666666
 30
0.0
 10
334.3304986111111
 20
386.0004838888889
 30
0.0
 10
333.9881865740741
 20
386.0004838888888
 30
0.0
 10
333.6458745370371
 20
386.0004838888888
 30
0.0
 10
333.3035625
 20
386.0004838888889
 30
0.0
 10
333.9104578703704
 20
386.871845
 30
0.0
 10
334.5173532407407
 20
387.7432061111111
 30
0.0
 10
335.1242486111111
 20
388.6145672222223
 30
0.0
 10
334.5456930555555
 20
389.4506505555555
 30
0.0
 10
333.9671375
 20
390.2867338888888
 30
0.0
 10
333.3885819444444
 20
391.1228172222222
 30
0.0
 10
333.7341865740741
 20
391.1228172222222
 30
0.0
 10
334.0797912037037
 20
391.1228172222222
 30
0.0
 10
334.4253958333334
 20
391.1228172222222
 30
0.0
  0
SPLINE
  5
121
330
1F
100
AcDbEntity
  8
DEFAULT
 62
   177
100
AcDbSpline
210
0.0
220
0.0
230
1.0
 70
    11
 71
     3
 72
    47
 73
    43
 74
     0
 42
0.000000001
 43
0.0000000001
 40
12.44899999999996
 40
12.44899999999996
 40
12.44899999999996
 40
12.44899999999996
 40
14.06899999999985
 40
14.06899999999985
 40
14.06899999999985
 40
16.95430760925074
 40
16.95430760925074
 40
16.95430760925074
 40
17.95430760925074
 40
17.95430760925074
 40
17.95430760925074
 40
18.95430760925074
 40
18.95430760925074
 40
18.95430760925074
 40
19.95430760925074
 40
19.95430760925074
 40
19.95430760925074
 40
21.99518977145405
 40
21.99518977145405
 40
21.99518977145405
 40
22.99518977145405
 40
22.99518977145405
 40
22.99518977145405
 40
23.99518977145405
 40
23.99518977145405
 40
23.99518977145405
 40
24.99518977145405
 40
24.99518977145405
 40
24.99518977145405
 40
27.1189414047672
 40
27.1189414047672
 40
27.1189414047672
 40
27.17894140476714
 40
27.17894140476714
 40
27.17894140476714
 40
35.93894140476714
 40
35.93894140476714
 40
35.93894140476714
 40
38.12894140476719
 40
38.12894140476719
 40
38.12894140476719
 40
50.57794140476715
 40
50.57794140476715
 40
50.57794140476715
 40
50.57794140476715
 10
338.5953702777778
 20
440.2316005555555
 30
0.0
 10
338.5953702777778
 20
440.4221005555555
 30
0.0
 10
338.5953702777778
 20
440.6126005555555
 30
0.0
 10
338.5953702777778
 20
440.8031005555554
 30
0.0
 10
338.8387869444445
 20
441.0394616666666
 30
0.0
 10
339.0822036111111
 20
441.2758227777777
 30
0.0
 10
339.3256202777778
 20
441.5121838888888
 30
0.0
 10
341.0824536111111
 20
443.1843505555555
 30
0.0
 10
341.8762036111111
 20
444.0733505555555
 30
0.0
 10
341.8867869444445
 20
445.1105172222221
 30
0.0
 10
341.8867869444445
 20
445.8090172222222
 30
0.0
 10
341.5481202777777
 20
446.4542477777777
 30
0.0
 10
340.5215369444444
 20
446.4542477777777
 30
0.0
 10
339.8967675
 20
446.4542477777777
 30
0.0
 10
339.3785369444444
 20
446.1367477777777
 30
0.0
 10
339.0610369444444
 20
445.8721644444444
 30
0.0
 10
338.9622591666666
 20
446.0908866666666
 30
0.0
 10
338.8634813888889
 20
446.3096088888888
 30
0.0
 10
338.7647036111111
 20
446.528331111111
 30
0.0
 10
339.2409536111111
 20
446.9304977777777
 30
0.0
 10
339.9182869444444
 20
447.226831111111
 30
0.0
 10
340.7120369444444
 20
447.226831111111
 30
0.0
 10
342.1933508333333
 20
447.226831111111
 30
0.0
 10
342.8181202777778
 20
446.2108311111111
 30
0.0
 10
342.8181202777778
 20
445.2265811111111
 30
0.0
 10
342.8181202777778
 20
443.9569338888888
 30
0.0
 10
341.8970175
 20
442.9303505555555
 30
0.0
 10
340.4474536111111
 20
441.5333505555555
 30
0.0
 10
340.263891574074
 20
441.3640172222222
 30
0.0
 10
340.080329537037
 20
441.1946838888889
 30
0.0
 10
339.8967675
 20
441.0253505555555
 30
0.0
 10
339.8967675
 20
441.018295
 30
0.0
 10
339.8967675
 20
441.0112394444444
 30
0.0
 10
339.8967675
 20
441.0041838888889
 30
0.0
 10
340.9268786111111
 20
441.0041838888889
 30
0.0
 10
341.9569897222222
 20
441.0041838888889
 30
0.0
 10
342.9871008333333
 20
441.0041838888889
 30
0.0
 10
342.9871008333333
 20
440.7466561111111
 30
0.0
 10
342.9871008333333
 20
440.4891283333333
 30
0.0
 10
342.9871008333333
 20
440.2316005555555
 30
0.0
 10
341.5231906481481
 20
440.2316005555555
 30
0.0
 10
340.0592804629629
 20
440.2316005555555
 30
0.0
 10
338.5953702777778
 20
440.2316005555555
 30
0.0
  0
SPLINE
  5
122
330
1F
100
AcDbEntity
  8
DEFAULT
 62
   177
100
AcDbSpline
210
0.0
220
0.0
230
1.0
 70
    11
 71
     3
 72
    59
 73
    55
 74
     0
 42
0.000000001
 43
0.0000000001
 40
2.938999999999965
 40
2.938999999999965
 40
2.938999999999965
 40
2.938999999999965
 40
6.683235569512117
 40
6.683235569512117
 40
6.683235569512117
 40
7.683235569512117
 40
7.683235569512117
 40
7.683235569512117
 40
7.773235569512149
 40
7.773235569512149
 40
7.773235569512149
 40
8.77323556951215
 40
8.77323556951215
 40
8.77323556951215
 40
12.47589677464547
 40
12.47589677464547
 40
12.47589677464547
 40
15.32589677464549
 40
15.32589677464549
 40
15.32589677464549
 40
23.91559409178073
 40
23.91559409178073
 40
23.91559409178073
 40
32.9847616941575
 40
32.9847616941575
 40
32.9847616941575
 40
35.98376169415752
 40
35.98376169415752
 40
35.98376169415752
 40
39.88684521875698
 40
39.88684521875698
 40
39.88684521875698
 40
40.88684521875698
 40
40.88684521875698
 40
40.88684521875698
 40
40.94684521875693
 40
40.94684521875693
 40
40.94684521875693
 40
41.94684521875693
 40
41.94684521875693
 40
41.94684521875693
 40
45.83254991674931
 40
45.83254991674931
 40
45.83254991674931
 40
48.74354991674925
 40
48.74354991674925
 40
48.74354991674925
 40
57.77372272794177
 40
57.77372272794177
 40
57.77372272794177
 40
66.4200225145556
 40
66.4200225145556
 40
66.4200225145556
 40
69.35902251455556
 40
69.35902251455556
 40
69.35902251455556
 40
69.35902251455556
 10
334.4253958333333
 20
445.3537927777778
 30
0.0
 10
334.6688125
 20
444.9869038888889
 30
0.0
 10
334.9122291666666
 20
444.620015
 30
0.0
 10
335.1556458333333
 20
444.2531261111111
 30
0.0
 10
335.3461458333333
 20
443.967376111111
 30
0.0
 10
335.5048958333333
 20
443.7027927777777
 30
0.0
 10
335.6742291666666
 20
443.4170427777777
 30
0.0
 10
335.6848125
 20
443.4170427777778
 30
0.0
 10
335.6953958333333
 20
443.4170427777778
 30
0.0
 10
335.7059791666666
 20
443.4170427777777
 30
0.0
 10
335.8753124999999
 20
443.7239594444445
 30
0.0
 10
336.0446458333333
 20
443.9885427777778
 30
0.0
 10
336.2139791666667
 20
444.2637094444444
 30
0.0
 10
336.4538680555556
 20
444.6270705555555
 30
0.0
 10
336.6937569444444
 20
444.9904316666666
 30
0.0
 10
336.9336458333333
 20
445.3537927777778
 30
0.0
 10
337.2687847222222
 20
445.3537927777778
 30
0.0
 10
337.6039236111111
 20
445.3537927777778
 30
0.0
 10
337.9390625
 20
445.3537927777778
 30
0.0
 10
337.3569791666666
 20
444.5282927777778
 30
0.0
 10
336.7748958333333
 20
443.7027927777778
 30
0.0
 10
336.1928124999999
 20
442.8772927777778
 30
0.0
 10
336.7924171296295
 20
441.9953483333333
 30
0.0
 10
337.3920217592592
 20
441.1134038888889
 30
0.0
 10
337.9916263888888
 20
440.2314594444444
 30
0.0
 10
337.6389662037037
 20
440.2314594444444
 30
0.0
 10
337.2863060185185
 20
440.2314594444444
 30
0.0
 10
336.9336458333333
 20
440.2314594444444
 30
0.0
 10
336.6830560185185
 20
440.6159872222222
 30
0.0
 10
336.4324662037037
 20
441.000515
 30
0.0
 10
336.1818763888888
 20
441.3850427777778
 30
0.0
 10
335.9811458333333
 20
441.681376111111
 30
0.0
 10
335.8118124999999
 20
441.9671261111111
 30
0.0
 10
335.6318958333333
 20
442.2740427777778
 30
0.0
 10
335.6248402777777
 20
442.2740427777778
 30
0.0
 10
335.6177847222222
 20
442.2740427777778
 30
0.0
 10
335.6107291666666
 20
442.2740427777778
 30
0.0
 10
335.4413958333333
 20
441.9671261111111
 30
0.0
 10
335.2614791666666
 20
441.6919594444444
 30
0.0
 10
335.0709791666666
 20
441.3850427777778
 30
0.0
 10
334.8241523148147
 20
441.000515
 30
0.0
 10
334.5773254629629
 20
440.6159872222222
 30
0.0
 10
334.3304986111111
 20
440.2314594444444
 30
0.0
 10
333.9881865740741
 20
440.2314594444444
 30
0.0
 10
333.6458745370371
 20
440.2314594444444
 30
0.0
 10
333.3035625
 20
440.2314594444444
 30
0.0
 10
333.9104578703704
 20
441.1028205555555
 30
0.0
 10
334.5173532407407
 20
441.9741816666667
 30
0.0
 10
335.1242486111111
 20
442.8455427777778
 30
0.0
 10
334.5456930555555
 20
443.6816261111111
 30
0.0
 10
333.9671375
 20
444.5177094444444
 30
0.0
 10
333.3885819444444
 20
445.3537927777778
 30
0.0
 10
333.734186574074
 20
445.3537927777778
 30
0.0
 10
334.0797912037037
 20
445.3537927777778
 30
0.0
 10
334.4253958333333
 20
445.3537927777778
 30
0.0
  0
SPLINE
  5
123
330
1F
100
AcDbEntity
  8
DEFAULT
 62
   177
100
AcDbSpline
210
0.0
220
0.0
230
1.0
 70
    11
 71
     3
 72
    23
 73
    19
 74
     0
 42
0.000000001
 43
0.0000000001
 40
0.0
 40
0.0
 40
0.0
 40
0.0
 40
1.0
 40
1.0
 40
1.0
 40
2.0
 40
2.0
 40
2.0
 40
4.038999999999987
 40
4.038999999999987
 40
4.038999999999987
 40
5.038999999999987
 40
5.038999999999987
 40
5.038999999999987
 40
6.038999999999987
 40
6.038999999999987
 40
6.038999999999987
 40
8.077999999999975
 40
8.077999999999975
 40
8.077999999999975
 40
8.077999999999975
 10
362.6241936111111
 20
23.58280638888889
 30
0.0
 10
363.3756102777778
 20
24.63055638888889
 30
0.0
 10
363.9573408333333
 20
26.00638972222222
 30
0.0
 10
363.9573408333333
 20
27.91138972222222
 30
0.0
 10
363.9573408333333
 20
29.80580638888889
 30
0.0
 10
363.3858408333334
 20
31.16012027777778
 30
0.0
 10
362.6241936111111
 20
32.20787027777777
 30
0.0
 10
362.8639649074074
 20
32.20787027777777
 30
0.0
 10
363.1037362037037
 20
32.20787027777777
 30
0.0
 10
363.3435075
 20
32.20787027777777
 30
0.0
 10
364.0208408333334
 20
31.34003694444444
 30
0.0
 10
364.7302769444444
 20
29.98537027777778
 30
0.0
 10
364.7302769444444
 20
27.90080638888888
 30
0.0
 10
364.7302769444444
 20
25.82647305555555
 30
0.0
 10
364.0208408333334
 20
24.48238972222222
 30
0.0
 10
363.3435075
 20
23.58280638888889
 30
0.0
 10
363.1037362037036
 20
23.58280638888889
 30
0.0
 10
362.8639649074074
 20
23.58280638888889
 30
0.0
 10
362.6241936111111
 20
23.58280638888889
 30
0.0
  0
POLYLINE
  5
124
330
1F
100
AcDbEntity
  8
DEFAULT
 62
   177
100
AcDb2dPolyline
 66
     1
 10
0.0
 20
0.0
 30
0.0
 70
     1
  0
VERTEX
  5
125
330
124
100
AcDbEntity
  8
DEFAULT
 62
   177
100
AcDbVertex
100
AcDb2dVertex
 10
361.7033377777777
 20
28.20751138888889
 30
0.0
  0
VERTEX
  5
126
330
124
100
AcDbEntity
  8
DEFAULT
 62
   177
100
AcDbVertex
100
AcDb2dVertex
 10
358.9308572222222
 20
28.20751138888889
 30
0.0
  0
VERTEX
  5
127
330
124
100
AcDbEntity
  8
DEFAULT
 62
   177
100
AcDbVertex
100
AcDb2dVertex
 10
358.9308572222222
 20
25.63611416666666
 30
0.0
  0
VERTEX
  5
128
330
124
100
AcDbEntity
  8
DEFAULT
 62
   177
100
AcDbVertex
100
AcDb2dVertex
 10
362.0208377777778
 20
25.63611416666666
 30
0.0
  0
VERTEX
  5
129
330
124
100
AcDbEntity
  8
DEFAULT
 62
   177
100
AcDbVertex
100
AcDb2dVertex
 10
362.0208377777778
 20
24.86353083333333
 30
0.0
  0
VERTEX
  5
12A
330
124
100
AcDbEntity
  8
DEFAULT
 62
   177
100
AcDbVertex
100
AcDb2dVertex
 10
358.0097544444444
 20
24.86353083333333
 30
0.0
  0
VERTEX
  5
12B
330
124
100
AcDbEntity
  8
DEFAULT
 62
   177
100
AcDbVertex
100
AcDb2dVertex
 10
358.0097544444444
 20
31.99634472222222
 30
0.0
  0
VERTEX
  5
12C
330
124
100
AcDbEntity
  8
DEFAULT
 62
   177
100
AcDbVertex
100
AcDb2dVertex
 10
361.8620877777777
 20
31.99634472222222
 30
0.0
  0
VERTEX
  5
12D
330
124
100
AcDbEntity
  8
DEFAULT
 62
   177
100
AcDbVertex
100
AcDb2dVertex
 10
361.8620877777777
 20
31.22376138888888
 30
0.0
  0
VERTEX
  5
12E
330
124
100
AcDbEntity
  8
DEFAULT
 62
   177
100
AcDbVertex
100
AcDb2dVertex
 10
358.9308572222222
 20
31.22376138888888
 30
0.0
  0
VERTEX
  5
12F
330
124
100
AcDbEntity
  8
DEFAULT
 62
   177
100
AcDbVertex
100
AcDb2dVertex
 10
358.9308572222222
 20
28.96951138888888
 30
0.0
  0
VERTEX
  5
130
330
124
100
AcDbEntity
  8
DEFAULT
 62
   177
100
AcDbVertex
100
AcDb2dVertex
 10
361.7033377777777
 20
28.96951138888888
 30
0.0
  0
SEQEND
  5
131
330
124
100
AcDbEntity
  8
DEFAULT
 62
   177
  0
SPLINE
  5
132
330
1F
100
AcDbEntity
  8
DEFAULT
 62
   177
100
AcDbSpline
210
0.0
220
0.0
230
1.0
 70
    11
 71
     3
 72
    59
 73
    55
 74
     0
 42
0.000000001
 43
0.0000000001
 40
2.163330765278409
 40
2.163330765278409
 40
2.163330765278409
 40
2.163330765278409
 40
3.163330765278409
 40
3.163330765278409
 40
3.163330765278409
 40
4.163330765278409
 40
4.163330765278409
 40
4.163330765278409
 40
5.163330765278409
 40
5.163330765278409
 40
5.163330765278409
 40
6.633330765278436
 40
6.633330765278436
 40
6.633330765278436
 40
8.614330765278432
 40
8.614330765278432
 40
8.614330765278432
 40
10.08433076527846
 40
10.08433076527846
 40
10.08433076527846
 40
11.08433076527846
 40
11.08433076527846
 40
11.08433076527846
 40
12.08433076527846
 40
12.08433076527846
 40
12.08433076527846
 40
13.08433076527846
 40
13.08433076527846
 40
13.08433076527846
 40
15.12455134158878
 40
15.12455134158878
 40
15.12455134158878
 40
16.12455134158878
 40
16.12455134158878
 40
16.12455134158878
 40
17.12455134158878
 40
17.12455134158878
 40
17.12455134158878
 40
18.12455134158878
 40
18.12455134158878
 40
18.12455134158878
 40
18.18355134158878
 40
18.18355134158878
 40
18.18355134158878
 40
19.18355134158878
 40
19.18355134158878
 40
19.18355134158878
 40
20.18355134158878
 40
20.18355134158878
 40
20.18355134158878
 40
21.18355134158878
 40
21.18355134158878
 40
21.18355134158878
 40
23.34688210686719
 40
23.34688210686719
 40
23.34688210686719
 40
23.34688210686719
 10
352.4749533333333
 20
25.93237694444444
 30
0.0
 10
352.7395366666667
 20
25.76304361111111
 30
0.0
 10
353.35337
 20
25.49846027777777
 30
0.0
 10
353.9989533333334
 20
25.49846027777777
 30
0.0
 10
355.19487
 20
25.49846027777777
 30
0.0
 10
355.5652866666666
 20
26.26046027777778
 30
0.0
 10
355.5543505555556
 20
26.83196027777777
 30
0.0
 10
355.54412
 20
27.79469083333333
 30
0.0
 10
354.6762866666667
 20
28.20744083333333
 30
0.0
 10
353.7767033333333
 20
28.20744083333333
 30
0.0
 10
353.6038422222223
 20
28.20744083333333
 30
0.0
 10
353.4309811111111
 20
28.20744083333333
 30
0.0
 10
353.25812
 20
28.20744083333333
 30
0.0
 10
353.25812
 20
28.44039175925926
 30
0.0
 10
353.25812
 20
28.67334268518518
 30
0.0
 10
353.25812
 20
28.90629361111111
 30
0.0
 10
353.4309811111111
 20
28.90629361111111
 30
0.0
 10
353.6038422222223
 20
28.90629361111111
 30
0.0
 10
353.7767033333333
 20
28.90629361111111
 30
0.0
 10
354.4540366666666
 20
28.90629361111111
 30
0.0
 10
355.3112866666667
 20
29.25554361111111
 30
0.0
 10
355.3112866666667
 20
30.0701075
 30
0.0
 10
355.3112866666667
 20
30.62044083333333
 30
0.0
 10
354.9620366666666
 20
31.10727416666666
 30
0.0
 10
354.1047866666667
 20
31.10727416666666
 30
0.0
 10
353.5544533333333
 20
31.10727416666666
 30
0.0
 10
353.0252866666666
 20
30.8638575
 30
0.0
 10
352.7289533333333
 20
30.65219083333333
 30
0.0
 10
352.6478144444445
 20
30.87796861111111
 30
0.0
 10
352.5666755555555
 20
31.10374638888889
 30
0.0
 10
352.4855366666666
 20
31.32952416666666
 30
0.0
 10
352.8453699999999
 20
31.5941075
 30
0.0
 10
353.54387
 20
31.85869083333333
 30
0.0
 10
354.2847033333333
 20
31.85869083333333
 30
0.0
 10
355.63937
 20
31.85869083333333
 30
0.0
 10
356.2532033333333
 20
31.05471027777778
 30
0.0
 10
356.2532033333333
 20
30.21827416666667
 30
0.0
 10
356.2532033333333
 20
29.50954361111111
 30
0.0
 10
355.82987
 20
28.90629361111111
 30
0.0
 10
354.9832033333333
 20
28.59902416666667
 30
0.0
 10
354.9832033333334
 20
28.5920862037037
 30
0.0
 10
354.9832033333334
 20
28.58514824074074
 30
0.0
 10
354.9832033333333
 20
28.57821027777778
 30
0.0
 10
355.82987
 20
28.40887694444444
 30
0.0
 10
356.5177866666667
 20
27.77387694444444
 30
0.0
 10
356.5177866666667
 20
26.81044083333333
 30
0.0
 10
356.5177866666667
 20
25.71012694444444
 30
0.0
 10
355.6605366666666
 20
24.74704361111111
 30
0.0
 10
354.0095366666666
 20
24.74704361111111
 30
0.0
 10
353.2369533333333
 20
24.74704361111111
 30
0.0
 10
352.55962
 20
24.99046027777777
 30
0.0
 10
352.2209533333333
 20
25.21271027777777
 30
0.0
 10
352.3056199999999
 20
25.45259916666666
 30
0.0
 10
352.3902866666666
 20
25.69248805555555
 30
0.0
 10
352.4749533333333
 20
25.93237694444444
 30
0.0
  0
SPLINE
  5
133
330
1F
100
AcDbEntity
  8
DEFAULT
 62
   177
100
AcDbSpline
210
0.0
220
0.0
230
1.0
 70
    11
 71
     3
 72
    56
 73
    52
 74
     0
 42
0.000000001
 43
0.0000000001
 40
2.670674072214767
 40
2.670674072214767
 40
2.670674072214767
 40
2.670674072214767
 40
6.840674072214769
 40
6.840674072214769
 40
6.840674072214769
 40
10.61967407221477
 40
10.61967407221477
 40
10.61967407221477
 40
12.62967407221476
 40
12.62967407221476
 40
12.62967407221476
 40
16.40867407221475
 40
16.40867407221475
 40
16.40867407221475
 40
24.23867407221476
 40
24.23867407221476
 40
24.23867407221476
 40
25.23867407221476
 40
25.23867407221476
 40
25.23867407221476
 40
26.23867407221476
 40
26.23867407221476
 40
26.23867407221476
 40
28.22230710279275
 40
28.22230710279275
 40
28.22230710279275
 40
29.22230710279275
 40
29.22230710279275
 40
29.22230710279275
 40
30.22230710279275
 40
30.22230710279275
 40
30.22230710279275
 40
31.22230710279275
 40
31.22230710279275
 40
31.22230710279275
 40
39.14230710279276
 40
39.14230710279276
 40
39.14230710279276
 40
41.39230710279276
 40
41.39230710279276
 40
41.39230710279276
 40
43.40230710279275
 40
43.40230710279275
 40
43.40230710279275
 40
45.65230710279275
 40
45.65230710279275
 40
45.65230710279275
 40
49.13230710279275
 40
49.13230710279275
 40
49.13230710279275
 40
51.80298117500752
 40
51.80298117500752
 40
51.80298117500752
 40
51.80298117500752
 10
347.9243316666667
 20
31.45655944444444
 30
0.0
 10
347.9243316666667
 20
30.96619833333333
 30
0.0
 10
347.9243316666667
 20
30.47583722222222
 30
0.0
 10
347.9243316666667
 20
29.98547611111111
 30
0.0
 10
348.368714074074
 20
29.98547611111111
 30
0.0
 10
348.8130964814815
 20
29.98547611111111
 30
0.0
 10
349.2574788888889
 20
29.98547611111111
 30
0.0
 10
349.2574788888889
 20
29.749115
 30
0.0
 10
349.2574788888889
 20
29.51275388888889
 30
0.0
 10
349.2574788888889
 20
29.27639277777778
 30
0.0
 10
348.8130964814815
 20
29.27639277777778
 30
0.0
 10
348.3687140740741
 20
29.27639277777778
 30
0.0
 10
347.9243316666667
 20
29.27639277777778
 30
0.0
 10
347.9243316666667
 20
28.35564277777777
 30
0.0
 10
347.9243316666667
 20
27.43489277777778
 30
0.0
 10
347.9243316666667
 20
26.51414277777777
 30
0.0
 10
347.9243316666667
 20
25.87949555555555
 30
0.0
 10
348.1042483333333
 20
25.51966222222222
 30
0.0
 10
348.6224788888889
 20
25.51966222222222
 30
0.0
 10
348.8662483333333
 20
25.51966222222222
 30
0.0
 10
349.046165
 20
25.55141222222222
 30
0.0
 10
349.1625816666667
 20
25.58316222222222
 30
0.0
 10
349.1766927777778
 20
25.35032888888889
 30
0.0
 10
349.1908038888889
 20
25.11749555555555
 30
0.0
 10
349.204915
 20
24.88466222222222
 30
0.0
 10
349.0249983333333
 20
24.81057888888889
 30
0.0
 10
348.7392483333333
 20
24.75766222222222
 30
0.0
 10
348.3794149999999
 20
24.75766222222222
 30
0.0
 10
347.9454983333333
 20
24.75766222222222
 30
0.0
 10
347.5962483333333
 20
24.89489277777777
 30
0.0
 10
347.3739983333333
 20
25.14924555555555
 30
0.0
 10
347.109415
 20
25.42405944444444
 30
0.0
 10
347.014165
 20
25.87949555555555
 30
0.0
 10
347.014165
 20
26.48239277777778
 30
0.0
 10
347.014165
 20
27.41372611111111
 30
0.0
 10
347.014165
 20
28.34505944444444
 30
0.0
 10
347.014165
 20
29.27639277777778
 30
0.0
 10
346.7495816666666
 20
29.27639277777778
 30
0.0
 10
346.4849983333333
 20
29.27639277777778
 30
0.0
 10
346.2204149999999
 20
29.27639277777778
 30
0.0
 10
346.2204149999999
 20
29.51275388888888
 30
0.0
 10
346.2204149999999
 20
29.749115
 30
0.0
 10
346.2204149999999
 20
29.98547611111111
 30
0.0
 10
346.4849983333333
 20
29.98547611111111
 30
0.0
 10
346.7495816666666
 20
29.98547611111111
 30
0.0
 10
347.014165
 20
29.98547611111111
 30
0.0
 10
347.014165
 20
30.39469833333333
 30
0.0
 10
347.014165
 20
30.80392055555555
 30
0.0
 10
347.014165
 20
31.21314277777778
 30
0.0
 10
347.3175538888889
 20
31.29428166666666
 30
0.0
 10
347.6209427777778
 20
31.37542055555555
 30
0.0
 10
347.9243316666667
 20
31.45655944444444
 30
0.0
  0
SPLINE
  5
134
330
1F
100
AcDbEntity
  8
DEFAULT
 62
   177
100
AcDbSpline
210
0.0
220
0.0
230
1.0
 70
    11
 71
     3
 72
    41
 73
    37
 74
     0
 42
0.000000001
 43
0.0000000001
 40
15.72
 40
15.72
 40
15.72
 40
15.72
 40
16.72
 40
16.72
 40
16.72
 40
19.09
 40
19.09
 40
19.09
 40
21.58288988926506
 40
21.58288988926506
 40
21.58288988926506
 40
21.64188988926503
 40
21.64188988926503
 40
21.64188988926503
 40
22.64188988926503
 40
22.64188988926503
 40
22.64188988926503
 40
23.64188988926503
 40
23.64188988926503
 40
23.64188988926503
 40
24.64188988926503
 40
24.64188988926503
 40
24.64188988926503
 40
25.64188988926503
 40
25.64188988926503
 40
25.64188988926503
 40
25.70188988926498
 40
25.70188988926498
 40
25.70188988926498
 40
33.59188988926498
 40
33.59188988926498
 40
33.59188988926498
 40
36.20188988926499
 40
36.20188988926499
 40
36.20188988926499
 40
51.92188988926499
 40
51.92188988926499
 40
51.92188988926499
 40
51.92188988926499
 10
340.7806874999999
 20
28.31359166666666
 30
0.0
 10
340.7806874999999
 20
28.96940555555555
 30
0.0
 10
340.7595208333333
 20
29.49857222222222
 30
0.0
 10
340.7383541666666
 20
29.98540555555555
 30
0.0
 10
341.017048611111
 20
29.98540555555555
 30
0.0
 10
341.2957430555555
 20
29.98540555555555
 30
0.0
 10
341.5744374999999
 20
29.98540555555555
 30
0.0
 10
341.588548611111
 20
29.6926
 30
0.0
 10
341.6026597222221
 20
29.39979444444444
 30
0.0
 10
341.6167708333333
 20
29.10698888888889
 30
0.0
 10
341.6237087962963
 20
29.10698888888889
 30
0.0
 10
341.6306467592593
 20
29.10698888888889
 30
0.0
 10
341.6375847222222
 20
29.10698888888889
 30
0.0
 10
342.0189374999999
 20
29.73175833333333
 30
0.0
 10
342.6218347222222
 20
30.10182222222222
 30
0.0
 10
343.4579180555555
 20
30.10182222222222
 30
0.0
 10
344.6961680555555
 20
30.10182222222222
 30
0.0
 10
345.6275013888888
 20
29.05442499999999
 30
0.0
 10
345.6275013888888
 20
27.49832222222222
 30
0.0
 10
345.6275013888888
 20
25.657175
 30
0.0
 10
344.5056680555555
 20
24.74700833333333
 30
0.0
 10
343.2991680555555
 20
24.74700833333333
 30
0.0
 10
342.6218347222222
 20
24.74700833333333
 30
0.0
 10
342.0295208333333
 20
25.04334166666666
 30
0.0
 10
341.7226041666666
 20
25.55134166666667
 30
0.0
 10
341.715548611111
 20
25.55134166666666
 30
0.0
 10
341.7084930555555
 20
25.55134166666666
 30
0.0
 10
341.7014374999999
 20
25.55134166666667
 30
0.0
 10
341.7014374999999
 20
24.62353611111111
 30
0.0
 10
341.7014374999999
 20
23.69573055555555
 30
0.0
 10
341.7014374999999
 20
22.767925
 30
0.0
 10
341.3945208333333
 20
22.767925
 30
0.0
 10
341.0876041666666
 20
22.767925
 30
0.0
 10
340.7806874999999
 20
22.767925
 30
0.0
 10
340.7806874999999
 20
24.61648055555555
 30
0.0
 10
340.7806874999999
 20
26.46503611111111
 30
0.0
 10
340.7806874999999
 20
28.31359166666666
 30
0.0
  0
SPLINE
  5
135
330
1F
100
AcDbEntity
  8
DEFAULT
 62
   177
100
AcDbSpline
210
0.0
220
0.0
230
1.0
 70
    11
 71
     3
 72
    26
 73
    22
 74
     0
 42
0.000000001
 43
0.0000000001
 40
2.489000000000004
 40
2.489000000000004
 40
2.489000000000004
 40
2.489000000000004
 40
3.489000000000004
 40
3.489000000000004
 40
3.489000000000004
 40
4.489000000000004
 40
4.489000000000004
 40
4.489000000000004
 40
5.489000000000004
 40
5.489000000000004
 40
5.489000000000004
 40
6.489000000000004
 40
6.489000000000004
 40
6.489000000000004
 40
7.489000000000004
 40
7.489000000000004
 40
7.489000000000004
 40
8.489000000000004
 40
8.489000000000004
 40
8.489000000000004
 40
10.97800000000001
 40
10.97800000000001
 40
10.97800000000001
 40
10.97800000000001
 10
341.7014374999999
 20
26.94834166666666
 30
0.0
 10
341.7014374999999
 20
26.81040555555555
 30
0.0
 10
341.7226041666666
 20
26.68375833333333
 30
0.0
 10
341.7437708333333
 20
26.56734166666666
 30
0.0
 10
341.9131041666666
 20
25.92175833333333
 30
0.0
 10
342.4740208333333
 20
25.47725833333333
 30
0.0
 10
343.1404180555555
 20
25.47725833333333
 30
0.0
 10
344.1246680555555
 20
25.47725833333333
 30
0.0
 10
344.6961680555555
 20
26.28159166666666
 30
0.0
 10
344.6961680555555
 20
27.45598888888889
 30
0.0
 10
344.6961680555555
 20
28.48292499999999
 30
0.0
 10
344.1564180555555
 20
29.36134166666666
 30
0.0
 10
343.1725208333333
 20
29.36134166666666
 30
0.0
 10
342.5375208333333
 20
29.36134166666666
 30
0.0
 10
341.9448541666666
 20
28.90625833333333
 30
0.0
 10
341.7649374999999
 20
28.20740555555555
 30
0.0
 10
341.7331875
 20
28.09098888888889
 30
0.0
 10
341.7014374999999
 20
27.95375833333333
 30
0.0
 10
341.7014374999999
 20
27.82640555555555
 30
0.0
 10
341.7014374999999
 20
27.53371759259259
 30
0.0
 10
341.7014374999999
 20
27.24102962962963
 30
0.0
 10
341.7014374999999
 20
26.94834166666666
 30
0.0
  0
SPLINE
  5
136
330
1F
100
AcDbEntity
  8
DEFAULT
 62
   177
100
AcDbSpline
210
0.0
220
0.0
230
1.0
 70
    11
 71
     3
 72
    32
 73
    28
 74
     0
 42
0.000000001
 43
0.0000000001
 40
10.19900000000007
 40
10.19900000000007
 40
10.19900000000007
 40
10.19900000000007
 40
11.19900000000007
 40
11.19900000000007
 40
11.19900000000007
 40
12.19900000000007
 40
12.19900000000007
 40
12.19900000000007
 40
14.14062869776906
 40
14.14062869776906
 40
14.14062869776906
 40
15.14062869776906
 40
15.14062869776906
 40
15.14062869776906
 40
16.14062869776906
 40
16.14062869776906
 40
16.14062869776906
 40
17.14062869776906
 40
17.14062869776906
 40
17.14062869776906
 40
18.14062869776906
 40
18.14062869776906
 40
18.14062869776906
 40
19.14062869776906
 40
19.14062869776906
 40
19.14062869776906
 40
29.33962869776913
 40
29.33962869776913
 40
29.33962869776913
 40
29.33962869776913
 10
335.9971619444444
 20
27.2551525
 30
0.0
 10
336.0179758333334
 20
25.99573583333333
 30
0.0
 10
336.8226619444444
 20
25.4771525
 30
0.0
 10
337.7536425
 20
25.4771525
 30
0.0
 10
338.4207452777778
 20
25.4771525
 30
0.0
 10
338.8229119444444
 20
25.59356916666667
 30
0.0
 10
339.1721619444444
 20
25.74173583333334
 30
0.0
 10
339.2249610185185
 20
25.51960342592593
 30
0.0
 10
339.2777600925926
 20
25.29747101851852
 30
0.0
 10
339.3305591666667
 20
25.07533861111111
 30
0.0
 10
339.0024758333333
 20
24.92717194444444
 30
0.0
 10
338.4415591666667
 20
24.75748583333333
 30
0.0
 10
337.6269952777778
 20
24.75748583333333
 30
0.0
 10
336.0500786111111
 20
24.75748583333333
 30
0.0
 10
335.1081619444444
 20
25.7946525
 30
0.0
 10
335.1081619444444
 20
27.33981916666666
 30
0.0
 10
335.1081619444444
 20
28.88498583333334
 30
0.0
 10
336.0179758333334
 20
30.10206916666666
 30
0.0
 10
337.5105786111111
 20
30.10206916666666
 30
0.0
 10
339.1823925
 20
30.10206916666666
 30
0.0
 10
339.6268925
 20
28.63098583333333
 30
0.0
 10
339.6268925
 20
27.68906916666667
 30
0.0
 10
339.6268925
 20
27.49856916666667
 30
0.0
 10
339.6057258333333
 20
27.3504025
 30
0.0
 10
339.5951425
 20
27.2551525
 30
0.0
 10
338.3958156481481
 20
27.2551525
 30
0.0
 10
337.1964887962963
 20
27.2551525
 30
0.0
 10
335.9971619444444
 20
27.2551525
 30
0.0
  0
SPLINE
  5
137
330
1F
100
AcDbEntity
  8
DEFAULT
 62
   177
100
AcDbSpline
210
0.0
220
0.0
230
1.0
 70
    11
 71
     3
 72
    14
 73
    10
 74
     0
 42
0.000000001
 43
0.0000000001
 40
7.708999999999946
 40
7.708999999999946
 40
7.708999999999946
 40
7.708999999999946
 40
8.708999999999946
 40
8.708999999999946
 40
8.708999999999946
 40
9.708999999999946
 40
9.708999999999946
 40
9.708999999999946
 40
17.41799999999989
 40
17.41799999999989
 40
17.41799999999989
 40
17.41799999999989
 10
338.7273091666667
 20
27.9219025
 30
0.0
 10
338.7378925
 20
28.51456916666667
 30
0.0
 10
338.4838925
 20
29.43531916666667
 30
0.0
 10
337.4364952777778
 20
29.43531916666667
 30
0.0
 10
336.4945786111111
 20
29.43531916666667
 30
0.0
 10
336.0818286111111
 20
28.56748583333333
 30
0.0
 10
336.0077452777778
 20
27.9219025
 30
0.0
 10
336.914266574074
 20
27.9219025
 30
0.0
 10
337.8207878703703
 20
27.9219025
 30
0.0
 10
338.7273091666667
 20
27.9219025
 30
0.0
  0
SPLINE
  5
138
330
1F
100
AcDbEntity
  8
DEFAULT
 62
   177
100
AcDbSpline
210
0.0
220
0.0
230
1.0
 70
    11
 71
     3
 72
    35
 73
    31
 74
     0
 42
0.000000001
 43
0.0000000001
 40
2.03049255108214
 40
2.03049255108214
 40
2.03049255108214
 40
2.03049255108214
 40
3.03049255108214
 40
3.03049255108214
 40
3.03049255108214
 40
4.030492551082141
 40
4.030492551082141
 40
4.030492551082141
 40
5.030492551082141
 40
5.030492551082141
 40
5.030492551082141
 40
6.030492551082141
 40
6.030492551082141
 40
6.030492551082141
 40
8.15689796868243
 40
8.15689796868243
 40
8.15689796868243
 40
9.15689796868243
 40
9.15689796868243
 40
9.15689796868243
 40
10.15689796868243
 40
10.15689796868243
 40
10.15689796868243
 40
11.15689796868243
 40
11.15689796868243
 40
11.15689796868243
 40
12.15689796868243
 40
12.15689796868243
 40
12.15689796868243
 40
14.18739051976457
 40
14.18739051976457
 40
14.18739051976457
 40
14.18739051976457
 10
334.4519247222222
 20
25.05385444444444
 30
0.0
 10
334.2085080555555
 20
24.92720722222222
 30
0.0
 10
333.6684052777777
 20
24.75752111111111
 30
0.0
 10
332.9808413888888
 20
24.75752111111111
 30
0.0
 10
331.4356747222222
 20
24.75752111111111
 30
0.0
 10
330.4306108333333
 20
25.80527111111111
 30
0.0
 10
330.4306108333333
 20
27.37160444444444
 30
0.0
 10
330.4306108333333
 20
28.94852111111111
 30
0.0
 10
331.5097580555555
 20
30.09116833333333
 30
0.0
 10
333.1815719444444
 20
30.09116833333333
 30
0.0
 10
333.7322580555555
 20
30.09116833333333
 30
0.0
 10
334.2190913888888
 20
29.95393777777777
 30
0.0
 10
334.4730913888888
 20
29.82658499999999
 30
0.0
 10
334.4025358333333
 20
29.58669611111111
 30
0.0
 10
334.3319802777777
 20
29.34680722222222
 30
0.0
 10
334.2614247222222
 20
29.10691833333333
 30
0.0
 10
334.0391747222222
 20
29.23427111111111
 30
0.0
 10
333.6899247222222
 20
29.35068777777778
 30
0.0
 10
333.1815719444444
 20
29.35068777777778
 30
0.0
 10
332.0071747222222
 20
29.35068777777778
 30
0.0
 10
331.3725274999999
 20
28.48285444444444
 30
0.0
 10
331.3725274999999
 20
27.41358499999999
 30
0.0
 10
331.3725274999999
 20
26.22860444444444
 30
0.0
 10
332.1341747222222
 20
25.49835444444444
 30
0.0
 10
333.1501747222222
 20
25.49835444444444
 30
0.0
 10
333.6793413888888
 20
25.49835444444444
 30
0.0
 10
334.0285913888889
 20
25.63593777777778
 30
0.0
 10
334.2931747222221
 20
25.75235444444444
 30
0.0
 10
334.3460913888889
 20
25.51952111111111
 30
0.0
 10
334.3990080555555
 20
25.28668777777778
 30
0.0
 10
334.4519247222222
 20
25.05385444444444
 30
0.0
  0
SPLINE
  5
139
330
1F
100
AcDbEntity
  8
DEFAULT
 62
   177
100
AcDbSpline
210
0.0
220
0.0
230
1.0
 70
    11
 71
     3
 72
    59
 73
    55
 74
     0
 42
0.000000001
 43
0.0000000001
 40
0.0
 40
0.0
 40
0.0
 40
0.0
 40
3.74368281241879
 40
3.74368281241879
 40
3.74368281241879
 40
4.74368281241879
 40
4.74368281241879
 40
4.74368281241879
 40
4.834682812418798
 40
4.834682812418798
 40
4.834682812418798
 40
5.834682812418798
 40
5.834682812418798
 40
5.834682812418798
 40
9.537344017552254
 40
9.537344017552254
 40
9.537344017552254
 40
12.38734401755216
 40
12.38734401755216
 40
12.38734401755216
 40
20.9764651018075
 40
20.9764651018075
 40
20.9764651018075
 40
30.04563270418427
 40
30.04563270418427
 40
30.04563270418427
 40
33.04563270418427
 40
33.04563270418427
 40
33.04563270418427
 40
36.94900829461879
 40
36.94900829461879
 40
36.94900829461879
 40
37.94900829461879
 40
37.94900829461879
 40
37.94900829461879
 40
38.01000829461871
 40
38.01000829461871
 40
38.01000829461871
 40
39.01000829461871
 40
39.01000829461871
 40
39.01000829461871
 40
42.89763507711725
 40
42.89763507711725
 40
42.89763507711725
 40
45.80763507711733
 40
45.80763507711733
 40
45.80763507711733
 40
54.83805704953927
 40
54.83805704953927
 40
54.83805704953927
 40
63.48296549324188
 40
63.48296549324188
 40
63.48296549324188
 40
66.42296549324195
 40
66.42296549324195
 40
66.42296549324195
 40
66.42296549324195
 10
326.4934344444444
 20
29.98551138888888
 30
0.0
 10
326.7367335185184
 20
29.61862249999999
 30
0.0
 10
326.9800325925925
 20
29.2517336111111
 30
0.0
 10
327.2233316666666
 20
28.88484472222221
 30
0.0
 10
327.4138316666666
 20
28.59909472222222
 30
0.0
 10
327.5729344444444
 20
28.33451138888888
 30
0.0
 10
327.7419149999999
 20
28.04911416666666
 30
0.0
 10
327.7526159259259
 20
28.04911416666666
 30
0.0
 10
327.7633168518519
 20
28.04911416666666
 30
0.0
 10
327.7740177777778
 20
28.04911416666666
 30
0.0
 10
327.9429983333333
 20
28.35567805555555
 30
0.0
 10
328.1126844444444
 20
28.62026138888888
 30
0.0
 10
328.281665
 20
28.89542805555555
 30
0.0
 10
328.5215538888888
 20
29.25878916666666
 30
0.0
 10
328.7614427777777
 20
29.62215027777777
 30
0.0
 10
329.0013316666667
 20
29.98551138888889
 30
0.0
 10
329.3364705555555
 20
29.98551138888889
 30
0.0
 10
329.6716094444444
 20
29.98551138888889
 30
0.0
 10
330.0067483333333
 20
29.98551138888889
 30
0.0
 10
329.4247825925925
 20
29.16001138888889
 30
0.0
 10
328.8428168518519
 20
28.33451138888889
 30
0.0
 10
328.2608511111111
 20
27.50901138888889
 30
0.0
 10
328.8604557407407
 20
26.62706694444445
 30
0.0
 10
329.4600603703704
 20
25.7451225
 30
0.0
 10
330.059665
 20
24.86317805555555
 30
0.0
 10
329.7068872222222
 20
24.86317805555555
 30
0.0
 10
329.3541094444444
 20
24.86317805555555
 30
0.0
 10
329.0013316666667
 20
24.86317805555555
 30
0.0
 10
328.7508594444444
 20
25.24782342592593
 30
0.0
 10
328.5003872222222
 20
25.6324687962963
 30
0.0
 10
328.249915
 20
26.01711416666667
 30
0.0
 10
328.0488316666666
 20
26.3134475
 30
0.0
 10
327.8798511111111
 20
26.59884472222222
 30
0.0
 10
327.6999344444444
 20
26.90576138888888
 30
0.0
 10
327.6927612962963
 20
26.90576138888888
 30
0.0
 10
327.6855881481482
 20
26.90576138888888
 30
0.0
 10
327.678415
 20
26.90576138888888
 30
0.0
 10
327.5094344444444
 20
26.59884472222222
 30
0.0
 10
327.329165
 20
26.32367805555555
 30
0.0
 10
327.1390177777778
 20
26.01711416666667
 30
0.0
 10
326.8919557407407
 20
25.6324687962963
 30
0.0
 10
326.6448937037037
 20
25.24782342592593
 30
0.0
 10
326.3978316666667
 20
24.86317805555555
 30
0.0
 10
326.0556372222222
 20
24.86317805555555
 30
0.0
 10
325.7134427777778
 20
24.86317805555555
 30
0.0
 10
325.3712483333333
 20
24.86317805555555
 30
0.0
 10
325.9780261111111
 20
25.73465675925926
 30
0.0
 10
326.5848038888889
 20
26.60613546296296
 30
0.0
 10
327.1915816666667
 20
27.47761416666667
 30
0.0
 10
326.6131437037037
 20
28.31357990740741
 30
0.0
 10
326.0347057407407
 20
29.14954564814815
 30
0.0
 10
325.4562677777777
 20
29.98551138888889
 30
0.0
 10
325.80199
 20
29.98551138888888
 30
0.0
 10
326.1477122222222
 20
29.98551138888888
 30
0.0
 10
326.4934344444444
 20
29.98551138888888
 30
0.0
  0
SPLINE
  5
13A
330
1F
100
AcDbEntity
  8
DEFAULT
 62
   177
100
AcDbSpline
210
0.0
220
0.0
230
1.0
 70
    11
 71
     3
 72
    32
 73
    28
 74
     0
 42
0.000000001
 43
0.0000000001
 40
10.19900000000007
 40
10.19900000000007
 40
10.19900000000007
 40
10.19900000000007
 40
11.19900000000007
 40
11.19900000000007
 40
11.19900000000007
 40
12.19900000000007
 40
12.19900000000007
 40
12.19900000000007
 40
14.14062869776906
 40
14.14062869776906
 40
14.14062869776906
 40
15.14062869776906
 40
15.14062869776906
 40
15.14062869776906
 40
16.14062869776906
 40
16.14062869776906
 40
16.14062869776906
 40
17.14062869776906
 40
17.14062869776906
 40
17.14062869776906
 40
18.14062869776906
 40
18.14062869776906
 40
18.14062869776906
 40
19.14062869776906
 40
19.14062869776906
 40
19.14062869776906
 40
29.33962869776913
 40
29.33962869776913
 40
29.33962869776913
 40
29.33962869776913
 10
321.3076011111111
 20
27.2551525
 30
0.0
 10
321.328415
 20
25.99573583333333
 30
0.0
 10
322.1331011111111
 20
25.4771525
 30
0.0
 10
323.0640816666667
 20
25.4771525
 30
0.0
 10
323.7311844444444
 20
25.4771525
 30
0.0
 10
324.133351111111
 20
25.59356916666667
 30
0.0
 10
324.4826011111111
 20
25.74173583333334
 30
0.0
 10
324.5354001851852
 20
25.51960342592593
 30
0.0
 10
324.5881992592592
 20
25.29747101851852
 30
0.0
 10
324.6409983333333
 20
25.07533861111111
 30
0.0
 10
324.312915
 20
24.92717194444444
 30
0.0
 10
323.7519983333333
 20
24.75748583333333
 30
0.0
 10
322.9374344444444
 20
24.75748583333333
 30
0.0
 10
321.3605177777777
 20
24.75748583333333
 30
0.0
 10
320.4186011111111
 20
25.7946525
 30
0.0
 10
320.4186011111111
 20
27.33981916666666
 30
0.0
 10
320.4186011111111
 20
28.88498583333334
 30
0.0
 10
321.328415
 20
30.10206916666666
 30
0.0
 10
322.8210177777777
 20
30.10206916666666
 30
0.0
 10
324.4928316666666
 20
30.10206916666666
 30
0.0
 10
324.9373316666666
 20
28.63098583333333
 30
0.0
 10
324.9373316666666
 20
27.68906916666667
 30
0.0
 10
324.9373316666666
 20
27.49856916666667
 30
0.0
 10
324.916165
 20
27.3504025
 30
0.0
 10
324.9055816666666
 20
27.2551525
 30
0.0
 10
323.7062548148148
 20
27.2551525
 30
0.0
 10
322.5069279629629
 20
27.2551525
 30
0.0
 10
321.3076011111111
 20
27.2551525
 30
0.0
  0
SPLINE
  5
13B
330
1F
100
AcDbEntity
  8
DEFAULT
 62
   177
100
AcDbSpline
210
0.0
220
0.0
230
1.0
 70
    11
 71
     3
 72
    14
 73
    10
 74
     0
 42
0.000000001
 43
0.0000000001
 40
7.708999999999946
 40
7.708999999999946
 40
7.708999999999946
 40
7.708999999999946
 40
8.708999999999946
 40
8.708999999999946
 40
8.708999999999946
 40
9.708999999999946
 40
9.708999999999946
 40
9.708999999999946
 40
17.41799999999989
 40
17.41799999999989
 40
17.41799999999989
 40
17.41799999999989
 10
324.0377483333333
 20
27.9219025
 30
0.0
 10
324.0483316666666
 20
28.51456916666667
 30
0.0
 10
323.7946844444444
 20
29.43531916666667
 30
0.0
 10
322.7469344444444
 20
29.43531916666667
 30
0.0
 10
321.8050177777778
 20
29.43531916666667
 30
0.0
 10
321.3922677777778
 20
28.56748583333333
 30
0.0
 10
321.3181844444445
 20
27.9219025
 30
0.0
 10
322.2247057407407
 20
27.9219025
 30
0.0
 10
323.131227037037
 20
27.9219025
 30
0.0
 10
324.0377483333333
 20
27.9219025
 30
0.0
  0
SPLINE
  5
13C
330
1F
100
AcDbEntity
  8
DEFAULT
 62
   177
100
AcDbSpline
210
0.0
220
0.0
230
1.0
 70
    11
 71
     3
 72
    23
 73
    19
 74
     0
 42
0.000000001
 43
0.0000000001
 40
0.0
 40
0.0
 40
0.0
 40
0.0
 40
1.0
 40
1.0
 40
1.0
 40
2.0
 40
2.0
 40
2.0
 40
4.06899999999996
 40
4.06899999999996
 40
4.06899999999996
 40
5.06899999999996
 40
5.06899999999996
 40
5.06899999999996
 40
6.06899999999996
 40
6.06899999999996
 40
6.06899999999996
 40
8.13799999999992
 40
8.13799999999992
 40
8.13799999999992
 40
8.13799999999992
 10
319.8044149999999
 20
32.20794083333333
 30
0.0
 10
319.0321844444444
 20
31.17112694444445
 30
0.0
 10
318.4712677777778
 20
29.79494083333333
 30
0.0
 10
318.4712677777778
 20
27.8793575
 30
0.0
 10
318.4712677777778
 20
25.99587694444444
 30
0.0
 10
319.0529983333333
 20
24.64121027777778
 30
0.0
 10
319.8044149999999
 20
23.58287694444444
 30
0.0
 10
319.5611159259259
 20
23.58287694444444
 30
0.0
 10
319.3178168518518
 20
23.58287694444444
 30
0.0
 10
319.0745177777778
 20
23.58287694444444
 30
0.0
 10
318.4077677777778
 20
24.46129361111111
 30
0.0
 10
317.6881011111111
 20
25.81596027777778
 30
0.0
 10
317.6881011111111
 20
27.8793575
 30
0.0
 10
317.6983316666666
 20
29.96462694444445
 30
0.0
 10
318.4077677777778
 20
31.31894083333333
 30
0.0
 10
319.0745177777778
 20
32.20794083333333
 30
0.0
 10
319.3178168518518
 20
32.20794083333333
 30
0.0
 10
319.5611159259259
 20
32.20794083333333
 30
0.0
 10
319.8044149999999
 20
32.20794083333333
 30
0.0
  0
SPLINE
  5
13D
330
1F
100
AcDbEntity
  8
DEFAULT
 62
   177
100
AcDbSpline
210
0.0
220
0.0
230
1.0
 70
    11
 71
     3
 72
    23
 73
    19
 74
     0
 42
0.000000001
 43
0.0000000001
 40
0.0
 40
0.0
 40
0.0
 40
0.0
 40
1.0
 40
1.0
 40
1.0
 40
2.0
 40
2.0
 40
2.0
 40
4.038999999999987
 40
4.038999999999987
 40
4.038999999999987
 40
5.038999999999987
 40
5.038999999999987
 40
5.038999999999987
 40
6.038999999999987
 40
6.038999999999987
 40
6.038999999999987
 40
8.077999999999975
 40
8.077999999999975
 40
8.077999999999975
 40
8.077999999999975
 10
358.2217033333333
 20
36.28280638888889
 30
0.0
 10
358.97312
 20
37.33055638888889
 30
0.0
 10
359.5548505555555
 20
38.70638972222222
 30
0.0
 10
359.5548505555555
 20
40.61138972222222
 30
0.0
 10
359.5548505555555
 20
42.50580638888889
 30
0.0
 10
358.9833505555555
 20
43.86012027777777
 30
0.0
 10
358.2217033333333
 20
44.90787027777777
 30
0.0
 10
358.4614746296297
 20
44.90787027777778
 30
0.0
 10
358.7012459259259
 20
44.90787027777778
 30
0.0
 10
358.9410172222222
 20
44.90787027777777
 30
0.0
 10
359.6183505555555
 20
44.04003694444445
 30
0.0
 10
360.3277866666667
 20
42.68537027777777
 30
0.0
 10
360.3277866666667
 20
40.60080638888888
 30
0.0
 10
360.3277866666667
 20
38.52647305555555
 30
0.0
 10
359.6183505555555
 20
37.18238972222222
 30
0.0
 10
358.9410172222222
 20
36.28280638888889
 30
0.0
 10
358.7012459259259
 20
36.28280638888889
 30
0.0
 10
358.4614746296297
 20
36.28280638888889
 30
0.0
 10
358.2217033333333
 20
36.28280638888889
 30
0.0
  0
SPLINE
  5
13E
330
1F
100
AcDbEntity
  8
DEFAULT
 62
   177
100
AcDbSpline
210
0.0
220
0.0
230
1.0
 70
    11
 71
     3
 72
    50
 73
    46
 74
     0
 42
0.000000001
 43
0.0000000001
 40
21.3
 40
21.3
 40
21.3
 40
21.3
 40
23.93999999999998
 40
23.93999999999998
 40
23.93999999999998
 40
33.00099999999998
 40
33.00099999999998
 40
33.00099999999998
 40
33.05999999999995
 40
33.05999999999995
 40
33.05999999999995
 40
34.05999999999995
 40
34.05999999999995
 40
34.05999999999995
 40
35.05999999999995
 40
35.05999999999995
 40
35.05999999999995
 40
36.05999999999995
 40
36.05999999999995
 40
36.05999999999995
 40
44.69999999999995
 40
44.69999999999995
 40
44.69999999999995
 40
47.33899999999996
 40
47.33899999999996
 40
47.33899999999996
 40
55.67899999999996
 40
55.67899999999996
 40
55.67899999999996
 40
56.67899999999996
 40
56.67899999999996
 40
56.67899999999996
 40
57.67899999999996
 40
57.67899999999996
 40
57.67899999999996
 40
58.67899999999996
 40
58.67899999999996
 40
58.67899999999996
 40
67.43899999999995
 40
67.43899999999995
 40
67.43899999999995
 40
70.07899999999994
 40
70.07899999999994
 40
70.07899999999994
 40
91.37899999999993
 40
91.37899999999993
 40
91.37899999999993
 40
91.37899999999993
 10
352.9090463888889
 20
45.07745055555555
 30
0.0
 10
353.2194908333333
 20
45.07745055555555
 30
0.0
 10
353.5299352777777
 20
45.07745055555555
 30
0.0
 10
353.8403797222222
 20
45.07745055555555
 30
0.0
 10
353.8403797222222
 20
44.01194407407407
 30
0.0
 10
353.8403797222222
 20
42.94643759259259
 30
0.0
 10
353.8403797222222
 20
41.88093111111111
 30
0.0
 10
353.8473176851851
 20
41.88093111111111
 30
0.0
 10
353.8542556481481
 20
41.88093111111111
 30
0.0
 10
353.8611936111111
 20
41.88093111111111
 30
0.0
 10
354.0093602777778
 20
42.14551444444444
 30
0.0
 10
354.2421936111111
 20
42.37870055555555
 30
0.0
 10
354.5282963888889
 20
42.53745055555555
 30
0.0
 10
354.8031102777778
 20
42.69620055555555
 30
0.0
 10
355.1315463888889
 20
42.80203388888889
 30
0.0
 10
355.4804436111111
 20
42.80203388888889
 30
0.0
 10
356.1683602777778
 20
42.80203388888889
 30
0.0
 10
357.2690269444444
 20
42.37870055555555
 30
0.0
 10
357.2690269444444
 20
40.61128388888888
 30
0.0
 10
357.2690269444444
 20
39.59528388888888
 30
0.0
 10
357.2690269444444
 20
38.57928388888888
 30
0.0
 10
357.2690269444444
 20
37.56328388888888
 30
0.0
 10
356.9587000925926
 20
37.56328388888888
 30
0.0
 10
356.6483732407407
 20
37.56328388888888
 30
0.0
 10
356.3380463888889
 20
37.56328388888888
 30
0.0
 10
356.3380463888889
 20
38.54400611111111
 30
0.0
 10
356.3380463888889
 20
39.52472833333333
 30
0.0
 10
356.3380463888889
 20
40.50545055555556
 30
0.0
 10
356.3380463888889
 20
41.33095055555555
 30
0.0
 10
356.0311297222222
 20
42.02945055555555
 30
0.0
 10
355.1523602777778
 20
42.02945055555555
 30
0.0
 10
354.5491102777777
 20
42.02945055555555
 30
0.0
 10
354.0732130555555
 20
41.60611722222222
 30
0.0
 10
353.9035269444444
 20
41.09811722222221
 30
0.0
 10
353.8509630555556
 20
40.97111722222222
 30
0.0
 10
353.8403797222222
 20
40.83353388888889
 30
0.0
 10
353.8403797222222
 20
40.65361722222222
 30
0.0
 10
353.8403797222222
 20
39.62350611111111
 30
0.0
 10
353.8403797222222
 20
38.59339499999999
 30
0.0
 10
353.8403797222222
 20
37.56328388888888
 30
0.0
 10
353.5299352777777
 20
37.56328388888888
 30
0.0
 10
353.2194908333333
 20
37.56328388888888
 30
0.0
 10
352.9090463888889
 20
37.56328388888888
 30
0.0
 10
352.909046388889
 20
40.06800611111111
 30
0.0
 10
352.909046388889
 20
42.57272833333332
 30
0.0
 10
352.9090463888889
 20
45.07745055555555
 30
0.0
  0
SPLINE
  5
13F
330
1F
100
AcDbEntity
  8
DEFAULT
 62
   177
100
AcDbSpline
210
0.0
220
0.0
230
1.0
 70
    11
 71
     3
 72
    35
 73
    31
 74
     0
 42
0.000000001
 43
0.0000000001
 40
2.03049255108214
 40
2.03049255108214
 40
2.03049255108214
 40
2.03049255108214
 40
3.03049255108214
 40
3.03049255108214
 40
3.03049255108214
 40
4.030492551082141
 40
4.030492551082141
 40
4.030492551082141
 40
5.030492551082141
 40
5.030492551082141
 40
5.030492551082141
 40
6.030492551082141
 40
6.030492551082141
 40
6.030492551082141
 40
8.15689796868243
 40
8.15689796868243
 40
8.15689796868243
 40
9.15689796868243
 40
9.15689796868243
 40
9.15689796868243
 40
10.15689796868243
 40
10.15689796868243
 40
10.15689796868243
 40
11.15689796868243
 40
11.15689796868243
 40
11.15689796868243
 40
12.15689796868243
 40
12.15689796868243
 40
12.15689796868243
 40
14.18739051976457
 40
14.18739051976457
 40
14.18739051976457
 40
14.18739051976457
 10
351.8186455555555
 20
37.75385444444444
 30
0.0
 10
351.5752288888888
 20
37.62720722222222
 30
0.0
 10
351.0351261111111
 20
37.45752111111111
 30
0.0
 10
350.3475622222222
 20
37.45752111111111
 30
0.0
 10
348.8023955555556
 20
37.45752111111111
 30
0.0
 10
347.7973316666667
 20
38.50527111111111
 30
0.0
 10
347.7973316666667
 20
40.07160444444444
 30
0.0
 10
347.7973316666667
 20
41.6485211111111
 30
0.0
 10
348.8764788888889
 20
42.79116833333332
 30
0.0
 10
350.5482927777778
 20
42.79116833333332
 30
0.0
 10
351.0989788888889
 20
42.79116833333332
 30
0.0
 10
351.5858122222222
 20
42.65393777777777
 30
0.0
 10
351.8398122222222
 20
42.526585
 30
0.0
 10
351.7692566666666
 20
42.28669611111111
 30
0.0
 10
351.6987011111111
 20
42.04680722222222
 30
0.0
 10
351.6281455555555
 20
41.80691833333333
 30
0.0
 10
351.4058955555556
 20
41.9342711111111
 30
0.0
 10
351.0566455555555
 20
42.05068777777777
 30
0.0
 10
350.5482927777778
 20
42.05068777777777
 30
0.0
 10
349.3738955555555
 20
42.05068777777777
 30
0.0
 10
348.7392483333333
 20
41.18285444444444
 30
0.0
 10
348.7392483333333
 20
40.11358499999999
 30
0.0
 10
348.7392483333333
 20
38.92860444444444
 30
0.0
 10
349.5008955555555
 20
38.19835444444444
 30
0.0
 10
350.5168955555555
 20
38.19835444444444
 30
0.0
 10
351.0460622222222
 20
38.19835444444444
 30
0.0
 10
351.3953122222222
 20
38.33593777777777
 30
0.0
 10
351.6598955555555
 20
38.45235444444445
 30
0.0
 10
351.7128122222222
 20
38.21952111111111
 30
0.0
 10
351.7657288888889
 20
37.98668777777777
 30
0.0
 10
351.8186455555555
 20
37.75385444444444
 30
0.0
  0
SPLINE
  5
140
330
1F
100
AcDbEntity
  8
DEFAULT
 62
   177
100
AcDbSpline
210
0.0
220
0.0
230
1.0
 70
    11
 71
     3
 72
    47
 73
    43
 74
     0
 42
0.000000001
 43
0.0000000001
 40
0.0
 40
0.0
 40
0.0
 40
0.0
 40
1.842009771961054
 40
1.842009771961054
 40
1.842009771961054
 40
1.932009771961313
 40
1.932009771961313
 40
1.932009771961313
 40
2.932009771961313
 40
2.932009771961313
 40
2.932009771961313
 40
3.932009771961313
 40
3.932009771961313
 40
3.932009771961313
 40
4.932009771961313
 40
4.932009771961313
 40
4.932009771961313
 40
5.232009771961311
 40
5.232009771961311
 40
5.232009771961311
 40
6.232009771961311
 40
6.232009771961311
 40
6.232009771961311
 40
7.232009771961311
 40
7.232009771961311
 40
7.232009771961311
 40
9.072227422132082
 40
9.072227422132082
 40
9.072227422132082
 40
10.07222742213208
 40
10.07222742213208
 40
10.07222742213208
 40
11.07222742213208
 40
11.07222742213208
 40
11.07222742213208
 40
16.50222742213209
 40
16.50222742213209
 40
16.50222742213209
 40
17.50222742213209
 40
17.50222742213209
 40
17.50222742213209
 40
19.90122742213209
 40
19.90122742213209
 40
19.90122742213209
 40
19.90122742213209
 10
345.9028797222222
 20
37.563425
 30
0.0
 10
345.8781852777777
 20
37.77861944444444
 30
0.0
 10
345.8534908333334
 20
37.99381388888889
 30
0.0
 10
345.828796388889
 20
38.20900833333334
 30
0.0
 10
345.8182130555556
 20
38.20900833333334
 30
0.0
 10
345.8076297222222
 20
38.20900833333333
 30
0.0
 10
345.7970463888889
 20
38.20900833333333
 30
0.0
 10
345.510943611111
 20
37.80684166666666
 30
0.0
 10
344.9609630555555
 20
37.44700833333333
 30
0.0
 10
344.2303602777777
 20
37.44700833333333
 30
0.0
 10
343.1935463888888
 20
37.44700833333333
 30
0.0
 10
342.6643797222222
 20
38.17725833333333
 30
0.0
 10
342.6643797222222
 20
38.91809166666666
 30
0.0
 10
342.6643797222222
 20
40.15598888888888
 30
0.0
 10
343.7650463888888
 20
40.83332222222221
 30
0.0
 10
345.7437769444444
 20
40.82309166666666
 30
0.0
 10
345.7437769444444
 20
40.85836944444444
 30
0.0
 10
345.7437769444444
 20
40.89364722222222
 30
0.0
 10
345.7437769444444
 20
40.92892499999999
 30
0.0
 10
345.7437769444444
 20
41.35225833333332
 30
0.0
 10
345.6273602777777
 20
42.11390555555555
 30
0.0
 10
344.5799630555555
 20
42.11390555555555
 30
0.0
 10
344.1037130555555
 20
42.11390555555555
 30
0.0
 10
343.6062963888888
 20
41.96573888888889
 30
0.0
 10
343.2461102777777
 20
41.73290555555555
 30
0.0
 10
343.1756723148148
 20
41.93751666666666
 30
0.0
 10
343.1052343518518
 20
42.14212777777777
 30
0.0
 10
343.0347963888888
 20
42.34673888888889
 30
0.0
 10
343.4581297222222
 20
42.62225833333333
 30
0.0
 10
344.0716102777777
 20
42.80182222222222
 30
0.0
 10
344.717193611111
 20
42.80182222222222
 30
0.0
 10
346.2838797222222
 20
42.80182222222222
 30
0.0
 10
346.6648797222222
 20
41.73290555555555
 30
0.0
 10
346.6648797222222
 20
40.706675
 30
0.0
 10
346.6648797222222
 20
40.06814722222222
 30
0.0
 10
346.6648797222222
 20
39.42961944444443
 30
0.0
 10
346.6648797222222
 20
38.79109166666666
 30
0.0
 10
346.6648797222222
 20
38.34623888888888
 30
0.0
 10
346.685693611111
 20
37.91267499999999
 30
0.0
 10
346.749193611111
 20
37.563425
 30
0.0
 10
346.4670889814814
 20
37.563425
 30
0.0
 10
346.1849843518518
 20
37.563425
 30
0.0
 10
345.9028797222222
 20
37.563425
 30
0.0
  0
SPLINE
  5
141
330
1F
100
AcDbEntity
  8
DEFAULT
 62
   177
100
AcDbSpline
210
0.0
220
0.0
230
1.0
 70
    11
 71
     3
 72
    20
 73
    16
 74
     0
 42
0.000000001
 43
0.0000000001
 40
2.521000000000001
 40
2.521000000000001
 40
2.521000000000001
 40
2.521000000000001
 40
3.521000000000001
 40
3.521000000000001
 40
3.521000000000001
 40
4.521000000000001
 40
4.521000000000001
 40
4.521000000000001
 40
5.521000000000001
 40
5.521000000000001
 40
5.521000000000001
 40
6.521000000000001
 40
6.521000000000001
 40
6.521000000000001
 40
9.042000000000002
 40
9.042000000000002
 40
9.042000000000002
 40
9.042000000000002
 10
345.7649436111111
 20
40.17750833333333
 30
0.0
 10
344.7489436111111
 20
40.19832222222222
 30
0.0
 10
343.5957130555555
 20
40.01875833333332
 30
0.0
 10
343.5957130555555
 20
39.02357222222221
 30
0.0
 10
343.5957130555555
 20
38.420675
 30
0.0
 10
343.9975269444444
 20
38.134925
 30
0.0
 10
344.4741297222222
 20
38.134925
 30
0.0
 10
345.1405269444444
 20
38.134925
 30
0.0
 10
345.5642130555555
 20
38.55825833333333
 30
0.0
 10
345.7123797222222
 20
38.992175
 30
0.0
 10
345.7437769444444
 20
39.087425
 30
0.0
 10
345.7649436111111
 20
39.19325833333333
 30
0.0
 10
345.7649436111111
 20
39.28815555555555
 30
0.0
 10
345.7649436111111
 20
39.58460648148148
 30
0.0
 10
345.7649436111111
 20
39.8810574074074
 30
0.0
 10
345.7649436111111
 20
40.17750833333333
 30
0.0
  0
SPLINE
  5
142
330
1F
100
AcDbEntity
  8
DEFAULT
 62
   177
100
AcDbSpline
210
0.0
220
0.0
230
1.0
 70
    11
 71
     3
 72
    32
 73
    28
 74
     0
 42
0.000000001
 43
0.0000000001
 40
10.19900000000007
 40
10.19900000000007
 40
10.19900000000007
 40
10.19900000000007
 40
11.19900000000007
 40
11.19900000000007
 40
11.19900000000007
 40
12.19900000000007
 40
12.19900000000007
 40
12.19900000000007
 40
14.14062869776906
 40
14.14062869776906
 40
14.14062869776906
 40
15.14062869776906
 40
15.14062869776906
 40
15.14062869776906
 40
16.14062869776906
 40
16.14062869776906
 40
16.14062869776906
 40
17.14062869776906
 40
17.14062869776906
 40
17.14062869776906
 40
18.14062869776906
 40
18.14062869776906
 40
18.14062869776906
 40
19.14062869776906
 40
19.14062869776906
 40
19.14062869776906
 40
29.33962869776913
 40
29.33962869776913
 40
29.33962869776913
 40
29.33962869776913
 10
338.2829855555555
 20
39.9551525
 30
0.0
 10
338.3037994444444
 20
38.69573583333333
 30
0.0
 10
339.1084855555555
 20
38.1771525
 30
0.0
 10
340.0394661111111
 20
38.1771525
 30
0.0
 10
340.7065688888889
 20
38.1771525
 30
0.0
 10
341.1087355555555
 20
38.29356916666666
 30
0.0
 10
341.4579855555555
 20
38.44173583333333
 30
0.0
 10
341.5107846296296
 20
38.21960342592592
 30
0.0
 10
341.5635837037037
 20
37.99747101851852
 30
0.0
 10
341.6163827777777
 20
37.77533861111111
 30
0.0
 10
341.2882994444444
 20
37.62717194444444
 30
0.0
 10
340.7273827777777
 20
37.45748583333333
 30
0.0
 10
339.9128188888889
 20
37.45748583333333
 30
0.0
 10
338.3359022222222
 20
37.45748583333333
 30
0.0
 10
337.3939855555555
 20
38.4946525
 30
0.0
 10
337.3939855555555
 20
40.03981916666666
 30
0.0
 10
337.3939855555555
 20
41.58498583333333
 30
0.0
 10
338.3037994444444
 20
42.80206916666666
 30
0.0
 10
339.7964022222222
 20
42.80206916666666
 30
0.0
 10
341.4682161111111
 20
42.80206916666666
 30
0.0
 10
341.912716111111
 20
41.33098583333334
 30
0.0
 10
341.912716111111
 20
40.38906916666667
 30
0.0
 10
341.912716111111
 20
40.19856916666667
 30
0.0
 10
341.8915494444444
 20
40.0504025
 30
0.0
 10
341.8809661111111
 20
39.9551525
 30
0.0
 10
340.6816392592593
 20
39.9551525
 30
0.0
 10
339.4823124074074
 20
39.9551525
 30
0.0
 10
338.2829855555555
 20
39.9551525
 30
0.0
  0
SPLINE
  5
143
330
1F
100
AcDbEntity
  8
DEFAULT
 62
   177
100
AcDbSpline
210
0.0
220
0.0
230
1.0
 70
    11
 71
     3
 72
    14
 73
    10
 74
     0
 42
0.000000001
 43
0.0000000001
 40
7.708999999999946
 40
7.708999999999946
 40
7.708999999999946
 40
7.708999999999946
 40
8.708999999999946
 40
8.708999999999946
 40
8.708999999999946
 40
9.708999999999946
 40
9.708999999999946
 40
9.708999999999946
 40
17.41799999999989
 40
17.41799999999989
 40
17.41799999999989
 40
17.41799999999989
 10
341.0131327777777
 20
40.6219025
 30
0.0
 10
341.0237161111111
 20
41.21456916666667
 30
0.0
 10
340.7697161111111
 20
42.13531916666667
 30
0.0
 10
339.7223188888888
 20
42.13531916666667
 30
0.0
 10
338.7804022222222
 20
42.13531916666667
 30
0.0
 10
338.3676522222221
 20
41.26748583333333
 30
0.0
 10
338.2935688888888
 20
40.6219025
 30
0.0
 10
339.2000901851852
 20
40.6219025
 30
0.0
 10
340.1066114814815
 20
40.6219025
 30
0.0
 10
341.0131327777777
 20
40.6219025
 30
0.0
  0
SPLINE
  5
144
330
1F
100
AcDbEntity
  8
DEFAULT
 62
   177
100
AcDbSpline
210
0.0
220
0.0
230
1.0
 70
    11
 71
     3
 72
    23
 73
    19
 74
     0
 42
0.000000001
 43
0.0000000001
 40
0.0
 40
0.0
 40
0.0
 40
0.0
 40
1.0
 40
1.0
 40
1.0
 40
2.0
 40
2.0
 40
2.0
 40
4.06899999999996
 40
4.06899999999996
 40
4.06899999999996
 40
5.06899999999996
 40
5.06899999999996
 40
5.06899999999996
 40
6.06899999999996
 40
6.06899999999996
 40
6.06899999999996
 40
8.13799999999992
 40
8.13799999999992
 40
8.13799999999992
 40
8.13799999999992
 10
336.7797994444444
 20
44.90794083333333
 30
0.0
 10
336.0072161111111
 20
43.87112694444445
 30
0.0
 10
335.4466522222222
 20
42.49494083333333
 30
0.0
 10
335.4466522222222
 20
40.5793575
 30
0.0
 10
335.4466522222222
 20
38.69587694444444
 30
0.0
 10
336.0283827777777
 20
37.34121027777778
 30
0.0
 10
336.7797994444444
 20
36.28287694444445
 30
0.0
 10
336.5365003703703
 20
36.28287694444445
 30
0.0
 10
336.2932012962963
 20
36.28287694444445
 30
0.0
 10
336.0499022222222
 20
36.28287694444445
 30
0.0
 10
335.3831522222222
 20
37.16129361111111
 30
0.0
 10
334.6634855555555
 20
38.51596027777778
 30
0.0
 10
334.6634855555555
 20
40.5793575
 30
0.0
 10
334.673716111111
 20
42.66462694444444
 30
0.0
 10
335.3831522222222
 20
44.01894083333333
 30
0.0
 10
336.0499022222222
 20
44.90794083333333
 30
0.0
 10
336.2932012962963
 20
44.90794083333333
 30
0.0
 10
336.5365003703703
 20
44.90794083333333
 30
0.0
 10
336.7797994444444
 20
44.90794083333333
 30
0.0
  0
SPLINE
  5
145
330
1F
100
AcDbEntity
  8
DEFAULT
 62
   177
100
AcDbSpline
210
0.0
220
0.0
230
1.0
 70
    11
 71
     3
 72
    47
 73
    43
 74
     0
 42
0.000000001
 43
0.0000000001
 40
12.44899999999996
 40
12.44899999999996
 40
12.44899999999996
 40
12.44899999999996
 40
14.06899999999996
 40
14.06899999999996
 40
14.06899999999996
 40
16.95430760925069
 40
16.95430760925069
 40
16.95430760925069
 40
17.95430760925069
 40
17.95430760925069
 40
17.95430760925069
 40
18.95430760925069
 40
18.95430760925069
 40
18.95430760925069
 40
19.95430760925069
 40
19.95430760925069
 40
19.95430760925069
 40
21.99610118353777
 40
21.99610118353777
 40
21.99610118353777
 40
22.99610118353777
 40
22.99610118353777
 40
22.99610118353777
 40
23.99610118353777
 40
23.99610118353777
 40
23.99610118353777
 40
24.99610118353777
 40
24.99610118353777
 40
24.99610118353777
 40
27.11985281685088
 40
27.11985281685088
 40
27.11985281685088
 40
27.17985281685088
 40
27.17985281685088
 40
27.17985281685088
 40
35.93985281685087
 40
35.93985281685087
 40
35.93985281685087
 40
38.12985281685087
 40
38.12985281685087
 40
38.12985281685087
 40
50.57885281685083
 40
50.57885281685083
 40
50.57885281685083
 40
50.57885281685083
 10
326.7896972222222
 20
37.56335444444444
 30
0.0
 10
326.7896972222222
 20
37.75385444444444
 30
0.0
 10
326.7896972222222
 20
37.94435444444444
 30
0.0
 10
326.7896972222222
 20
38.13485444444444
 30
0.0
 10
327.0331138888889
 20
38.37121555555555
 30
0.0
 10
327.2765305555555
 20
38.60757666666667
 30
0.0
 10
327.5199472222222
 20
38.84393777777778
 30
0.0
 10
329.2767805555555
 20
40.51610444444444
 30
0.0
 10
330.0705305555555
 20
41.40510444444444
 30
0.0
 10
330.0811138888889
 20
42.44227111111111
 30
0.0
 10
330.0811138888889
 20
43.14077111111111
 30
0.0
 10
329.7424472222222
 20
43.78635444444444
 30
0.0
 10
328.7158638888889
 20
43.78635444444444
 30
0.0
 10
328.0910944444444
 20
43.78635444444444
 30
0.0
 10
327.5728638888888
 20
43.46850166666667
 30
0.0
 10
327.2553638888889
 20
43.20391833333333
 30
0.0
 10
327.1565861111112
 20
43.42275814814815
 30
0.0
 10
327.0578083333333
 20
43.64159796296297
 30
0.0
 10
326.9590305555555
 20
43.86043777777778
 30
0.0
 10
327.4352805555556
 20
44.26225166666666
 30
0.0
 10
328.1126138888889
 20
44.558585
 30
0.0
 10
328.9063638888888
 20
44.558585
 30
0.0
 10
330.3876777777777
 20
44.558585
 30
0.0
 10
331.0124472222222
 20
43.542585
 30
0.0
 10
331.0124472222222
 20
42.558335
 30
0.0
 10
331.0124472222222
 20
41.28868777777777
 30
0.0
 10
330.0913444444444
 20
40.26210444444445
 30
0.0
 10
328.6417805555555
 20
38.86510444444444
 30
0.0
 10
328.4582185185184
 20
38.69577111111111
 30
0.0
 10
328.2746564814814
 20
38.52643777777777
 30
0.0
 10
328.0910944444444
 20
38.35710444444445
 30
0.0
 10
328.0910944444444
 20
38.35004888888889
 30
0.0
 10
328.0910944444444
 20
38.34299333333333
 30
0.0
 10
328.0910944444444
 20
38.33593777777777
 30
0.0
 10
329.1212055555555
 20
38.33593777777777
 30
0.0
 10
330.1513166666666
 20
38.33593777777777
 30
0.0
 10
331.1814277777777
 20
38.33593777777777
 30
0.0
 10
331.1814277777777
 20
38.07841
 30
0.0
 10
331.1814277777777
 20
37.82088222222222
 30
0.0
 10
331.1814277777777
 20
37.56335444444444
 30
0.0
 10
329.7175175925925
 20
37.56335444444444
 30
0.0
 10
328.2536074074073
 20
37.56335444444444
 30
0.0
 10
326.7896972222222
 20
37.56335444444444
 30
0.0
  0
SPLINE
  5
146
330
1F
100
AcDbEntity
  8
DEFAULT
 62
   177
100
AcDbSpline
210
0.0
220
0.0
230
1.0
 70
    11
 71
     3
 72
    59
 73
    55
 74
     0
 42
0.000000001
 43
0.0000000001
 40
0.0
 40
0.0
 40
0.0
 40
0.0
 40
3.744235569512295
 40
3.744235569512295
 40
3.744235569512295
 40
4.744235569512295
 40
4.744235569512295
 40
4.744235569512295
 40
4.834235569512327
 40
4.834235569512327
 40
4.834235569512327
 40
5.834235569512327
 40
5.834235569512327
 40
5.834235569512327
 40
9.53689677464572
 40
9.53689677464572
 40
9.53689677464572
 40
12.38689677464574
 40
12.38689677464574
 40
12.38689677464574
 40
20.97659409178099
 40
20.97659409178099
 40
20.97659409178099
 40
30.04576169415776
 40
30.04576169415776
 40
30.04576169415776
 40
33.04476169415778
 40
33.04476169415778
 40
33.04476169415778
 40
36.94868305607068
 40
36.94868305607068
 40
36.94868305607068
 40
37.94868305607068
 40
37.94868305607068
 40
37.94868305607068
 40
38.00868305607063
 40
38.00868305607063
 40
38.00868305607063
 40
39.00868305607063
 40
39.00868305607063
 40
39.00868305607063
 40
42.89576949709559
 40
42.89576949709559
 40
42.89576949709559
 40
45.80576949709556
 40
45.80576949709556
 40
45.80576949709556
 40
54.83619146951743
 40
54.83619146951743
 40
54.83619146951743
 40
63.48166895777686
 40
63.48166895777686
 40
63.48166895777686
 40
66.42166895777692
 40
66.42166895777692
 40
66.42166895777692
 40
66.42166895777692
 10
322.6197580555555
 20
42.6855113888889
 30
0.0
 10
322.8631747222222
 20
42.3186225
 30
0.0
 10
323.1065913888889
 20
41.9517336111111
 30
0.0
 10
323.3500080555556
 20
41.58484472222221
 30
0.0
 10
323.5405080555555
 20
41.29909472222221
 30
0.0
 10
323.6992580555555
 20
41.03451138888888
 30
0.0
 10
323.8685913888888
 20
40.74911416666666
 30
0.0
 10
323.8791747222222
 20
40.74911416666666
 30
0.0
 10
323.8897580555555
 20
40.74911416666666
 30
0.0
 10
323.9003413888889
 20
40.74911416666666
 30
0.0
 10
324.0696747222222
 20
41.05567805555555
 30
0.0
 10
324.2390080555555
 20
41.32026138888888
 30
0.0
 10
324.4083413888889
 20
41.59542805555555
 30
0.0
 10
324.6482302777777
 20
41.95878916666666
 30
0.0
 10
324.8881191666666
 20
42.32215027777777
 30
0.0
 10
325.1280080555555
 20
42.68551138888888
 30
0.0
 10
325.4631469444444
 20
42.68551138888889
 30
0.0
 10
325.7982858333334
 20
42.68551138888889
 30
0.0
 10
326.1334247222222
 20
42.68551138888888
 30
0.0
 10
325.5513413888889
 20
41.86001138888889
 30
0.0
 10
324.9692580555556
 20
41.03451138888889
 30
0.0
 10
324.3871747222222
 20
40.20901138888889
 30
0.0
 10
324.9867793518518
 20
39.32706694444445
 30
0.0
 10
325.5863839814814
 20
38.4451225
 30
0.0
 10
326.1859886111111
 20
37.56317805555555
 30
0.0
 10
325.8333284259259
 20
37.56317805555555
 30
0.0
 10
325.4806682407407
 20
37.56317805555555
 30
0.0
 10
325.1280080555555
 20
37.56317805555555
 30
0.0
 10
324.8774182407407
 20
37.94782342592593
 30
0.0
 10
324.6268284259259
 20
38.3324687962963
 30
0.0
 10
324.3762386111111
 20
38.71711416666667
 30
0.0
 10
324.1755080555555
 20
39.01344749999999
 30
0.0
 10
324.0061747222222
 20
39.29884472222222
 30
0.0
 10
323.8262580555555
 20
39.60576138888889
 30
0.0
 10
323.8192025
 20
39.60576138888889
 30
0.0
 10
323.8121469444444
 20
39.60576138888889
 30
0.0
 10
323.8050913888889
 20
39.60576138888889
 30
0.0
 10
323.6357580555555
 20
39.29884472222222
 30
0.0
 10
323.4558413888889
 20
39.02367805555556
 30
0.0
 10
323.2653413888889
 20
38.71711416666667
 30
0.0
 10
323.0183969444444
 20
38.3324687962963
 30
0.0
 10
322.7714525
 20
37.94782342592593
 30
0.0
 10
322.5245080555555
 20
37.56317805555555
 30
0.0
 10
322.1823136111111
 20
37.56317805555555
 30
0.0
 10
321.8401191666667
 20
37.56317805555555
 30
0.0
 10
321.4979247222222
 20
37.56317805555555
 30
0.0
 10
322.1047025
 20
38.43465675925925
 30
0.0
 10
322.7114802777778
 20
39.30613546296296
 30
0.0
 10
323.3182580555555
 20
40.17761416666666
 30
0.0
 10
322.7397025
 20
41.0135799074074
 30
0.0
 10
322.1611469444444
 20
41.84954564814814
 30
0.0
 10
321.5825913888888
 20
42.68551138888888
 30
0.0
 10
321.928313611111
 20
42.68551138888889
 30
0.0
 10
322.2740358333332
 20
42.6855113888889
 30
0.0
 10
322.6197580555555
 20
42.6855113888889
 30
0.0
  0
SPLINE
  5
147
330
1F
100
AcDbEntity
  8
DEFAULT
 62
   177
100
AcDbSpline
210
0.0
220
0.0
230
1.0
 70
    11
 71
     3
 72
    38
 73
    34
 74
     0
 42
0.000000001
 43
0.0000000001
 40
2.159999999999968
 40
2.159999999999968
 40
2.159999999999968
 40
2.159999999999968
 40
3.159999999999968
 40
3.159999999999968
 40
3.159999999999968
 40
4.159999999999968
 40
4.159999999999968
 40
4.159999999999968
 40
4.250999999999863
 40
4.250999999999863
 40
4.250999999999863
 40
5.250999999999863
 40
5.250999999999863
 40
5.250999999999863
 40
6.250999999999863
 40
6.250999999999863
 40
6.250999999999863
 40
7.250999999999863
 40
7.250999999999863
 40
7.250999999999863
 40
8.250999999999863
 40
8.250999999999863
 40
8.250999999999863
 40
9.250999999999863
 40
9.250999999999863
 40
9.250999999999863
 40
10.25099999999986
 40
10.25099999999986
 40
10.25099999999986
 40
11.25099999999986
 40
11.25099999999986
 40
11.25099999999986
 40
13.41099999999983
 40
13.41099999999983
 40
13.41099999999983
 40
13.41099999999983
 10
390.8281772222222
 20
136.641205
 30
0.0
 10
390.6376772222222
 20
136.6517883333333
 30
0.0
 10
390.3946133333333
 20
136.641205
 30
0.0
 10
390.13003
 20
136.5992244444444
 30
0.0
 10
388.66953
 20
136.355455
 30
0.0
 10
387.8965938888889
 20
135.2865383333333
 30
0.0
 10
387.7378438888888
 20
134.1541216666667
 30
0.0
 10
387.7485448148147
 20
134.1541216666667
 30
0.0
 10
387.7592457407407
 20
134.1541216666667
 30
0.0
 10
387.7699466666666
 20
134.1541216666667
 30
0.0
 10
388.09803
 20
134.5883911111111
 30
0.0
 10
388.66953
 20
134.9478716666667
 30
0.0
 10
389.4311772222222
 20
134.9478716666667
 30
0.0
 10
390.6482605555556
 20
134.9478716666667
 30
0.0
 10
391.5055105555556
 20
134.0698077777778
 30
0.0
 10
391.5055105555556
 20
132.7253716666667
 30
0.0
 10
391.5055105555556
 20
131.4663077777778
 30
0.0
 10
390.6482605555556
 20
130.3021411111111
 30
0.0
 10
389.2195105555555
 20
130.3021411111111
 30
0.0
 10
387.74878
 20
130.3021411111111
 30
0.0
 10
386.7856966666666
 20
131.4451411111111
 30
0.0
 10
386.7856966666666
 20
133.2337244444444
 30
0.0
 10
386.7856966666666
 20
134.5883911111111
 30
0.0
 10
387.27253
 20
135.6573077777778
 30
0.0
 10
387.9498633333333
 20
136.3346411111111
 30
0.0
 10
388.5213633333333
 20
136.8955577777778
 30
0.0
 10
389.2830105555555
 20
137.244455
 30
0.0
 10
390.1508438888889
 20
137.3506411111111
 30
0.0
 10
390.4260105555555
 20
137.3926216666667
 30
0.0
 10
390.6591966666666
 20
137.403205
 30
0.0
 10
390.8281772222222
 20
137.403205
 30
0.0
 10
390.8281772222222
 20
137.149205
 30
0.0
 10
390.8281772222222
 20
136.895205
 30
0.0
 10
390.8281772222222
 20
136.641205
 30
0.0
  0
SPLINE
  5
148
330
1F
100
AcDbEntity
  8
DEFAULT
 62
   177
100
AcDbSpline
210
0.0
220
0.0
230
1.0
 70
    11
 71
     3
 72
    20
 73
    16
 74
     0
 42
0.000000001
 43
0.0000000001
 40
1.0
 40
1.0
 40
1.0
 40
1.0
 40
2.0
 40
2.0
 40
2.0
 40
3.0
 40
3.0
 40
3.0
 40
4.0
 40
4.0
 40
4.0
 40
5.0
 40
5.0
 40
5.0
 40
6.0
 40
6.0
 40
6.0
 40
6.0
 10
390.5635938888889
 20
132.6728077777778
 30
0.0
 10
390.5635938888889
 20
133.6570577777778
 30
0.0
 10
390.0026772222222
 20
134.2497244444444
 30
0.0
 10
389.1454272222222
 20
134.2497244444444
 30
0.0
 10
388.5848633333333
 20
134.2497244444444
 30
0.0
 10
388.06628
 20
133.9001216666666
 30
0.0
 10
387.8119272222222
 20
133.402705
 30
0.0
 10
387.74878
 20
133.2972244444444
 30
0.0
 10
387.7060938888889
 20
133.1596411111111
 30
0.0
 10
387.7060938888889
 20
132.989955
 30
0.0
 10
387.7276133333333
 20
131.8578911111111
 30
0.0
 10
388.2461966666667
 20
131.0218077777778
 30
0.0
 10
389.2195105555555
 20
131.0218077777778
 30
0.0
 10
390.0241966666666
 20
131.0218077777778
 30
0.0
 10
390.5635938888889
 20
131.6885577777778
 30
0.0
 10
390.5635938888889
 20
132.6728077777778
 30
0.0
  0
SPLINE
  5
149
330
1F
100
AcDbEntity
  8
DEFAULT
 62
   177
100
AcDbSpline
210
0.0
220
0.0
230
1.0
 70
    11
 71
     3
 72
    59
 73
    55
 74
     0
 42
0.000000001
 43
0.0000000001
 40
0.0
 40
0.0
 40
0.0
 40
0.0
 40
3.743682812418838
 40
3.743682812418838
 40
3.743682812418838
 40
4.743682812418838
 40
4.743682812418838
 40
4.743682812418838
 40
4.833682812418983
 40
4.833682812418983
 40
4.833682812418983
 40
5.833682812418983
 40
5.833682812418983
 40
5.833682812418983
 40
9.536344017552352
 40
9.536344017552352
 40
9.536344017552352
 40
12.38634401755249
 40
12.38634401755249
 40
12.38634401755249
 40
20.97628243409547
 40
20.97628243409547
 40
20.97628243409547
 40
30.0446230761313
 40
30.0446230761313
 40
30.0446230761313
 40
33.0446230761313
 40
33.0446230761313
 40
33.0446230761313
 40
36.94716071208043
 40
36.94716071208043
 40
36.94716071208043
 40
37.94716071208043
 40
37.94716071208043
 40
37.94716071208043
 40
38.00816071208057
 40
38.00816071208057
 40
38.00816071208057
 40
39.00816071208057
 40
39.00816071208057
 40
39.00816071208057
 40
42.89494614479993
 40
42.89494614479993
 40
42.89494614479993
 40
45.80394614480004
 40
45.80394614480004
 40
45.80394614480004
 40
54.83297604839436
 40
54.83297604839436
 40
54.83297604839436
 40
63.47870684457355
 40
63.47870684457355
 40
63.47870684457355
 40
66.4187068445736
 40
66.4187068445736
 40
66.4187068445736
 40
66.4187068445736
 10
382.7322094444443
 20
135.5408205555555
 30
0.0
 10
382.9755085185184
 20
135.1739316666666
 30
0.0
 10
383.2188075925924
 20
134.8070427777777
 30
0.0
 10
383.4621066666666
 20
134.4401538888888
 30
0.0
 10
383.6526066666666
 20
134.1540511111111
 30
0.0
 10
383.8117094444444
 20
133.8898205555555
 30
0.0
 10
383.9810427777778
 20
133.6040705555555
 30
0.0
 10
383.9916261111111
 20
133.6040705555555
 30
0.0
 10
384.0022094444444
 20
133.6040705555555
 30
0.0
 10
384.0127927777778
 20
133.6040705555555
 30
0.0
 10
384.1817733333333
 20
133.9109872222222
 30
0.0
 10
384.3514594444444
 20
134.1755705555555
 30
0.0
 10
384.52044
 20
134.4507372222222
 30
0.0
 10
384.7603288888889
 20
134.8140983333333
 30
0.0
 10
385.0002177777778
 20
135.1774594444444
 30
0.0
 10
385.2401066666666
 20
135.5408205555555
 30
0.0
 10
385.5752455555555
 20
135.5408205555555
 30
0.0
 10
385.9103844444444
 20
135.5408205555555
 30
0.0
 10
386.2455233333333
 20
135.5408205555555
 30
0.0
 10
385.6635575925926
 20
134.715202962963
 30
0.0
 10
385.0815918518518
 20
133.8895853703704
 30
0.0
 10
384.4996261111111
 20
133.0639677777777
 30
0.0
 10
385.0992307407407
 20
132.1821409259259
 30
0.0
 10
385.6988353703703
 20
131.3003140740741
 30
0.0
 10
386.29844
 20
130.4184872222222
 30
0.0
 10
385.9456622222222
 20
130.4184872222222
 30
0.0
 10
385.5928844444445
 20
130.4184872222222
 30
0.0
 10
385.2401066666666
 20
130.4184872222222
 30
0.0
 10
384.9896344444444
 20
130.803015
 30
0.0
 10
384.7391622222221
 20
131.1875427777778
 30
0.0
 10
384.48869
 20
131.5720705555555
 30
0.0
 10
384.2876066666667
 20
131.8684038888888
 30
0.0
 10
384.1186261111111
 20
132.1541538888889
 30
0.0
 10
383.9387094444444
 20
132.4610705555555
 30
0.0
 10
383.9315362962963
 20
132.4610705555555
 30
0.0
 10
383.9243631481481
 20
132.4610705555555
 30
0.0
 10
383.9171899999999
 20
132.4610705555555
 30
0.0
 10
383.7482094444445
 20
132.1541538888889
 30
0.0
 10
383.56794
 20
131.8789872222222
 30
0.0
 10
383.3777927777778
 20
131.5720705555555
 30
0.0
 10
383.1307307407407
 20
131.1875427777778
 30
0.0
 10
382.8836687037037
 20
130.803015
 30
0.0
 10
382.6366066666666
 20
130.4184872222222
 30
0.0
 10
382.2945298148148
 20
130.4184872222222
 30
0.0
 10
381.9524529629629
 20
130.4184872222222
 30
0.0
 10
381.6103761111111
 20
130.4184872222222
 30
0.0
 10
382.2170362962963
 20
131.2898483333333
 30
0.0
 10
382.8236964814814
 20
132.1612094444444
 30
0.0
 10
383.4303566666667
 20
133.0325705555555
 30
0.0
 10
382.8519187037037
 20
133.8686538888889
 30
0.0
 10
382.2734807407407
 20
134.7047372222222
 30
0.0
 10
381.6950427777778
 20
135.5408205555555
 30
0.0
 10
382.0407649999999
 20
135.5408205555555
 30
0.0
 10
382.3864872222221
 20
135.5408205555555
 30
0.0
 10
382.7322094444443
 20
135.5408205555555
 30
0.0
  0
SPLINE
  5
14A
330
1F
100
AcDbEntity
  8
DEFAULT
 62
   177
100
AcDbSpline
210
0.0
220
0.0
230
1.0
 70
    11
 71
     3
 72
    47
 73
    43
 74
     0
 42
0.000000001
 43
0.0000000001
 40
12.44900000000007
 40
12.44900000000007
 40
12.44900000000007
 40
12.44900000000007
 40
14.06899999999996
 40
14.06899999999996
 40
14.06899999999996
 40
16.95359026553174
 40
16.95359026553174
 40
16.95359026553174
 40
17.95359026553174
 40
17.95359026553174
 40
17.95359026553174
 40
18.95359026553174
 40
18.95359026553174
 40
18.95359026553174
 40
19.95359026553174
 40
19.95359026553174
 40
19.95359026553174
 40
21.99447242773501
 40
21.99447242773501
 40
21.99447242773501
 40
22.99447242773501
 40
22.99447242773501
 40
22.99447242773501
 40
23.99447242773501
 40
23.99447242773501
 40
23.99447242773501
 40
24.99447242773501
 40
24.99447242773501
 40
24.99447242773501
 40
27.1174891492895
 40
27.1174891492895
 40
27.1174891492895
 40
27.17748914928945
 40
27.17748914928945
 40
27.17748914928945
 40
35.93748914928943
 40
35.93748914928943
 40
35.93748914928943
 40
38.12748914928949
 40
38.12748914928949
 40
38.12748914928949
 40
50.57648914928956
 40
50.57648914928956
 40
50.57648914928956
 40
50.57648914928956
 10
400.2901358333332
 20
386.000625
 30
0.0
 10
400.2901358333332
 20
386.1911249999999
 30
0.0
 10
400.2901358333332
 20
386.3816249999999
 30
0.0
 10
400.2901358333332
 20
386.5721249999999
 30
0.0
 10
400.5334349074074
 20
386.8084861111111
 30
0.0
 10
400.7767339814814
 20
387.0448472222222
 30
0.0
 10
401.0200330555555
 20
387.2812083333333
 30
0.0
 10
402.7772191666666
 20
388.9533749999999
 30
0.0
 10
403.5706163888888
 20
389.842375
 30
0.0
 10
403.5811997222222
 20
390.8795416666666
 30
0.0
 10
403.5811997222222
 20
391.5780416666666
 30
0.0
 10
403.2425330555554
 20
392.2232722222221
 30
0.0
 10
402.2159497222221
 20
392.2232722222221
 30
0.0
 10
401.5915330555555
 20
392.2232722222221
 30
0.0
 10
401.0733025
 20
391.9057722222222
 30
0.0
 10
400.7554497222221
 20
391.6411888888888
 30
0.0
 10
400.6566719444443
 20
391.8599111111111
 30
0.0
 10
400.5578941666666
 20
392.0786333333333
 30
0.0
 10
400.4591163888888
 20
392.2973555555555
 30
0.0
 10
400.9353663888888
 20
392.6995222222222
 30
0.0
 10
401.6126997222221
 20
392.9958555555555
 30
0.0
 10
402.4064497222221
 20
392.9958555555555
 30
0.0
 10
403.8881163888888
 20
392.9958555555555
 30
0.0
 10
404.5125330555555
 20
391.9798555555555
 30
0.0
 10
404.5125330555555
 20
390.9956055555555
 30
0.0
 10
404.5125330555555
 20
389.7259583333333
 30
0.0
 10
403.5917830555554
 20
388.699375
 30
0.0
 10
402.1418663888888
 20
387.302375
 30
0.0
 10
401.9584219444444
 20
387.1330416666667
 30
0.0
 10
401.7749774999999
 20
386.9637083333333
 30
0.0
 10
401.5915330555555
 20
386.7943749999999
 30
0.0
 10
401.5915330555555
 20
386.7873194444444
 30
0.0
 10
401.5915330555555
 20
386.7802638888888
 30
0.0
 10
401.5915330555555
 20
386.7732083333333
 30
0.0
 10
402.6216441666666
 20
386.7732083333333
 30
0.0
 10
403.6517552777777
 20
386.7732083333333
 30
0.0
 10
404.6818663888889
 20
386.7732083333333
 30
0.0
 10
404.6818663888889
 20
386.5156805555555
 30
0.0
 10
404.6818663888889
 20
386.2581527777777
 30
0.0
 10
404.6818663888889
 20
386.000625
 30
0.0
 10
403.2179562037036
 20
386.000625
 30
0.0
 10
401.7540460185184
 20
386.000625
 30
0.0
 10
400.2901358333332
 20
386.000625
 30
0.0
  0
SPLINE
  5
14B
330
1F
100
AcDbEntity
  8
DEFAULT
 62
   177
100
AcDbSpline
210
0.0
220
0.0
230
1.0
 70
    11
 71
     3
 72
    59
 73
    55
 74
     0
 42
0.000000001
 43
0.0000000001
 40
0.0
 40
0.0
 40
0.0
 40
0.0
 40
3.743682812418696
 40
3.743682812418696
 40
3.743682812418696
 40
4.743682812418696
 40
4.743682812418696
 40
4.743682812418696
 40
4.833682812418841
 40
4.833682812418841
 40
4.833682812418841
 40
5.833682812418841
 40
5.833682812418841
 40
5.833682812418841
 40
9.536344017552164
 40
9.536344017552164
 40
9.536344017552164
 40
12.3863440175523
 40
12.3863440175523
 40
12.3863440175523
 40
20.97546510180769
 40
20.97546510180769
 40
20.97546510180769
 40
30.04463270418439
 40
30.04463270418439
 40
30.04463270418439
 40
33.04463270418439
 40
33.04463270418439
 40
33.04463270418439
 40
36.94717034013352
 40
36.94717034013352
 40
36.94717034013352
 40
37.94717034013352
 40
37.94717034013352
 40
37.94717034013352
 40
38.00817034013367
 40
38.00817034013367
 40
38.00817034013367
 40
39.00817034013367
 40
39.00817034013367
 40
39.00817034013367
 40
42.89495577285302
 40
42.89495577285302
 40
42.89495577285302
 40
45.80395577285313
 40
45.80395577285313
 40
45.80395577285313
 40
54.83298567644755
 40
54.83298567644755
 40
54.83298567644755
 40
63.47871647262664
 40
63.47871647262664
 40
63.47871647262664
 40
66.4187164726267
 40
66.4187164726267
 40
66.4187164726267
 40
66.4187164726267
 10
396.1201966666666
 20
391.1228172222221
 30
0.0
 10
396.3634957407407
 20
390.7559283333332
 30
0.0
 10
396.6067948148147
 20
390.3890394444443
 30
0.0
 10
396.8500938888889
 20
390.0221505555555
 30
0.0
 10
397.0405938888888
 20
389.7364005555555
 30
0.0
 10
397.1996966666666
 20
389.4718172222222
 30
0.0
 10
397.36903
 20
389.1860672222222
 30
0.0
 10
397.3796133333333
 20
389.1860672222222
 30
0.0
 10
397.3901966666667
 20
389.1860672222222
 30
0.0
 10
397.40078
 20
389.1860672222222
 30
0.0
 10
397.5697605555555
 20
389.4929838888889
 30
0.0
 10
397.7394466666666
 20
389.7575672222222
 30
0.0
 10
397.9084272222222
 20
390.0327338888889
 30
0.0
 10
398.1483161111111
 20
390.396095
 30
0.0
 10
398.388205
 20
390.7594561111111
 30
0.0
 10
398.6280938888888
 20
391.1228172222222
 30
0.0
 10
398.9632327777777
 20
391.1228172222222
 30
0.0
 10
399.2983716666667
 20
391.1228172222222
 30
0.0
 10
399.6335105555556
 20
391.1228172222222
 30
0.0
 10
399.0515448148149
 20
390.2973172222221
 30
0.0
 10
398.4695790740741
 20
389.4718172222222
 30
0.0
 10
397.8876133333333
 20
388.6463172222222
 30
0.0
 10
398.4872179629629
 20
387.7643727777777
 30
0.0
 10
399.0868225925926
 20
386.8824283333333
 30
0.0
 10
399.6864272222222
 20
386.0004838888889
 30
0.0
 10
399.3336494444443
 20
386.0004838888888
 30
0.0
 10
398.9808716666666
 20
386.0004838888888
 30
0.0
 10
398.6280938888888
 20
386.0004838888889
 30
0.0
 10
398.3776216666666
 20
386.3850116666666
 30
0.0
 10
398.1271494444445
 20
386.7695394444443
 30
0.0
 10
397.8766772222222
 20
387.1540672222222
 30
0.0
 10
397.6755938888889
 20
387.4504005555555
 30
0.0
 10
397.5066133333333
 20
387.7361505555556
 30
0.0
 10
397.3266966666667
 20
388.0430672222222
 30
0.0
 10
397.3195235185185
 20
388.0430672222222
 30
0.0
 10
397.3123503703703
 20
388.0430672222222
 30
0.0
 10
397.3051772222221
 20
388.0430672222222
 30
0.0
 10
397.1361966666667
 20
387.7361505555556
 30
0.0
 10
396.9559272222222
 20
387.4609838888888
 30
0.0
 10
396.7657799999999
 20
387.1540672222222
 30
0.0
 10
396.5187179629629
 20
386.7695394444444
 30
0.0
 10
396.2716559259259
 20
386.3850116666666
 30
0.0
 10
396.0245938888889
 20
386.0004838888889
 30
0.0
 10
395.682517037037
 20
386.0004838888888
 30
0.0
 10
395.3404401851852
 20
386.0004838888888
 30
0.0
 10
394.9983633333333
 20
386.0004838888889
 30
0.0
 10
395.6050235185185
 20
386.871845
 30
0.0
 10
396.2116837037037
 20
387.7432061111111
 30
0.0
 10
396.8183438888889
 20
388.6145672222223
 30
0.0
 10
396.2399059259259
 20
389.4506505555555
 30
0.0
 10
395.6614679629629
 20
390.2867338888888
 30
0.0
 10
395.08303
 20
391.1228172222222
 30
0.0
 10
395.4287522222222
 20
391.1228172222222
 30
0.0
 10
395.7744744444444
 20
391.1228172222221
 30
0.0
 10
396.1201966666666
 20
391.1228172222221
 30
0.0
  0
SPLINE
  5
14C
330
1F
100
AcDbEntity
  8
DEFAULT
 62
   177
100
AcDbSpline
210
0.0
220
0.0
230
1.0
 70
    11
 71
     3
 72
    47
 73
    43
 74
     0
 42
0.000000001
 43
0.0000000001
 40
12.44900000000007
 40
12.44900000000007
 40
12.44900000000007
 40
12.44900000000007
 40
14.06899999999996
 40
14.06899999999996
 40
14.06899999999996
 40
16.95359026553174
 40
16.95359026553174
 40
16.95359026553174
 40
17.95359026553174
 40
17.95359026553174
 40
17.95359026553174
 40
18.95359026553174
 40
18.95359026553174
 40
18.95359026553174
 40
19.95359026553174
 40
19.95359026553174
 40
19.95359026553174
 40
21.99447242773501
 40
21.99447242773501
 40
21.99447242773501
 40
22.99447242773501
 40
22.99447242773501
 40
22.99447242773501
 40
23.99447242773501
 40
23.99447242773501
 40
23.99447242773501
 40
24.99447242773501
 40
24.99447242773501
 40
24.99447242773501
 40
27.1174891492895
 40
27.1174891492895
 40
27.1174891492895
 40
27.17748914928945
 40
27.17748914928945
 40
27.17748914928945
 40
35.93748914928943
 40
35.93748914928943
 40
35.93748914928943
 40
38.12748914928949
 40
38.12748914928949
 40
38.12748914928949
 40
50.57648914928956
 40
50.57648914928956
 40
50.57648914928956
 40
50.57648914928956
 10
400.2901358333332
 20
440.2316005555555
 30
0.0
 10
400.2901358333332
 20
440.4221005555555
 30
0.0
 10
400.2901358333332
 20
440.6126005555555
 30
0.0
 10
400.2901358333332
 20
440.8031005555554
 30
0.0
 10
400.5334349074074
 20
441.0394616666666
 30
0.0
 10
400.7767339814814
 20
441.2758227777777
 30
0.0
 10
401.0200330555555
 20
441.5121838888888
 30
0.0
 10
402.7772191666666
 20
443.1843505555555
 30
0.0
 10
403.5706163888888
 20
444.0733505555555
 30
0.0
 10
403.5811997222222
 20
445.1105172222221
 30
0.0
 10
403.5811997222222
 20
445.8090172222222
 30
0.0
 10
403.2425330555554
 20
446.4542477777777
 30
0.0
 10
402.2159497222221
 20
446.4542477777777
 30
0.0
 10
401.5915330555555
 20
446.4542477777777
 30
0.0
 10
401.0733025
 20
446.1367477777777
 30
0.0
 10
400.7554497222221
 20
445.8721644444444
 30
0.0
 10
400.6566719444443
 20
446.0908866666666
 30
0.0
 10
400.5578941666666
 20
446.3096088888888
 30
0.0
 10
400.4591163888888
 20
446.528331111111
 30
0.0
 10
400.9353663888888
 20
446.9304977777777
 30
0.0
 10
401.6126997222221
 20
447.226831111111
 30
0.0
 10
402.4064497222221
 20
447.226831111111
 30
0.0
 10
403.8881163888888
 20
447.226831111111
 30
0.0
 10
404.5125330555555
 20
446.2108311111111
 30
0.0
 10
404.5125330555555
 20
445.2265811111111
 30
0.0
 10
404.5125330555555
 20
443.9569338888888
 30
0.0
 10
403.5917830555554
 20
442.9303505555555
 30
0.0
 10
402.1418663888888
 20
441.5333505555555
 30
0.0
 10
401.9584219444444
 20
441.3640172222222
 30
0.0
 10
401.7749774999999
 20
441.1946838888889
 30
0.0
 10
401.5915330555555
 20
441.0253505555555
 30
0.0
 10
401.5915330555555
 20
441.018295
 30
0.0
 10
401.5915330555555
 20
441.0112394444444
 30
0.0
 10
401.5915330555555
 20
441.0041838888889
 30
0.0
 10
402.6216441666666
 20
441.0041838888889
 30
0.0
 10
403.6517552777777
 20
441.0041838888889
 30
0.0
 10
404.6818663888889
 20
441.0041838888889
 30
0.0
 10
404.6818663888889
 20
440.7466561111111
 30
0.0
 10
404.6818663888889
 20
440.4891283333333
 30
0.0
 10
404.6818663888889
 20
440.2316005555555
 30
0.0
 10
403.2179562037036
 20
440.2316005555555
 30
0.0
 10
401.7540460185184
 20
440.2316005555555
 30
0.0
 10
400.2901358333332
 20
440.2316005555555
 30
0.0
  0
SPLINE
  5
14D
330
1F
100
AcDbEntity
  8
DEFAULT
 62
   177
100
AcDbSpline
210
0.0
220
0.0
230
1.0
 70
    11
 71
     3
 72
    59
 73
    55
 74
     0
 42
0.000000001
 43
0.0000000001
 40
2.940000000000055
 40
2.940000000000055
 40
2.940000000000055
 40
2.940000000000055
 40
6.68368281241875
 40
6.68368281241875
 40
6.68368281241875
 40
7.68368281241875
 40
7.68368281241875
 40
7.68368281241875
 40
7.773682812418896
 40
7.773682812418896
 40
7.773682812418896
 40
8.773682812418896
 40
8.773682812418896
 40
8.773682812418896
 40
12.47634401755222
 40
12.47634401755222
 40
12.47634401755222
 40
15.32634401755235
 40
15.32634401755235
 40
15.32634401755235
 40
23.91546510180774
 40
23.91546510180774
 40
23.91546510180774
 40
32.98463270418445
 40
32.98463270418445
 40
32.98463270418445
 40
35.98463270418445
 40
35.98463270418445
 40
35.98463270418445
 40
39.88717034013357
 40
39.88717034013357
 40
39.88717034013357
 40
40.88717034013357
 40
40.88717034013357
 40
40.88717034013357
 40
40.94817034013372
 40
40.94817034013372
 40
40.94817034013372
 40
41.94817034013372
 40
41.94817034013372
 40
41.94817034013372
 40
45.83495577285308
 40
45.83495577285308
 40
45.83495577285308
 40
48.74395577285318
 40
48.74395577285318
 40
48.74395577285318
 40
57.7729856764476
 40
57.7729856764476
 40
57.7729856764476
 40
66.4187164726267
 40
66.4187164726267
 40
66.4187164726267
 40
69.35871647262675
 40
69.35871647262675
 40
69.35871647262675
 40
69.35871647262675
 10
396.1201966666666
 20
445.3537927777778
 30
0.0
 10
396.3634957407407
 20
444.9869038888889
 30
0.0
 10
396.6067948148147
 20
444.620015
 30
0.0
 10
396.8500938888889
 20
444.2531261111111
 30
0.0
 10
397.0405938888888
 20
443.967376111111
 30
0.0
 10
397.1996966666666
 20
443.7027927777777
 30
0.0
 10
397.36903
 20
443.4170427777777
 30
0.0
 10
397.3796133333333
 20
443.4170427777778
 30
0.0
 10
397.3901966666667
 20
443.4170427777778
 30
0.0
 10
397.40078
 20
443.4170427777777
 30
0.0
 10
397.5697605555555
 20
443.7239594444445
 30
0.0
 10
397.7394466666666
 20
443.9885427777778
 30
0.0
 10
397.9084272222222
 20
444.2637094444444
 30
0.0
 10
398.1483161111111
 20
444.6270705555555
 30
0.0
 10
398.388205
 20
444.9904316666666
 30
0.0
 10
398.6280938888888
 20
445.3537927777778
 30
0.0
 10
398.9632327777777
 20
445.3537927777778
 30
0.0
 10
399.2983716666667
 20
445.3537927777778
 30
0.0
 10
399.6335105555556
 20
445.3537927777778
 30
0.0
 10
399.0515448148149
 20
444.5282927777778
 30
0.0
 10
398.4695790740741
 20
443.7027927777778
 30
0.0
 10
397.8876133333333
 20
442.8772927777778
 30
0.0
 10
398.4872179629629
 20
441.9953483333333
 30
0.0
 10
399.0868225925926
 20
441.1134038888889
 30
0.0
 10
399.6864272222222
 20
440.2314594444444
 30
0.0
 10
399.3336494444443
 20
440.2314594444444
 30
0.0
 10
398.9808716666666
 20
440.2314594444444
 30
0.0
 10
398.6280938888888
 20
440.2314594444444
 30
0.0
 10
398.3776216666666
 20
440.6159872222222
 30
0.0
 10
398.1271494444445
 20
441.000515
 30
0.0
 10
397.8766772222222
 20
441.3850427777778
 30
0.0
 10
397.6755938888889
 20
441.681376111111
 30
0.0
 10
397.5066133333333
 20
441.9671261111111
 30
0.0
 10
397.3266966666667
 20
442.2740427777778
 30
0.0
 10
397.3195235185185
 20
442.2740427777778
 30
0.0
 10
397.3123503703703
 20
442.2740427777778
 30
0.0
 10
397.3051772222221
 20
442.2740427777778
 30
0.0
 10
397.1361966666667
 20
441.9671261111111
 30
0.0
 10
396.9559272222222
 20
441.6919594444444
 30
0.0
 10
396.7657799999999
 20
441.3850427777778
 30
0.0
 10
396.5187179629629
 20
441.000515
 30
0.0
 10
396.2716559259259
 20
440.6159872222222
 30
0.0
 10
396.0245938888889
 20
440.2314594444444
 30
0.0
 10
395.682517037037
 20
440.2314594444444
 30
0.0
 10
395.3404401851852
 20
440.2314594444444
 30
0.0
 10
394.9983633333333
 20
440.2314594444444
 30
0.0
 10
395.6050235185185
 20
441.1028205555555
 30
0.0
 10
396.2116837037037
 20
441.9741816666667
 30
0.0
 10
396.8183438888889
 20
442.8455427777778
 30
0.0
 10
396.2399059259259
 20
443.6816261111111
 30
0.0
 10
395.6614679629629
 20
444.5177094444444
 30
0.0
 10
395.08303
 20
445.3537927777778
 30
0.0
 10
395.4287522222222
 20
445.3537927777778
 30
0.0
 10
395.7744744444444
 20
445.3537927777778
 30
0.0
 10
396.1201966666666
 20
445.3537927777778
 30
0.0
  0
SPLINE
  5
14E
330
1F
100
AcDbEntity
  8
DEFAULT
 62
   177
100
AcDbSpline
210
0.0
220
0.0
230
1.0
 70
    11
 71
     3
 72
    38
 73
    34
 74
     0
 42
0.000000001
 43
0.0000000001
 40
2.160000000000082
 40
2.160000000000082
 40
2.160000000000082
 40
2.160000000000082
 40
3.160000000000082
 40
3.160000000000082
 40
3.160000000000082
 40
4.160000000000082
 40
4.160000000000082
 40
4.160000000000082
 40
4.25100000000009
 40
4.25100000000009
 40
4.25100000000009
 40
5.25100000000009
 40
5.25100000000009
 40
5.25100000000009
 40
6.25100000000009
 40
6.25100000000009
 40
6.25100000000009
 40
7.25100000000009
 40
7.25100000000009
 40
7.25100000000009
 40
8.25100000000009
 40
8.25100000000009
 40
8.25100000000009
 40
9.25100000000009
 40
9.25100000000009
 40
9.25100000000009
 40
10.25100000000009
 40
10.25100000000009
 40
10.25100000000009
 40
11.25100000000009
 40
11.25100000000009
 40
11.25100000000009
 40
13.41100000000017
 40
13.41100000000017
 40
13.41100000000017
 40
13.41100000000017
 10
281.74061
 20
492.8318608333333
 30
0.0
 10
281.55011
 20
492.8424441666666
 30
0.0
 10
281.3070461111111
 20
492.8318608333333
 30
0.0
 10
281.0424627777778
 20
492.7895275
 30
0.0
 10
279.5819627777777
 20
492.5461108333333
 30
0.0
 10
278.8090266666667
 20
491.4771941666667
 30
0.0
 10
278.6502766666667
 20
490.3447775
 30
0.0
 10
278.6609775925926
 20
490.3447775
 30
0.0
 10
278.6716785185185
 20
490.3447775
 30
0.0
 10
278.6823794444445
 20
490.3447775
 30
0.0
 10
279.0104627777778
 20
490.7786941666666
 30
0.0
 10
279.5819627777777
 20
491.1385275
 30
0.0
 10
280.34361
 20
491.1385275
 30
0.0
 10
281.5606933333333
 20
491.1385275
 30
0.0
 10
282.4179433333333
 20
490.2601108333333
 30
0.0
 10
282.4179433333333
 20
488.9160275
 30
0.0
 10
282.4179433333333
 20
487.6566108333333
 30
0.0
 10
281.5606933333333
 20
486.4924441666666
 30
0.0
 10
280.1319433333334
 20
486.4924441666666
 30
0.0
 10
278.6612127777777
 20
486.4924441666666
 30
0.0
 10
277.6981294444445
 20
487.6354441666666
 30
0.0
 10
277.6981294444445
 20
489.4240274999999
 30
0.0
 10
277.6981294444445
 20
490.7786941666666
 30
0.0
 10
278.1849627777778
 20
491.8476108333333
 30
0.0
 10
278.8622961111111
 20
492.5249441666667
 30
0.0
 10
279.4337961111111
 20
493.0858608333333
 30
0.0
 10
280.1954433333333
 20
493.4351108333333
 30
0.0
 10
281.0632766666667
 20
493.5409441666666
 30
0.0
 10
281.3384433333333
 20
493.5829247222221
 30
0.0
 10
281.5716294444444
 20
493.5938608333333
 30
0.0
 10
281.74061
 20
493.5938608333333
 30
0.0
 10
281.74061
 20
493.3398608333334
 30
0.0
 10
281.74061
 20
493.0858608333333
 30
0.0
 10
281.74061
 20
492.8318608333333
 30
0.0
  0
SPLINE
  5
14F
330
1F
100
AcDbEntity
  8
DEFAULT
 62
   177
100
AcDbSpline
210
0.0
220
0.0
230
1.0
 70
    11
 71
     3
 72
    20
 73
    16
 74
     0
 42
0.000000001
 43
0.0000000001
 40
1.0
 40
1.0
 40
1.0
 40
1.0
 40
2.0
 40
2.0
 40
2.0
 40
3.0
 40
3.0
 40
3.0
 40
4.0
 40
4.0
 40
4.0
 40
5.0
 40
5.0
 40
5.0
 40
6.0
 40
6.0
 40
6.0
 40
6.0
 10
281.4760266666667
 20
488.8631108333333
 30
0.0
 10
281.4760266666667
 20
489.8473608333333
 30
0.0
 10
280.91511
 20
490.4400275
 30
0.0
 10
280.05786
 20
490.4400275
 30
0.0
 10
279.4972961111111
 20
490.4400275
 30
0.0
 10
278.9787127777778
 20
490.0907774999999
 30
0.0
 10
278.72436
 20
489.5933608333332
 30
0.0
 10
278.6612127777777
 20
489.4875274999999
 30
0.0
 10
278.6185266666666
 20
489.3499441666667
 30
0.0
 10
278.6185266666666
 20
489.1806108333333
 30
0.0
 10
278.6400461111111
 20
488.0481941666666
 30
0.0
 10
279.1586294444444
 20
487.2121108333333
 30
0.0
 10
280.1319433333334
 20
487.2121108333333
 30
0.0
 10
280.9366294444444
 20
487.2121108333333
 30
0.0
 10
281.4760266666667
 20
487.8788608333333
 30
0.0
 10
281.4760266666667
 20
488.8631108333333
 30
0.0
  0
SPLINE
  5
150
330
1F
100
AcDbEntity
  8
DEFAULT
 62
   177
100
AcDbSpline
210
0.0
220
0.0
230
1.0
 70
    11
 71
     3
 72
    59
 73
    55
 74
     0
 42
0.000000001
 43
0.0000000001
 40
0.0
 40
0.0
 40
0.0
 40
0.0
 40
3.743682812418696
 40
3.743682812418696
 40
3.743682812418696
 40
4.743682812418696
 40
4.743682812418696
 40
4.743682812418696
 40
4.833682812418727
 40
4.833682812418727
 40
4.833682812418727
 40
5.833682812418727
 40
5.833682812418727
 40
5.833682812418727
 40
9.536344017552112
 40
9.536344017552112
 40
9.536344017552112
 40
12.38634401755202
 40
12.38634401755202
 40
12.38634401755202
 40
20.97546510180734
 40
20.97546510180734
 40
20.97546510180734
 40
30.04463270418412
 40
30.04463270418412
 40
30.04463270418412
 40
33.04463270418412
 40
33.04463270418412
 40
33.04463270418412
 40
36.9480082946186
 40
36.9480082946186
 40
36.9480082946186
 40
37.9480082946186
 40
37.9480082946186
 40
37.9480082946186
 40
38.00900829461852
 40
38.00900829461852
 40
38.00900829461852
 40
39.00900829461852
 40
39.00900829461852
 40
39.00900829461852
 40
42.89663507711703
 40
42.89663507711703
 40
42.89663507711703
 40
45.80563507711702
 40
45.80563507711702
 40
45.80563507711702
 40
54.83466498071137
 40
54.83466498071137
 40
54.83466498071137
 40
63.48039577689046
 40
63.48039577689046
 40
63.48039577689046
 40
66.42039577689052
 40
66.42039577689052
 40
66.42039577689052
 40
66.42039577689052
 10
273.6446069444445
 20
491.7311236111111
 30
0.0
 10
273.8879060185185
 20
491.3642347222222
 30
0.0
 10
274.1312050925926
 20
490.9973458333333
 30
0.0
 10
274.3745041666667
 20
490.6304569444444
 30
0.0
 10
274.5650041666667
 20
490.3447069444443
 30
0.0
 10
274.7241069444444
 20
490.080123611111
 30
0.0
 10
274.8934402777778
 20
489.794373611111
 30
0.0
 10
274.9040236111111
 20
489.794373611111
 30
0.0
 10
274.9146069444444
 20
489.794373611111
 30
0.0
 10
274.9251902777777
 20
489.794373611111
 30
0.0
 10
275.0941708333334
 20
490.1012902777778
 30
0.0
 10
275.2638569444445
 20
490.3658736111111
 30
0.0
 10
275.4328375
 20
490.6410402777777
 30
0.0
 10
275.6727263888889
 20
491.0044013888889
 30
0.0
 10
275.9126152777778
 20
491.3677625
 30
0.0
 10
276.1525041666667
 20
491.7311236111111
 30
0.0
 10
276.4876430555556
 20
491.7311236111111
 30
0.0
 10
276.8227819444444
 20
491.7311236111111
 30
0.0
 10
277.1579208333333
 20
491.7311236111111
 30
0.0
 10
276.5759550925926
 20
490.905623611111
 30
0.0
 10
275.9939893518519
 20
490.080123611111
 30
0.0
 10
275.4120236111111
 20
489.254623611111
 30
0.0
 10
276.0116282407408
 20
488.3726791666666
 30
0.0
 10
276.6112328703704
 20
487.4907347222222
 30
0.0
 10
277.2108375
 20
486.6087902777777
 30
0.0
 10
276.8580597222222
 20
486.6087902777777
 30
0.0
 10
276.5052819444444
 20
486.6087902777777
 30
0.0
 10
276.1525041666667
 20
486.6087902777777
 30
0.0
 10
275.9020319444444
 20
486.9934356481481
 30
0.0
 10
275.6515597222223
 20
487.3780810185185
 30
0.0
 10
275.4010875
 20
487.7627263888888
 30
0.0
 10
275.2000041666666
 20
488.0587069444443
 30
0.0
 10
275.0310236111111
 20
488.3444569444444
 30
0.0
 10
274.8511069444444
 20
488.651373611111
 30
0.0
 10
274.8439337962963
 20
488.651373611111
 30
0.0
 10
274.8367606481482
 20
488.651373611111
 30
0.0
 10
274.8295875
 20
488.651373611111
 30
0.0
 10
274.6606069444445
 20
488.3444569444444
 30
0.0
 10
274.4803375
 20
488.0692902777777
 30
0.0
 10
274.2901902777778
 20
487.7627263888888
 30
0.0
 10
274.0431282407408
 20
487.3780810185185
 30
0.0
 10
273.7960662037037
 20
486.9934356481481
 30
0.0
 10
273.5490041666667
 20
486.6087902777777
 30
0.0
 10
273.2069273148148
 20
486.6087902777777
 30
0.0
 10
272.864850462963
 20
486.6087902777777
 30
0.0
 10
272.5227736111111
 20
486.6087902777777
 30
0.0
 10
273.1294337962963
 20
487.4801513888888
 30
0.0
 10
273.7360939814815
 20
488.3515125
 30
0.0
 10
274.3427541666667
 20
489.2228736111111
 30
0.0
 10
273.7643162037037
 20
490.0589569444444
 30
0.0
 10
273.1858782407407
 20
490.8950402777778
 30
0.0
 10
272.6074402777778
 20
491.7311236111111
 30
0.0
 10
272.9531625
 20
491.7311236111111
 30
0.0
 10
273.2988847222222
 20
491.7311236111111
 30
0.0
 10
273.6446069444445
 20
491.7311236111111
 30
0.0
  0
POLYLINE
  5
151
330
1F
100
AcDbEntity
  8
DEFAULT
 62
   177
100
AcDb2dPolyline
 66
     1
 10
0.0
 20
0.0
 30
0.0
 70
     1
  0
VERTEX
  5
152
330
151
100
AcDbEntity
  8
DEFAULT
 62
   177
100
AcDbVertex
100
AcDb2dVertex
 10
92.18901777777776
 20
392.0116408333333
 30
0.0
  0
VERTEX
  5
153
330
151
100
AcDbEntity
  8
DEFAULT
 62
   177
100
AcDbVertex
100
AcDb2dVertex
 10
92.16785111111109
 20
392.0116408333333
 30
0.0
  0
VERTEX
  5
154
330
151
100
AcDbEntity
  8
DEFAULT
 62
   177
100
AcDbVertex
100
AcDb2dVertex
 10
90.97193444444443
 20
391.3664102777777
 30
0.0
  0
VERTEX
  5
155
330
151
100
AcDbEntity
  8
DEFAULT
 62
   177
100
AcDbVertex
100
AcDb2dVertex
 10
90.79201777777777
 20
392.0751408333333
 30
0.0
  0
VERTEX
  5
156
330
151
100
AcDbEntity
  8
DEFAULT
 62
   177
100
AcDbVertex
100
AcDb2dVertex
 10
92.2948511111111
 20
392.8794741666666
 30
0.0
  0
VERTEX
  5
157
330
151
100
AcDbEntity
  8
DEFAULT
 62
   177
100
AcDbVertex
100
AcDb2dVertex
 10
93.0886011111111
 20
392.8794741666666
 30
0.0
  0
VERTEX
  5
158
330
151
100
AcDbEntity
  8
DEFAULT
 62
   177
100
AcDbVertex
100
AcDb2dVertex
 10
93.0886011111111
 20
386.0006602777777
 30
0.0
  0
VERTEX
  5
159
330
151
100
AcDbEntity
  8
DEFAULT
 62
   177
100
AcDbVertex
100
AcDb2dVertex
 10
92.18901777777776
 20
386.0006602777777
 30
0.0
  0
SEQEND
  5
15A
330
151
100
AcDbEntity
  8
DEFAULT
 62
   177
  0
SPLINE
  5
15B
330
1F
100
AcDbEntity
  8
DEFAULT
 62
   177
100
AcDbSpline
210
0.0
220
0.0
230
1.0
 70
    11
 71
     3
 72
    59
 73
    55
 74
     0
 42
0.000000001
 43
0.0000000001
 40
0.0
 40
0.0
 40
0.0
 40
0.0
 40
3.744235569512027
 40
3.744235569512027
 40
3.744235569512027
 40
4.744235569512027
 40
4.744235569512027
 40
4.744235569512027
 40
4.83423556951203
 40
4.83423556951203
 40
4.83423556951203
 40
5.83423556951203
 40
5.83423556951203
 40
5.83423556951203
 40
9.536896774645383
 40
9.536896774645383
 40
9.536896774645383
 40
12.38689677464538
 40
12.38689677464538
 40
12.38689677464538
 40
20.97659409178059
 40
20.97659409178059
 40
20.97659409178059
 40
30.04576169415735
 40
30.04576169415735
 40
30.04576169415735
 40
33.04476169415734
 40
33.04476169415734
 40
33.04476169415734
 40
36.94729933010655
 40
36.94729933010655
 40
36.94729933010655
 40
37.94729933010655
 40
37.94729933010655
 40
37.94729933010655
 40
38.00729933010652
 40
38.00729933010652
 40
38.00729933010652
 40
39.00729933010652
 40
39.00729933010652
 40
39.00729933010652
 40
42.89354430437152
 40
42.89354430437152
 40
42.89354430437152
 40
45.80354430437151
 40
45.80354430437151
 40
45.80354430437151
 40
54.83314562447426
 40
54.83314562447426
 40
54.83314562447426
 40
63.47944541108809
 40
63.47944541108809
 40
63.47944541108809
 40
66.41944541108809
 40
66.41944541108809
 40
66.41944541108809
 40
66.41944541108809
 10
85.99783833333336
 20
391.1228172222223
 30
0.0
 10
86.24125500000002
 20
390.7559283333334
 30
0.0
 10
86.48467166666667
 20
390.3890394444446
 30
0.0
 10
86.72808833333333
 20
390.0221505555556
 30
0.0
 10
86.91858833333333
 20
389.7364005555555
 30
0.0
 10
87.07733833333333
 20
389.4718172222222
 30
0.0
 10
87.24667166666666
 20
389.1860672222222
 30
0.0
 10
87.25725499999999
 20
389.1860672222222
 30
0.0
 10
87.26783833333332
 20
389.1860672222222
 30
0.0
 10
87.27842166666666
 20
389.1860672222222
 30
0.0
 10
87.447755
 20
389.4929838888889
 30
0.0
 10
87.61708833333333
 20
389.7575672222222
 30
0.0
 10
87.78642166666666
 20
390.0327338888889
 30
0.0
 10
88.02631055555555
 20
390.396095
 30
0.0
 10
88.26619944444444
 20
390.7594561111111
 30
0.0
 10
88.50608833333334
 20
391.1228172222222
 30
0.0
 10
88.84122722222223
 20
391.1228172222222
 30
0.0
 10
89.17636611111112
 20
391.1228172222222
 30
0.0
 10
89.511505
 20
391.1228172222222
 30
0.0
 10
88.92942166666667
 20
390.2973172222221
 30
0.0
 10
88.34733833333333
 20
389.4718172222222
 30
0.0
 10
87.765255
 20
388.6463172222222
 30
0.0
 10
88.36485962962963
 20
387.7643727777777
 30
0.0
 10
88.96446425925926
 20
386.8824283333333
 30
0.0
 10
89.56406888888888
 20
386.0004838888889
 30
0.0
 10
89.2114087037037
 20
386.0004838888888
 30
0.0
 10
88.85874851851854
 20
386.0004838888888
 30
0.0
 10
88.50608833333334
 20
386.0004838888889
 30
0.0
 10
88.25561611111111
 20
386.3850116666666
 30
0.0
 10
88.00514388888888
 20
386.7695394444443
 30
0.0
 10
87.75467166666665
 20
387.1540672222222
 30
0.0
 10
87.55358833333332
 20
387.4504005555555
 30
0.0
 10
87.384255
 20
387.7361505555556
 30
0.0
 10
87.20433833333333
 20
388.0430672222222
 30
0.0
 10
87.19728277777777
 20
388.0430672222222
 30
0.0
 10
87.19022722222222
 20
388.0430672222222
 30
0.0
 10
87.18317166666667
 20
388.0430672222222
 30
0.0
 10
87.01383833333333
 20
387.7361505555556
 30
0.0
 10
86.83392166666667
 20
387.4609838888888
 30
0.0
 10
86.64342166666667
 20
387.1540672222222
 30
0.0
 10
86.39647722222223
 20
386.7695394444444
 30
0.0
 10
86.14953277777778
 20
386.3850116666666
 30
0.0
 10
85.90258833333333
 20
386.0004838888889
 30
0.0
 10
85.56039388888888
 20
386.0004838888888
 30
0.0
 10
85.21819944444444
 20
386.0004838888888
 30
0.0
 10
84.87600499999999
 20
386.0004838888889
 30
0.0
 10
85.48278277777779
 20
386.871845
 30
0.0
 10
86.08956055555556
 20
387.7432061111111
 30
0.0
 10
86.69633833333333
 20
388.6145672222223
 30
0.0
 10
86.11778277777778
 20
389.4506505555555
 30
0.0
 10
85.53922722222222
 20
390.2867338888888
 30
0.0
 10
84.96067166666667
 20
391.1228172222222
 30
0.0
 10
85.3063938888889
 20
391.1228172222222
 30
0.0
 10
85.65211611111113
 20
391.1228172222222
 30
0.0
 10
85.99783833333336
 20
391.1228172222223
 30
0.0
  0
POLYLINE
  5
15C
330
1F
100
AcDbEntity
  8
DEFAULT
 62
   177
100
AcDb2dPolyline
 66
     1
 10
0.0
 20
0.0
 30
0.0
 70
     1
  0
VERTEX
  5
15D
330
15C
100
AcDbEntity
  8
DEFAULT
 62
   177
100
AcDbVertex
100
AcDb2dVertex
 10
194.9319472222222
 20
392.0116408333333
 30
0.0
  0
VERTEX
  5
15E
330
15C
100
AcDbEntity
  8
DEFAULT
 62
   177
100
AcDbVertex
100
AcDb2dVertex
 10
194.9107805555556
 20
392.0116408333333
 30
0.0
  0
VERTEX
  5
15F
330
15C
100
AcDbEntity
  8
DEFAULT
 62
   177
100
AcDbVertex
100
AcDb2dVertex
 10
193.7148638888889
 20
391.3664102777777
 30
0.0
  0
VERTEX
  5
160
330
15C
100
AcDbEntity
  8
DEFAULT
 62
   177
100
AcDbVertex
100
AcDb2dVertex
 10
193.5349472222222
 20
392.0751408333333
 30
0.0
  0
VERTEX
  5
161
330
15C
100
AcDbEntity
  8
DEFAULT
 62
   177
100
AcDbVertex
100
AcDb2dVertex
 10
195.0377805555555
 20
392.8794741666666
 30
0.0
  0
VERTEX
  5
162
330
15C
100
AcDbEntity
  8
DEFAULT
 62
   177
100
AcDbVertex
100
AcDb2dVertex
 10
195.8315305555555
 20
392.8794741666666
 30
0.0
  0
VERTEX
  5
163
330
15C
100
AcDbEntity
  8
DEFAULT
 62
   177
100
AcDbVertex
100
AcDb2dVertex
 10
195.8315305555555
 20
386.0006602777777
 30
0.0
  0
VERTEX
  5
164
330
15C
100
AcDbEntity
  8
DEFAULT
 62
   177
100
AcDbVertex
100
AcDb2dVertex
 10
194.9319472222222
 20
386.0006602777777
 30
0.0
  0
SEQEND
  5
165
330
15C
100
AcDbEntity
  8
DEFAULT
 62
   177
  0
SPLINE
  5
166
330
1F
100
AcDbEntity
  8
DEFAULT
 62
   177
100
AcDbSpline
210
0.0
220
0.0
230
1.0
 70
    11
 71
     3
 72
    59
 73
    55
 74
     0
 42
0.000000001
 43
0.0000000001
 40
0.0
 40
0.0
 40
0.0
 40
0.0
 40
3.744235569512532
 40
3.744235569512532
 40
3.744235569512532
 40
4.744235569512532
 40
4.744235569512532
 40
4.744235569512532
 40
4.834235569512564
 40
4.834235569512564
 40
4.834235569512564
 40
5.834235569512564
 40
5.834235569512564
 40
5.834235569512564
 40
9.536896774645886
 40
9.536896774645886
 40
9.536896774645886
 40
12.38589677464582
 40
12.38589677464582
 40
12.38589677464582
 40
20.97501785890114
 40
20.97501785890114
 40
20.97501785890114
 40
30.04418546127791
 40
30.04418546127791
 40
30.04418546127791
 40
33.04318546127794
 40
33.04318546127794
 40
33.04318546127794
 40
36.9462689858774
 40
36.9462689858774
 40
36.9462689858774
 40
37.9462689858774
 40
37.9462689858774
 40
37.9462689858774
 40
38.00626898587734
 40
38.00626898587734
 40
38.00626898587734
 40
39.00626898587734
 40
39.00626898587734
 40
39.00626898587734
 40
42.89251396014234
 40
42.89251396014234
 40
42.89251396014234
 40
45.80251396014231
 40
45.80251396014231
 40
45.80251396014231
 40
54.83211528024503
 40
54.83211528024503
 40
54.83211528024503
 40
63.47841506685891
 40
63.47841506685891
 40
63.47841506685891
 40
66.41841506685897
 40
66.41841506685897
 40
66.41841506685897
 40
66.41841506685897
 10
188.7407677777778
 20
391.1228172222223
 30
0.0
 10
188.9841844444444
 20
390.7559283333333
 30
0.0
 10
189.2276011111111
 20
390.3890394444444
 30
0.0
 10
189.4710177777778
 20
390.0221505555555
 30
0.0
 10
189.6615177777778
 20
389.7364005555555
 30
0.0
 10
189.8202677777777
 20
389.4718172222222
 30
0.0
 10
189.9896011111111
 20
389.1860672222222
 30
0.0
 10
190.0001844444444
 20
389.1860672222222
 30
0.0
 10
190.0107677777777
 20
389.1860672222222
 30
0.0
 10
190.0213511111111
 20
389.1860672222222
 30
0.0
 10
190.1906844444444
 20
389.4929838888889
 30
0.0
 10
190.3600177777778
 20
389.7575672222222
 30
0.0
 10
190.5293511111111
 20
390.0327338888889
 30
0.0
 10
190.76924
 20
390.396095
 30
0.0
 10
191.0091288888889
 20
390.7594561111111
 30
0.0
 10
191.2490177777778
 20
391.1228172222222
 30
0.0
 10
191.5840390740741
 20
391.1228172222222
 30
0.0
 10
191.9190603703703
 20
391.1228172222222
 30
0.0
 10
192.2540816666666
 20
391.1228172222222
 30
0.0
 10
191.6721159259259
 20
390.2973172222221
 30
0.0
 10
191.0901501851852
 20
389.4718172222222
 30
0.0
 10
190.5081844444444
 20
388.6463172222222
 30
0.0
 10
191.107789074074
 20
387.7643727777777
 30
0.0
 10
191.7073937037037
 20
386.8824283333333
 30
0.0
 10
192.3069983333333
 20
386.0004838888889
 30
0.0
 10
191.9543381481481
 20
386.0004838888888
 30
0.0
 10
191.601677962963
 20
386.0004838888888
 30
0.0
 10
191.2490177777778
 20
386.0004838888889
 30
0.0
 10
190.9984279629629
 20
386.3850116666666
 30
0.0
 10
190.7478381481481
 20
386.7695394444443
 30
0.0
 10
190.4972483333333
 20
387.1540672222222
 30
0.0
 10
190.2965177777778
 20
387.4504005555555
 30
0.0
 10
190.1271844444444
 20
387.7361505555556
 30
0.0
 10
189.9472677777777
 20
388.0430672222222
 30
0.0
 10
189.9402122222222
 20
388.0430672222222
 30
0.0
 10
189.9331566666666
 20
388.0430672222222
 30
0.0
 10
189.9261011111111
 20
388.0430672222222
 30
0.0
 10
189.7567677777778
 20
387.7361505555556
 30
0.0
 10
189.5768511111111
 20
387.4609838888888
 30
0.0
 10
189.3863511111111
 20
387.1540672222222
 30
0.0
 10
189.1394066666667
 20
386.7695394444444
 30
0.0
 10
188.8924622222222
 20
386.3850116666666
 30
0.0
 10
188.6455177777778
 20
386.0004838888889
 30
0.0
 10
188.3033233333333
 20
386.0004838888888
 30
0.0
 10
187.9611288888889
 20
386.0004838888888
 30
0.0
 10
187.6189344444444
 20
386.0004838888889
 30
0.0
 10
188.2257122222222
 20
386.871845
 30
0.0
 10
188.83249
 20
387.7432061111111
 30
0.0
 10
189.4392677777778
 20
388.6145672222223
 30
0.0
 10
188.8607122222222
 20
389.4506505555555
 30
0.0
 10
188.2821566666666
 20
390.2867338888888
 30
0.0
 10
187.7036011111111
 20
391.1228172222222
 30
0.0
 10
188.0493233333333
 20
391.1228172222222
 30
0.0
 10
188.3950455555555
 20
391.1228172222222
 30
0.0
 10
188.7407677777778
 20
391.1228172222223
 30
0.0
  0
SPLINE
  5
167
330
1F
100
AcDbEntity
  8
DEFAULT
 62
   177
100
AcDbSpline
210
0.0
220
0.0
230
1.0
 70
    11
 71
     3
 72
    38
 73
    34
 74
     0
 42
0.000000001
 43
0.0000000001
 40
2.160000000000082
 40
2.160000000000082
 40
2.160000000000082
 40
2.160000000000082
 40
3.160000000000082
 40
3.160000000000082
 40
3.160000000000082
 40
4.160000000000082
 40
4.160000000000082
 40
4.160000000000082
 40
4.25100000000009
 40
4.25100000000009
 40
4.25100000000009
 40
5.25100000000009
 40
5.25100000000009
 40
5.25100000000009
 40
6.25100000000009
 40
6.25100000000009
 40
6.25100000000009
 40
7.25100000000009
 40
7.25100000000009
 40
7.25100000000009
 40
8.25100000000009
 40
8.25100000000009
 40
8.25100000000009
 40
9.25100000000009
 40
9.25100000000009
 40
9.25100000000009
 40
10.25100000000009
 40
10.25100000000009
 40
10.25100000000009
 40
11.25100000000009
 40
11.25100000000009
 40
11.25100000000009
 40
13.41100000000017
 40
13.41100000000017
 40
13.41100000000017
 40
13.41100000000017
 10
196.8369119444444
 20
451.1013894444444
 30
0.0
 10
196.6464119444444
 20
451.1119727777777
 30
0.0
 10
196.4029952777778
 20
451.1013894444444
 30
0.0
 10
196.1384119444444
 20
451.0590561111111
 30
0.0
 10
194.6779119444444
 20
450.8152866666667
 30
0.0
 10
193.9053286111111
 20
449.7467227777778
 30
0.0
 10
193.7465786111111
 20
448.6143061111111
 30
0.0
 10
193.757279537037
 20
448.6143061111111
 30
0.0
 10
193.767980462963
 20
448.6143061111111
 30
0.0
 10
193.7786813888889
 20
448.6143061111111
 30
0.0
 10
194.1064119444444
 20
449.0482227777778
 30
0.0
 10
194.6779119444444
 20
449.4080561111111
 30
0.0
 10
195.4399119444444
 20
449.4080561111111
 30
0.0
 10
196.6569952777778
 20
449.4080561111111
 30
0.0
 10
197.5142452777777
 20
448.5296394444445
 30
0.0
 10
197.5142452777777
 20
447.1855561111111
 30
0.0
 10
197.5142452777777
 20
445.9261394444444
 30
0.0
 10
196.6569952777778
 20
444.7619727777778
 30
0.0
 10
195.2282452777778
 20
444.7619727777778
 30
0.0
 10
193.7575147222222
 20
444.7619727777778
 30
0.0
 10
192.7940786111111
 20
445.9049727777777
 30
0.0
 10
192.7940786111111
 20
447.6935561111111
 30
0.0
 10
192.7940786111111
 20
449.0482227777778
 30
0.0
 10
193.2809119444444
 20
450.1171394444444
 30
0.0
 10
193.9582452777778
 20
450.7944727777778
 30
0.0
 10
194.5297452777778
 20
451.3553894444444
 30
0.0
 10
195.2917452777777
 20
451.7046394444445
 30
0.0
 10
196.1595786111111
 20
451.8104727777778
 30
0.0
 10
196.4347452777778
 20
451.8524533333333
 30
0.0
 10
196.6675786111111
 20
451.8633894444445
 30
0.0
 10
196.8369119444444
 20
451.8633894444445
 30
0.0
 10
196.8369119444444
 20
451.6093894444445
 30
0.0
 10
196.8369119444444
 20
451.3553894444444
 30
0.0
 10
196.8369119444444
 20
451.1013894444444
 30
0.0
  0
SPLINE
  5
168
330
1F
100
AcDbEntity
  8
DEFAULT
 62
   177
100
AcDbSpline
210
0.0
220
0.0
230
1.0
 70
    11
 71
     3
 72
    20
 73
    16
 74
     0
 42
0.000000001
 43
0.0000000001
 40
1.0
 40
1.0
 40
1.0
 40
1.0
 40
2.0
 40
2.0
 40
2.0
 40
3.0
 40
3.0
 40
3.0
 40
4.0
 40
4.0
 40
4.0
 40
5.0
 40
5.0
 40
5.0
 40
6.0
 40
6.0
 40
6.0
 40
6.0
 10
196.5723286111111
 20
447.1326394444444
 30
0.0
 10
196.5723286111111
 20
448.1168894444444
 30
0.0
 10
196.0114119444444
 20
448.7095561111111
 30
0.0
 10
195.1541619444444
 20
448.7095561111111
 30
0.0
 10
194.5932452777778
 20
448.7095561111111
 30
0.0
 10
194.0746619444444
 20
448.3603061111111
 30
0.0
 10
193.8206619444445
 20
447.8628894444444
 30
0.0
 10
193.7575147222222
 20
447.7570561111111
 30
0.0
 10
193.7148286111111
 20
447.6194727777778
 30
0.0
 10
193.7148286111111
 20
447.4501394444445
 30
0.0
 10
193.7359952777778
 20
446.3177227777778
 30
0.0
 10
194.2545786111111
 20
445.4816394444444
 30
0.0
 10
195.2282452777778
 20
445.4816394444444
 30
0.0
 10
196.0325786111111
 20
445.4816394444444
 30
0.0
 10
196.5723286111111
 20
446.1483894444444
 30
0.0
 10
196.5723286111111
 20
447.1326394444444
 30
0.0
  0
SPLINE
  5
169
330
1F
100
AcDbEntity
  8
DEFAULT
 62
   177
100
AcDbSpline
210
0.0
220
0.0
230
1.0
 70
    11
 71
     3
 72
    59
 73
    55
 74
     0
 42
0.000000001
 43
0.0000000001
 40
0.0
 40
0.0
 40
0.0
 40
0.0
 40
3.744235569512532
 40
3.744235569512532
 40
3.744235569512532
 40
4.744235569512532
 40
4.744235569512532
 40
4.744235569512532
 40
4.834235569512564
 40
4.834235569512564
 40
4.834235569512564
 40
5.834235569512564
 40
5.834235569512564
 40
5.834235569512564
 40
9.536896774645886
 40
9.536896774645886
 40
9.536896774645886
 40
12.38589677464582
 40
12.38589677464582
 40
12.38589677464582
 40
20.97501785890114
 40
20.97501785890114
 40
20.97501785890114
 40
30.04418546127791
 40
30.04418546127791
 40
30.04418546127791
 40
33.04318546127794
 40
33.04318546127794
 40
33.04318546127794
 40
36.9462689858774
 40
36.9462689858774
 40
36.9462689858774
 40
37.9462689858774
 40
37.9462689858774
 40
37.9462689858774
 40
38.00626898587734
 40
38.00626898587734
 40
38.00626898587734
 40
39.00626898587734
 40
39.00626898587734
 40
39.00626898587734
 40
42.89251396014234
 40
42.89251396014234
 40
42.89251396014234
 40
45.80251396014231
 40
45.80251396014231
 40
45.80251396014231
 40
54.83211528024503
 40
54.83211528024503
 40
54.83211528024503
 40
63.47841506685891
 40
63.47841506685891
 40
63.47841506685891
 40
66.41841506685897
 40
66.41841506685897
 40
66.41841506685897
 40
66.41841506685897
 10
188.7407677777778
 20
450.0007580555556
 30
0.0
 10
188.9841844444444
 20
449.6338691666667
 30
0.0
 10
189.2276011111111
 20
449.2669802777777
 30
0.0
 10
189.4710177777778
 20
448.9000913888888
 30
0.0
 10
189.6615177777778
 20
448.6143413888888
 30
0.0
 10
189.8202677777777
 20
448.3497580555555
 30
0.0
 10
189.9896011111111
 20
448.0640080555555
 30
0.0
 10
190.0001844444444
 20
448.0640080555555
 30
0.0
 10
190.0107677777777
 20
448.0640080555555
 30
0.0
 10
190.0213511111111
 20
448.0640080555555
 30
0.0
 10
190.1906844444444
 20
448.3709247222222
 30
0.0
 10
190.3600177777778
 20
448.6355080555555
 30
0.0
 10
190.5293511111111
 20
448.9106747222222
 30
0.0
 10
190.76924
 20
449.2740358333333
 30
0.0
 10
191.0091288888889
 20
449.6373969444444
 30
0.0
 10
191.2490177777778
 20
450.0007580555555
 30
0.0
 10
191.5840390740741
 20
450.0007580555555
 30
0.0
 10
191.9190603703703
 20
450.0007580555555
 30
0.0
 10
192.2540816666666
 20
450.0007580555555
 30
0.0
 10
191.6721159259259
 20
449.1752580555555
 30
0.0
 10
191.0901501851852
 20
448.3497580555555
 30
0.0
 10
190.5081844444444
 20
447.5242580555555
 30
0.0
 10
191.107789074074
 20
446.6423136111111
 30
0.0
 10
191.7073937037037
 20
445.7603691666666
 30
0.0
 10
192.3069983333333
 20
444.8784247222222
 30
0.0
 10
191.9543381481481
 20
444.8784247222222
 30
0.0
 10
191.601677962963
 20
444.8784247222222
 30
0.0
 10
191.2490177777778
 20
444.8784247222222
 30
0.0
 10
190.9984279629629
 20
445.2629525
 30
0.0
 10
190.7478381481481
 20
445.6474802777777
 30
0.0
 10
190.4972483333333
 20
446.0320080555555
 30
0.0
 10
190.2965177777778
 20
446.3283413888888
 30
0.0
 10
190.1271844444444
 20
446.6140913888889
 30
0.0
 10
189.9472677777777
 20
446.9210080555555
 30
0.0
 10
189.9402122222222
 20
446.9210080555555
 30
0.0
 10
189.9331566666666
 20
446.9210080555555
 30
0.0
 10
189.9261011111111
 20
446.9210080555555
 30
0.0
 10
189.7567677777778
 20
446.6140913888889
 30
0.0
 10
189.5768511111111
 20
446.3389247222221
 30
0.0
 10
189.3863511111111
 20
446.0320080555555
 30
0.0
 10
189.1394066666667
 20
445.6474802777777
 30
0.0
 10
188.8924622222222
 20
445.2629525
 30
0.0
 10
188.6455177777778
 20
444.8784247222222
 30
0.0
 10
188.3033233333333
 20
444.8784247222222
 30
0.0
 10
187.9611288888889
 20
444.8784247222222
 30
0.0
 10
187.6189344444444
 20
444.8784247222222
 30
0.0
 10
188.2257122222222
 20
445.7497858333333
 30
0.0
 10
188.83249
 20
446.6211469444444
 30
0.0
 10
189.4392677777778
 20
447.4925080555555
 30
0.0
 10
188.8607122222222
 20
448.3285913888888
 30
0.0
 10
188.2821566666666
 20
449.1646747222222
 30
0.0
 10
187.7036011111111
 20
450.0007580555555
 30
0.0
 10
188.0493233333333
 20
450.0007580555555
 30
0.0
 10
188.3950455555555
 20
450.0007580555555
 30
0.0
 10
188.7407677777778
 20
450.0007580555556
 30
0.0
  0
SPLINE
  5
16A
330
1F
100
AcDbEntity
  8
DEFAULT
 62
   240
100
AcDbSpline
210
0.0
220
0.0
230
1.0
 70
    11
 71
     3
 72
   239
 73
   235
 74
     0
 42
0.000000001
 43
0.0000000001
 40
1.0
 40
1.0
 40
1.0
 40
1.0
 40
2.0
 40
2.0
 40
2.0
 40
3.0
 40
3.0
 40
3.0
 40
4.0
 40
4.0
 40
4.0
 40
5.0
 40
5.0
 40
5.0
 40
6.0
 40
6.0
 40
6.0
 40
14.49631684908222
 40
14.49631684908222
 40
14.49631684908222
 40
15.49631684908222
 40
15.49631684908222
 40
15.49631684908222
 40
16.49631684908222
 40
16.49631684908222
 40
16.49631684908222
 40
17.49631684908222
 40
17.49631684908222
 40
17.49631684908222
 40
18.49631684908222
 40
18.49631684908222
 40
18.49631684908222
 40
19.49631684908222
 40
19.49631684908222
 40
19.49631684908222
 40
20.49631684908222
 40
20.49631684908222
 40
20.49631684908222
 40
21.49631684908222
 40
21.49631684908222
 40
21.49631684908222
 40
22.49631684908222
 40
22.49631684908222
 40
22.49631684908222
 40
30.98716486326801
 40
30.98716486326801
 40
30.98716486326801
 40
31.98716486326801
 40
31.98716486326801
 40
31.98716486326801
 40
32.98716486326801
 40
32.98716486326801
 40
32.98716486326801
 40
33.98716486326801
 40
33.98716486326801
 40
33.98716486326801
 40
34.98716486326801
 40
34.98716486326801
 40
34.98716486326801
 40
35.98716486326801
 40
35.98716486326801
 40
35.98716486326801
 40
36.98716486326801
 40
36.98716486326801
 40
36.98716486326801
 40
37.98716486326801
 40
37.98716486326801
 40
37.98716486326801
 40
38.98716486326801
 40
38.98716486326801
 40
38.98716486326801
 40
47.479231749486
 40
47.479231749486
 40
47.479231749486
 40
48.479231749486
 40
48.479231749486
 40
48.479231749486
 40
49.479231749486
 40
49.479231749486
 40
49.479231749486
 40
50.479231749486
 40
50.479231749486
 40
50.479231749486
 40
51.479231749486
 40
51.479231749486
 40
51.479231749486
 40
52.479231749486
 40
52.479231749486
 40
52.479231749486
 40
53.479231749486
 40
53.479231749486
 40
53.479231749486
 40
54.479231749486
 40
54.479231749486
 40
54.479231749486
 40
59.68824134824845
 40
59.68824134824845
 40
59.68824134824845
 40
60.68824134824845
 40
60.68824134824845
 40
60.68824134824845
 40
61.68824134824845
 40
61.68824134824845
 40
61.68824134824845
 40
75.84824134824831
 40
75.84824134824831
 40
75.84824134824831
 40
84.34824134824831
 40
84.34824134824831
 40
84.34824134824831
 40
98.5282448743408
 40
98.5282448743408
 40
98.5282448743408
 40
99.5282448743408
 40
99.5282448743408
 40
99.5282448743408
 40
100.5282448743408
 40
100.5282448743408
 40
100.5282448743408
 40
105.0982448743408
 40
105.0982448743408
 40
105.0982448743408
 40
106.0982448743408
 40
106.0982448743408
 40
106.0982448743408
 40
107.0982448743408
 40
107.0982448743408
 40
107.0982448743408
 40
108.0982448743408
 40
108.0982448743408
 40
108.0982448743408
 40
109.0982448743408
 40
109.0982448743408
 40
109.0982448743408
 40
110.0982448743408
 40
110.0982448743408
 40
110.0982448743408
 40
111.0982448743408
 40
111.0982448743408
 40
111.0982448743408
 40
112.0982448743408
 40
112.0982448743408
 40
112.0982448743408
 40
176.0582448743407
 40
176.0582448743407
 40
176.0582448743407
 40
177.0582448743407
 40
177.0582448743407
 40
177.0582448743407
 40
185.2893967378407
 40
185.2893967378407
 40
185.2893967378407
 40
186.2893967378407
 40
186.2893967378407
 40
186.2893967378407
 40
187.2893967378407
 40
187.2893967378407
 40
187.2893967378407
 40
201.4593967378408
 40
201.4593967378408
 40
201.4593967378408
 40
209.9593967378408
 40
209.9593967378408
 40
209.9593967378408
 40
224.1494010014061
 40
224.1494010014061
 40
224.1494010014061
 40
225.1494010014061
 40
225.1494010014061
 40
225.1494010014061
 40
226.1494010014061
 40
226.1494010014061
 40
226.1494010014061
 40
227.1494010014061
 40
227.1494010014061
 40
227.1494010014061
 40
228.1494010014061
 40
228.1494010014061
 40
228.1494010014061
 40
229.1494010014061
 40
229.1494010014061
 40
229.1494010014061
 40
230.1494010014061
 40
230.1494010014061
 40
230.1494010014061
 40
238.6478938677913
 40
238.6478938677913
 40
238.6478938677913
 40
239.6478938677913
 40
239.6478938677913
 40
239.6478938677913
 40
240.6478938677913
 40
240.6478938677913
 40
240.6478938677913
 40
241.6478938677913
 40
241.6478938677913
 40
241.6478938677913
 40
250.1363860778366
 40
250.1363860778366
 40
250.1363860778366
 40
251.1363860778366
 40
251.1363860778366
 40
251.1363860778366
 40
252.1363860778366
 40
252.1363860778366
 40
252.1363860778366
 40
253.1363860778366
 40
253.1363860778366
 40
253.1363860778366
 40
254.1363860778366
 40
254.1363860778366
 40
254.1363860778366
 40
255.1363860778366
 40
255.1363860778366
 40
255.1363860778366
 40
256.1363860778366
 40
256.1363860778366
 40
256.1363860778366
 40
257.1363860778366
 40
257.1363860778366
 40
257.1363860778366
 40
258.1363860778366
 40
258.1363860778366
 40
258.1363860778366
 40
266.6163035302652
 40
266.6163035302652
 40
266.6163035302652
 40
267.6163035302652
 40
267.6163035302652
 40
267.6163035302652
 40
268.6163035302652
 40
268.6163035302652
 40
268.6163035302652
 40
269.6163035302652
 40
269.6163035302652
 40
269.6163035302652
 40
269.6163035302652
 10
61.67038861111111
 20
525.2592999999999
 30
0.0
 10
62.71849138888889
 20
525.6332444444444
 30
0.0
 10
65.36855805555555
 20
524.5311666666665
 30
0.0
 10
65.76437472222221
 20
523.6082999999999
 30
0.0
 10
66.05929694444444
 20
522.9203833333332
 30
0.0
 10
66.80789138888888
 20
520.6626055555555
 30
0.0
 10
66.80789138888888
 20
520.6626055555555
 30
0.0
 10
89.9215386111111
 20
524.9453277777777
 30
0.0
 10
99.51709416666667
 20
525.4427444444444
 30
0.0
 10
100.5119275
 20
526.4375777777777
 30
0.0
 10
100.5119275
 20
526.5046055555555
 30
0.0
 10
101.5208719444445
 20
527.1360777777777
 30
0.0
 10
102.8755386111111
 20
527.3936055555555
 30
0.0
 10
104.2372608333333
 20
527.6440777777777
 30
0.0
 10
105.0098441666667
 20
527.7393277777777
 30
0.0
 10
105.3449830555555
 20
527.8028277777777
 30
0.0
 10
105.1603626851852
 20
528.7847259259257
 30
0.0
 10
104.9757423148148
 20
529.766624074074
 30
0.0
 10
104.7911219444444
 20
530.7485222222222
 30
0.0
 10
104.4595108333333
 20
530.68855
 30
0.0
 10
103.7045663888889
 20
530.4945222222221
 30
0.0
 10
102.3463719444444
 20
530.24405
 30
0.0
 10
100.9917052777778
 20
529.9935777777778
 30
0.0
 10
99.80637194444444
 20
530.2299388888888
 30
0.0
 10
99.79578861111112
 20
530.2793277777778
 30
0.0
 10
98.74451083333334
 20
531.2529944444444
 30
0.0
 10
98.15396083333334
 20
534.8273388888889
 30
0.0
 10
111.9242886111111
 20
534.9998472222222
 30
0.0
 10
113.1131497222222
 20
535.0150166666666
 30
0.0
 10
114.0670608333333
 20
532.2915722222222
 30
0.0
 10
113.9040775
 20
531.3411888888888
 30
0.0
 10
113.7777830555555
 20
530.6017666666667
 30
0.0
 10
113.4518163888889
 20
528.4942722222222
 30
0.0
 10
113.4518163888889
 20
528.4942722222222
 30
0.0
 10
132.7522886111111
 20
522.034911111111
 30
0.0
 10
144.7925941666666
 20
517.1595222222221
 30
0.0
 10
145.7239275
 20
517.1595222222221
 30
0.0
 10
145.7415663888889
 20
517.2159666666666
 30
0.0
 10
146.9410108333333
 20
517.29005
 30
0.0
 10
148.2533441666667
 20
516.8596611111111
 30
0.0
 10
149.5727330555555
 20
516.4257444444444
 30
0.0
 10
150.2923997222222
 20
516.1364666666666
 30
0.0
 10
150.6204830555555
 20
516.0306333333333
 30
0.0
 10
150.9309275
 20
516.9796055555555
 30
0.0
 10
151.2413719444444
 20
517.9285777777777
 30
0.0
 10
151.5518163888889
 20
518.8775499999999
 30
0.0
 10
151.2307886111111
 20
518.9869111111111
 30
0.0
 10
150.4758441666667
 20
519.1809388888888
 30
0.0
 10
149.1635108333333
 20
519.6148555555556
 30
0.0
 10
147.8652886111111
 20
520.0417166666666
 30
0.0
 10
146.9448913888889
 20
520.8072444444444
 30
0.0
 10
146.9448913888889
 20
520.8707444444444
 30
0.0
 10
146.4926302777778
 20
522.2324666666666
 30
0.0
 10
146.8880941666667
 20
525.7842333333333
 30
0.0
 10
158.6941552777778
 20
519.7185722222222
 30
0.0
 10
160.1303136111111
 20
518.7554888888889
 30
0.0
 10
160.3811386111111
 20
515.5727277777777
 30
0.0
 10
159.7584858333333
 20
514.7712166666666
 30
0.0
 10
159.2981108333333
 20
514.1789027777777
 30
0.0
 10
158.0535108333333
 20
512.7356888888888
 30
0.0
 10
158.0535108333333
 20
512.7356888888888
 30
0.0
 10
176.9976775
 20
492.0593833333333
 30
0.0
 10
179.8939830555555
 20
487.2122166666666
 30
0.0
 10
180.8253163888889
 20
487.1910499999999
 30
0.0
 10
180.8676497222222
 20
487.2298555555555
 30
0.0
 10
181.9506775
 20
486.7112722222222
 30
0.0
 10
182.8887136111111
 20
485.6917444444443
 30
0.0
 10
183.8239275
 20
484.6722166666667
 30
0.0
 10
184.3142886111111
 20
484.0654388888888
 30
0.0
 10
184.5471219444445
 20
483.8149666666666
 30
0.0
 10
185.2808997222222
 20
484.4922999999999
 30
0.0
 10
186.0146775
 20
485.1696333333333
 30
0.0
 10
186.7484552777778
 20
485.8469666666666
 30
0.0
 10
186.5226775
 20
486.0974388888889
 30
0.0
 10
185.9582330555556
 20
486.6336611111111
 30
0.0
 10
185.0233719444444
 20
487.6531888888888
 30
0.0
 10
184.0955663888889
 20
488.6691888888888
 30
0.0
 10
183.6651775
 20
489.7980777777777
 30
0.0
 10
183.7039830555556
 20
489.8368833333333
 30
0.0
 10
183.7988802777778
 20
491.2656333333333
 30
0.0
 10
185.5384275
 20
493.2447166666666
 30
0.0
 10
193.6135108333333
 20
483.490411111111
 30
0.0
 10
193.8428163888888
 20
483.1623277777778
 30
0.0
 10
193.9345386111111
 20
482.7742722222221
 30
0.0
 10
193.7898997222222
 20
482.2874388888889
 30
0.0
 10
193.3171775
 20
480.6681888888888
 30
0.0
 10
191.4368719444444
 20
480.4036055555555
 30
0.0
 10
190.4734358333333
 20
477.6342999999999
 30
0.0
 10
187.5912413888888
 20
469.3263833333333
 30
0.0
 10
182.6456497222222
 20
452.4353833333333
 30
0.0
 10
182.6456497222222
 20
452.4353833333333
 30
0.0
 10
182.5010108333333
 20
452.0473277777778
 30
0.0
 10
182.1270663888889
 20
451.7898
 30
0.0
 10
181.7104358333333
 20
451.7898
 30
0.0
 10
181.0978960185185
 20
451.7909759259259
 30
0.0
 10
180.4853562037037
 20
451.7921518518518
 30
0.0
 10
179.8728163888889
 20
451.7933277777777
 30
0.0
 10
179.8128441666667
 20
451.7933277777777
 30
0.0
 10
179.3683441666666
 20
452.9081055555556
 30
0.0
 10
179.3648163888889
 20
454.2909944444444
 30
0.0
 10
179.3648163888889
 20
455.677411111111
 30
0.0
 10
179.4142052777778
 20
456.4535222222222
 30
0.0
 10
179.4106775
 20
456.7957166666666
 30
0.0
 10
179.4106775
 20
458.4608277777778
 30
0.0
 10
179.4106775
 20
460.1259388888889
 30
0.0
 10
179.4106775
 20
461.7910499999999
 30
0.0
 10
178.4111404629629
 20
461.79105
 30
0.0
 10
177.4116034259259
 20
461.79105
 30
0.0
 10
176.4120663888889
 20
461.7910499999999
 30
0.0
 10
176.4132423148148
 20
460.1235870370369
 30
0.0
 10
176.4144182407407
 20
458.4561240740741
 30
0.0
 10
176.4155941666666
 20
456.7886611111111
 30
0.0
 10
176.4120663888889
 20
456.4499944444444
 30
0.0
 10
176.4649830555555
 20
455.6738833333333
 30
0.0
 10
176.4649830555555
 20
454.2909944444444
 30
0.0
 10
176.4649830555555
 20
452.9151611111111
 30
0.0
 10
176.0169552777778
 20
451.7898
 30
0.0
 10
175.9640386111111
 20
451.7898
 30
0.0
 10
175.426640462963
 20
451.7898
 30
0.0
 10
174.8892423148148
 20
451.7898
 30
0.0
 10
174.3518441666666
 20
451.7898
 30
0.0
 10
173.8262052777778
 20
451.7898
 30
0.0
 10
173.3919358333333
 20
452.1954944444444
 30
0.0
 10
173.3534830555556
 20
452.7176055555555
 30
0.0
 10
172.4150941666667
 20
466.5217999999999
 30
0.0
 10
167.1763441666667
 20
479.3629111111111
 30
0.0
 10
161.3590386111111
 20
490.3060777777778
 30
0.0
 10
154.4234275
 20
503.3518
 30
0.0
 10
152.4443441666667
 20
507.0700777777777
 30
0.0
 10
132.6573913888889
 20
513.6917166666666
 30
0.0
 10
112.8662052777778
 20
520.3133555555555
 30
0.0
 10
94.22895527777777
 20
517.6992722222221
 30
0.0
 10
87.38153861111111
 20
516.4292722222222
 30
0.0
 10
80.53447472222221
 20
515.1592722222222
 30
0.0
 10
68.48323305555556
 20
512.9261888888889
 30
0.0
 10
62.56362194444445
 20
508.0437444444444
 30
0.0
 10
59.78726083333333
 20
505.7577444444444
 30
0.0
 10
47.97626083333333
 20
496.0175499999999
 30
0.0
 10
43.57359416666667
 20
492.3909944444443
 30
0.0
 10
39.17445527777778
 20
488.7644388888888
 30
0.0
 10
37.00839972222222
 20
483.6068277777778
 30
0.0
 10
37.00839972222222
 20
476.3537166666666
 30
0.0
 10
37.00839972222222
 20
468.8324944444444
 30
0.0
 10
37.00839972222222
 20
461.3112722222222
 30
0.0
 10
37.00839972222222
 20
453.79005
 30
0.0
 10
37.00839972222222
 20
452.6858555555555
 30
0.0
 10
36.11234416666667
 20
451.7898
 30
0.0
 10
35.00814972222222
 20
451.7898
 30
0.0
 10
34.04024509259259
 20
451.7839203703704
 30
0.0
 10
33.07234046296296
 20
451.7780407407407
 30
0.0
 10
32.10443583333333
 20
451.7721611111111
 30
0.0
 10
32.04446361111111
 20
451.7721611111111
 30
0.0
 10
31.60031638888889
 20
452.8869388888888
 30
0.0
 10
31.59678861111111
 20
454.2698277777777
 30
0.0
 10
31.59678861111111
 20
455.6562444444444
 30
0.0
 10
31.64653027777778
 20
456.4323555555555
 30
0.0
 10
31.64264972222222
 20
456.7745499999999
 30
0.0
 10
31.64264972222223
 20
458.4408370370369
 30
0.0
 10
31.64264972222223
 20
460.107124074074
 30
0.0
 10
31.64264972222222
 20
461.773411111111
 30
0.0
 10
30.64311268518519
 20
461.773411111111
 30
0.0
 10
29.64357564814815
 20
461.773411111111
 30
0.0
 10
28.64403861111111
 20
461.773411111111
 30
0.0
 10
28.64533212962963
 20
460.1047722222222
 30
0.0
 10
28.64662564814815
 20
458.4361333333333
 30
0.0
 10
28.64791916666667
 20
456.7674944444444
 30
0.0
 10
28.64403861111111
 20
456.4288277777777
 30
0.0
 10
28.69695527777778
 20
455.6527166666667
 30
0.0
 10
28.69695527777778
 20
454.2698277777777
 30
0.0
 10
28.69695527777778
 20
452.8939944444443
 30
0.0
 10
28.2489275
 20
451.7686333333333
 30
0.0
 10
28.19565805555556
 20
451.7686333333333
 30
0.0
 10
24.83403861111111
 20
451.7686333333333
 30
0.0
 10
20.86528861111111
 20
446.6216055555555
 30
0.0
 10
19.31624138888889
 20
444.9494388888888
 30
0.0
 10
17.76789972222223
 20
443.2772722222222
 30
0.0
 10
11.20976083333333
 20
443.9941166666666
 30
0.0
 10
8.436927500000005
 20
444.0646722222222
 30
0.0
 10
6.940796944444444
 20
444.1034777777778
 30
0.0
 10
4.452302499999999
 20
445.1575777777778
 30
0.0
 10
5.107763611111112
 20
447.7522583333333
 30
0.0
 10
5.497583055555562
 20
449.2942499999999
 30
0.0
 10
8.94139972222223
 20
448.5901055555555
 30
0.0
 10
8.94139972222223
 20
448.5901055555555
 30
0.0
 10
9.871439537037043
 20
448.2243925925926
 30
0.0
 10
10.80147935185186
 20
447.8586796296295
 30
0.0
 10
11.73151916666667
 20
447.4929666666666
 30
0.0
 10
21.38387194444445
 20
471.996911111111
 30
0.0
 10
24.96809416666667
 20
478.4562722222221
 30
0.0
 10
24.6961025
 20
479.1371333333333
 30
0.0
 10
24.64001083333333
 20
479.1582999999999
 30
0.0
 10
24.63613027777778
 20
480.3577444444444
 30
0.0
 10
25.13707472222222
 20
481.6453833333333
 30
0.0
 10
25.6454275
 20
482.93655
 30
0.0
 10
25.97386361111111
 20
483.6421055555555
 30
0.0
 10
26.09698305555556
 20
483.9631333333333
 30
0.0
 10
25.16682564814815
 20
484.3253185185185
 30
0.0
 10
24.23666824074074
 20
484.6875037037037
 30
0.0
 10
23.30651083333333
 20
485.0496888888889
 30
0.0
 10
23.17986361111111
 20
484.7357166666666
 30
0.0
 10
22.9466775
 20
483.9948833333333
 30
0.0
 10
22.4386775
 20
482.7072444444444
 30
0.0
 10
21.9338525
 20
481.4301888888888
 30
0.0
 10
21.1083525
 20
480.5447166666666
 30
0.0
 10
21.05578861111111
 20
480.5658833333333
 30
0.0
 10
19.6764275
 20
480.1919388888888
 30
0.0
 10
16.62278305555556
 20
482.226761111111
 30
0.0
 10
23.39646916666667
 20
493.1970916666666
 30
0.0
 10
24.31369138888889
 20
494.1107861111111
 30
0.0
 10
26.82229416666667
 20
493.872661111111
 30
0.0
 10
27.65343861111111
 20
493.2665888888888
 30
0.0
 10
28.25915805555556
 20
492.8242055555555
 30
0.0
 10
29.80820527777778
 20
491.1986055555555
 30
0.0
 10
29.80820527777778
 20
491.1986055555555
 30
0.0
 10
51.26414972222223
 20
508.8833555555555
 30
0.0
 10
56.48878861111111
 20
511.0882166666666
 30
0.0
 10
56.48878861111111
 20
512.5875222222221
 30
0.0
 10
56.44998305555556
 20
512.6369111111111
 30
0.0
 10
57.02501083333333
 20
513.6881888888888
 30
0.0
 10
58.09039972222222
 20
514.5701333333333
 30
0.0
 10
59.16319694444444
 20
515.4520777777777
 30
0.0
 10
59.79078861111111
 20
515.907161111111
 30
0.0
 10
60.05184416666667
 20
516.129411111111
 30
0.0
 10
59.41566824074075
 20
516.8972907407407
 30
0.0
 10
58.77949231481481
 20
517.6651703703703
 30
0.0
 10
58.14331638888889
 20
518.43305
 30
0.0
 10
57.87873305555556
 20
518.2213833333333
 30
0.0
 10
57.3142886111111
 20
517.6886888888888
 30
0.0
 10
56.24537194444444
 20
516.8067444444443
 30
0.0
 10
55.18315805555555
 20
515.9318555555554
 30
0.0
 10
54.03345527777778
 20
515.5614388888888
 30
0.0
 10
53.9981775
 20
515.6037722222222
 30
0.0
 10
52.60858583333333
 20
515.9459666666665
 30
0.0
 10
49.49955527777778
 20
518.3212194444444
 30
0.0
 10
61.67038861111111
 20
525.2592999999999
 30
0.0
  0
POLYLINE
  5
16B
330
1F
100
AcDbEntity
  8
DEFAULT
 62
   250
100
AcDb2dPolyline
 66
     1
 10
0.0
 20
0.0
 30
0.0
  0
VERTEX
  5
16C
330
16B
100
AcDbEntity
  8
DEFAULT
 62
   250
100
AcDbVertex
100
AcDb2dVertex
 10
349.0737522222222
 20
158.0774997222222
 30
0.0
  0
VERTEX
  5
16D
330
16B
100
AcDbEntity
  8
DEFAULT
 62
   250
100
AcDbVertex
100
AcDb2dVertex
 10
350.1652466666666
 20
158.0774997222222
 30
0.0
  0
SEQEND
  5
16E
330
16B
100
AcDbEntity
  8
DEFAULT
 62
   250
  0
POLYLINE
  5
16F
330
1F
100
AcDbEntity
  8
DEFAULT
 62
   250
100
AcDb2dPolyline
 66
     1
 10
0.0
 20
0.0
 30
0.0
  0
VERTEX
  5
170
330
16F
100
AcDbEntity
  8
DEFAULT
 62
   250
100
AcDbVertex
100
AcDb2dVertex
 10
350.2102611111111
 20
157.0670736111111
 30
0.0
  0
VERTEX
  5
171
330
16F
100
AcDbEntity
  8
DEFAULT
 62
   250
100
AcDbVertex
100
AcDb2dVertex
 10
349.0736111111111
 20
157.0670736111111
 30
0.0
  0
VERTEX
  5
172
330
16F
100
AcDbEntity
  8
DEFAULT
 62
   250
100
AcDbVertex
100
AcDb2dVertex
 10
349.0736111111111
 20
159.0881375
 30
0.0
  0
VERTEX
  5
173
330
16F
100
AcDbEntity
  8
DEFAULT
 62
   250
100
AcDbVertex
100
AcDb2dVertex
 10
350.1651055555555
 20
159.0881375
 30
0.0
  0
SEQEND
  5
174
330
16F
100
AcDbEntity
  8
DEFAULT
 62
   250
  0
SPLINE
  5
175
330
1F
100
AcDbEntity
  8
DEFAULT
 62
   240
100
AcDbSpline
210
0.0
220
0.0
230
1.0
 70
    11
 71
     3
 72
    59
 73
    55
 74
     0
 42
0.000000001
 43
0.0000000001
 40
0.0
 40
0.0
 40
0.0
 40
0.0
 40
5.70000877192312
 40
5.70000877192312
 40
5.70000877192312
 40
139.9386503770881
 40
139.9386503770881
 40
139.9386503770881
 40
140.9386503770881
 40
140.9386503770881
 40
140.9386503770881
 40
170.7086503770881
 40
170.7086503770881
 40
170.7086503770881
 40
171.7086503770881
 40
171.7086503770881
 40
171.7086503770881
 40
172.7086503770881
 40
172.7086503770881
 40
172.7086503770881
 40
173.7086503770881
 40
173.7086503770881
 40
173.7086503770881
 40
182.1986739341815
 40
182.1986739341815
 40
182.1986739341815
 40
183.1986739341815
 40
183.1986739341815
 40
183.1986739341815
 40
184.1986739341815
 40
184.1986739341815
 40
184.1986739341815
 40
185.1986739341815
 40
185.1986739341815
 40
185.1986739341815
 40
214.9586739341815
 40
214.9586739341815
 40
214.9586739341815
 40
215.9586739341815
 40
215.9586739341815
 40
215.9586739341815
 40
350.1973155393467
 40
350.1973155393467
 40
350.1973155393467
 40
355.8973155393467
 40
355.8973155393467
 40
355.8973155393467
 40
360.1373155393467
 40
360.1373155393467
 40
360.1373155393467
 40
369.1873155393467
 40
369.1873155393467
 40
369.1873155393467
 40
373.4373273040363
 40
373.4373273040363
 40
373.4373273040363
 40
373.4373273040363
 10
388.4091799999999
 20
156.5544169444445
 30
0.0
 10
388.408004074074
 20
155.8841391666667
 30
0.0
 10
388.406828148148
 20
155.2138613888889
 30
0.0
 10
388.4056522222222
 20
154.5435836111111
 30
0.0
 10
373.089217037037
 20
150.7241762037037
 30
0.0
 10
357.7727818518518
 20
146.9047687962963
 30
0.0
 10
342.4563466666667
 20
143.0853613888889
 30
0.0
 10
341.8245216666667
 20
142.9301391666667
 30
0.0
 10
341.2145688888889
 20
143.4063891666667
 30
0.0
 10
341.2145688888889
 20
144.0555002777778
 30
0.0
 10
341.2145688888889
 20
147.5562317592592
 30
0.0
 10
341.2145688888889
 20
151.0569632407407
 30
0.0
 10
341.2145688888889
 20
154.5576947222222
 30
0.0
 10
341.2145688888889
 20
155.4643336111111
 30
0.0
 10
341.9691605555556
 20
155.5736947222222
 30
0.0
 10
342.72093
 20
156.1981113888889
 30
0.0
 10
342.72093
 20
156.2616113888889
 30
0.0
 10
343.8357077777778
 20
156.7025836111111
 30
0.0
 10
345.2185966666667
 20
156.7096391666666
 30
0.0
 10
346.6050133333333
 20
156.7096391666666
 30
0.0
 10
347.3807716666666
 20
156.6567225
 30
0.0
 10
347.7233188888889
 20
156.6637780555555
 30
0.0
 10
347.720967037037
 20
157.6621391666666
 30
0.0
 10
347.7186151851852
 20
158.6605002777777
 30
0.0
 10
347.7162633333333
 20
159.6588613888889
 30
0.0
 10
347.3772438888889
 20
159.6623891666667
 30
0.0
 10
346.6014855555555
 20
159.6094725
 30
0.0
 10
345.2185966666667
 20
159.6094725
 30
0.0
 10
343.8427633333333
 20
159.6094725
 30
0.0
 10
342.7170494444445
 20
160.0539725
 30
0.0
 10
342.7170494444445
 20
160.1104169444444
 30
0.0
 10
341.9659855555556
 20
160.7348336111111
 30
0.0
 10
341.2145688888889
 20
160.8441947222222
 30
0.0
 10
341.2145688888889
 20
161.7508336111111
 30
0.0
 10
341.2145688888889
 20
165.2503891666667
 30
0.0
 10
341.2145688888889
 20
168.7499447222222
 30
0.0
 10
341.2145688888889
 20
172.2495002777778
 30
0.0
 10
341.2145688888889
 20
172.8986113888889
 30
0.0
 10
341.8284022222222
 20
173.3748613888889
 30
0.0
 10
342.4563466666667
 20
173.2196391666666
 30
0.0
 10
357.7727818518518
 20
169.4002317592592
 30
0.0
 10
373.089217037037
 20
165.5808243518518
 30
0.0
 10
388.4056522222222
 20
161.7614169444444
 30
0.0
 10
388.4056522222222
 20
161.0911391666666
 30
0.0
 10
388.4056522222222
 20
160.4208613888889
 30
0.0
 10
388.4056522222222
 20
159.7505836111111
 30
0.0
 10
387.9070596296297
 20
159.7505836111111
 30
0.0
 10
387.408467037037
 20
159.7505836111111
 30
0.0
 10
386.9098744444444
 20
159.7505836111111
 30
0.0
 10
386.9098744444444
 20
158.6863706481481
 30
0.0
 10
386.9098744444444
 20
157.6221576851852
 30
0.0
 10
386.9098744444444
 20
156.5579447222222
 30
0.0
 10
387.4096429629629
 20
156.5567687962963
 30
0.0
 10
387.9094114814814
 20
156.5555928703704
 30
0.0
 10
388.4091799999999
 20
156.5544169444445
 30
0.0
  0
SPLINE
  5
176
330
1F
100
AcDbEntity
  8
DEFAULT
 62
   250
100
AcDbSpline
210
0.0
220
0.0
230
1.0
 70
     8
 71
     3
 72
    23
 73
    19
 74
     0
 42
0.000000001
 43
0.0000000001
 40
0.0
 40
0.0
 40
0.0
 40
0.0
 40
1.0
 40
1.0
 40
1.0
 40
2.0
 40
2.0
 40
2.0
 40
3.016999999999996
 40
3.016999999999996
 40
3.016999999999996
 40
4.016999999999996
 40
4.016999999999996
 40
4.016999999999996
 40
5.016999999999996
 40
5.016999999999996
 40
5.016999999999996
 40
6.016999999999996
 40
6.016999999999996
 40
6.016999999999996
 40
6.016999999999996
 10
65.75992972222222
 20
158.88589
 30
0.0
 10
65.8618825
 20
158.9610316666667
 30
0.0
 10
66.05979083333332
 20
159.0361733333333
 30
0.0
 10
66.26934083333333
 20
159.0365261111111
 30
0.0
 10
66.65316305555555
 20
159.0368788888889
 30
0.0
 10
66.82743527777778
 20
158.8093372222222
 30
0.0
 10
66.82778805555554
 20
158.5722705555555
 30
0.0
 10
66.82814083333332
 20
158.37154
 30
0.0
 10
66.70819638888888
 20
158.2004427777778
 30
0.0
 10
66.4683075
 20
158.1073094444444
 30
0.0
 10
66.70854916666666
 20
158.0593316666667
 30
0.0
 10
66.90363527777777
 20
157.8797677777778
 30
0.0
 10
66.90398805555554
 20
157.6070705555555
 30
0.0
 10
66.90434083333334
 20
157.295215
 30
0.0
 10
66.66162972222223
 20
157.022165
 30
0.0
 10
66.19384638888889
 20
157.0214594444444
 30
0.0
 10
65.97512416666667
 20
157.0214594444444
 30
0.0
 10
65.78321305555555
 20
157.0898983333333
 30
0.0
 10
65.6872575
 20
157.1526927777778
 30
0.0
  0
POLYLINE
  5
177
330
1F
100
AcDbEntity
  8
DEFAULT
 62
   250
100
AcDb2dPolyline
 66
     1
 10
0.0
 20
0.0
 30
0.0
  0
VERTEX
  5
178
330
177
100
AcDbEntity
  8
DEFAULT
 62
   250
100
AcDbVertex
100
AcDb2dVertex
 10
63.46274666666667
 20
157.0152152777778
 30
0.0
  0
VERTEX
  5
179
330
177
100
AcDbEntity
  8
DEFAULT
 62
   250
100
AcDbVertex
100
AcDb2dVertex
 10
64.29847722222222
 20
159.0369847222222
 30
0.0
  0
VERTEX
  5
17A
330
177
100
AcDbEntity
  8
DEFAULT
 62
   250
100
AcDbVertex
100
AcDb2dVertex
 10
65.15396333333332
 20
157.0173319444444
 30
0.0
  0
SEQEND
  5
17B
330
177
100
AcDbEntity
  8
DEFAULT
 62
   250
  0
POLYLINE
  5
17C
330
1F
100
AcDbEntity
  8
DEFAULT
 62
   250
100
AcDb2dPolyline
 66
     1
 10
0.0
 20
0.0
 30
0.0
  0
VERTEX
  5
17D
330
17C
100
AcDbEntity
  8
DEFAULT
 62
   250
100
AcDbVertex
100
AcDb2dVertex
 10
64.88645194444442
 20
157.6518733333333
 30
0.0
  0
VERTEX
  5
17E
330
17C
100
AcDbEntity
  8
DEFAULT
 62
   250
100
AcDbVertex
100
AcDb2dVertex
 10
63.72581305555553
 20
157.6504622222221
 30
0.0
  0
SEQEND
  5
17F
330
17C
100
AcDbEntity
  8
DEFAULT
 62
   250
  0
SPLINE
  5
180
330
1F
100
AcDbEntity
  8
DEFAULT
 62
   240
100
AcDbSpline
210
0.0
220
0.0
230
1.0
 70
    11
 71
     3
 72
    74
 73
    70
 74
     0
 42
0.000000001
 43
0.0000000001
 40
53.14003387277805
 40
53.14003387277805
 40
53.14003387277805
 40
53.14003387277805
 40
54.14003387277805
 40
54.14003387277805
 40
54.14003387277805
 40
92.00696931783355
 40
92.00696931783355
 40
92.00696931783355
 40
93.00696931783355
 40
93.00696931783355
 40
93.00696931783355
 40
94.00696931783355
 40
94.00696931783355
 40
94.00696931783355
 40
95.00696931783355
 40
95.00696931783355
 40
95.00696931783355
 40
131.5716189127634
 40
131.5716189127634
 40
131.5716189127634
 40
132.5716189127634
 40
132.5716189127634
 40
132.5716189127634
 40
155.1416388507253
 40
155.1416388507253
 40
155.1416388507253
 40
156.1416388507253
 40
156.1416388507253
 40
156.1416388507253
 40
157.1416388507253
 40
157.1416388507253
 40
157.1416388507253
 40
158.1416388507253
 40
158.1416388507253
 40
158.1416388507253
 40
166.6316624078187
 40
166.6316624078187
 40
166.6316624078187
 40
167.6316624078187
 40
167.6316624078187
 40
167.6316624078187
 40
168.6316624078187
 40
168.6316624078187
 40
168.6316624078187
 40
169.6316624078187
 40
169.6316624078187
 40
169.6316624078187
 40
170.6316624078187
 40
170.6316624078187
 40
170.6316624078187
 40
171.6316624078187
 40
171.6316624078187
 40
171.6316624078187
 40
172.6316624078187
 40
172.6316624078187
 40
172.6316624078187
 40
225.771708512428
 40
225.771708512428
 40
225.771708512428
 40
230.0117203048644
 40
230.0117203048644
 40
230.0117203048644
 40
239.0717203048644
 40
239.0717203048644
 40
239.0717203048644
 40
243.321732069554
 40
243.321732069554
 40
243.321732069554
 40
296.4617659423321
 40
296.4617659423321
 40
296.4617659423321
 40
296.4617659423321
 10
102.0035425
 20
137.8218816666667
 30
0.0
 10
102.0035425
 20
137.1939372222222
 30
0.0
 10
101.4285147222222
 20
136.721215
 30
0.0
 10
100.8111536111111
 20
136.8376316666667
 30
0.0
 10
96.4390610185185
 20
137.6819464814814
 30
0.0
 10
92.06696842592591
 20
138.5262612962963
 30
0.0
 10
87.69487583333331
 20
139.3705761111111
 30
0.0
 10
88.21345916666665
 20
141.2755761111111
 30
0.0
 10
88.16407027777777
 20
143.3534372222222
 30
0.0
 10
87.43734805555555
 20
145.3536872222222
 30
0.0
 10
85.55704249999998
 20
150.5042427777778
 30
0.0
 10
79.8561536111111
 20
153.1571316666667
 30
0.0
 10
74.70207027777776
 20
151.2768261111111
 30
0.0
 10
71.07198694444443
 20
149.9503816666667
 30
0.0
 10
68.67662583333332
 20
146.7259927777778
 30
0.0
 10
68.24976472222221
 20
143.1276594444444
 30
0.0
 10
64.02819064814814
 20
143.943752037037
 30
0.0
 10
59.80661657407406
 20
144.7598446296296
 30
0.0
 10
55.58504249999998
 20
145.5759372222222
 30
0.0
 10
55.11584805555555
 20
145.6676594444444
 30
0.0
 10
54.77718138888887
 20
146.0804094444444
 30
0.0
 10
54.77718138888887
 20
146.5566594444444
 30
0.0
 10
54.77365361111109
 20
149.2107242592592
 30
0.0
 10
54.77012583333332
 20
151.864789074074
 30
0.0
 10
54.76659805555554
 20
154.5188538888889
 30
0.0
 10
54.76659805555554
 20
155.4254927777777
 30
0.0
 10
55.51448694444443
 20
155.5348538888889
 30
0.0
 10
56.26590361111109
 20
156.1627983333333
 30
0.0
 10
56.26590361111109
 20
156.2227705555555
 30
0.0
 10
57.38068138888887
 20
156.6672705555555
 30
0.0
 10
58.76357027777777
 20
156.6707983333333
 30
0.0
 10
60.14998694444444
 20
156.6707983333333
 30
0.0
 10
60.92609805555554
 20
156.6214094444444
 30
0.0
 10
61.26829249999999
 20
156.6249372222222
 30
0.0
 10
61.26594064814814
 20
157.6232983333333
 30
0.0
 10
61.26358879629629
 20
158.6216594444444
 30
0.0
 10
61.26123694444443
 20
159.6200205555556
 30
0.0
 10
60.92257027777777
 20
159.6235483333333
 30
0.0
 10
60.14645916666665
 20
159.5706316666666
 30
0.0
 10
58.76357027777777
 20
159.5706316666666
 30
0.0
 10
57.38773694444443
 20
159.5706316666666
 30
0.0
 10
56.26237583333332
 20
160.0186594444444
 30
0.0
 10
56.26237583333332
 20
160.0715761111111
 30
0.0
 10
56.25884805555555
 20
162.6574372222222
 30
0.0
 10
48.21904249999999
 20
164.756465
 30
0.0
 10
48.21551472222221
 20
168.0690483333333
 30
0.0
 10
48.21551472222221
 20
168.5488261111111
 30
0.0
 10
48.81876472222221
 20
169.4977983333333
 30
0.0
 10
49.65132027777776
 20
169.4977983333333
 30
0.0
 10
73.34387583333331
 20
169.5260205555555
 30
0.0
 10
79.76443138888888
 20
175.3856594444444
 30
0.0
 10
100.7652925
 20
179.4919927777778
 30
0.0
 10
101.3826536111111
 20
179.6119372222222
 30
0.0
 10
101.9541536111111
 20
179.1427427777778
 30
0.0
 10
101.9541536111111
 20
178.5112705555555
 30
0.0
 10
101.9623850925926
 20
172.2624001851852
 30
0.0
 10
101.9706165740741
 20
166.0135298148148
 30
0.0
 10
101.9788480555555
 20
159.7646594444444
 30
0.0
 10
101.4802554629629
 20
159.7634835185185
 30
0.0
 10
100.9816628703704
 20
159.7623075925926
 30
0.0
 10
100.4830702777778
 20
159.7611316666666
 30
0.0
 10
100.4830702777778
 20
158.6957427777778
 30
0.0
 10
100.4830702777778
 20
157.6303538888889
 30
0.0
 10
100.4830702777778
 20
156.564965
 30
0.0
 10
100.9828387962963
 20
156.5661409259259
 30
0.0
 10
101.4826073148148
 20
156.5673168518518
 30
0.0
 10
101.9823758333333
 20
156.5684927777777
 30
0.0
 10
101.9894313888889
 20
150.3196224074074
 30
0.0
 10
101.9964869444444
 20
144.070752037037
 30
0.0
 10
102.0035425
 20
137.8218816666667
 30
0.0
  0
SPLINE
  5
181
330
1F
100
AcDbEntity
  8
DEFAULT
 62
   250
100
AcDbSpline
210
0.0
220
0.0
230
1.0
 70
     8
 71
     3
 72
    23
 73
    19
 74
     0
 42
0.000000001
 43
0.0000000001
 40
0.0
 40
0.0
 40
0.0
 40
0.0
 40
1.0
 40
1.0
 40
1.0
 40
2.0
 40
2.0
 40
2.0
 40
3.017000000000053
 40
3.017000000000053
 40
3.017000000000053
 40
4.017000000000053
 40
4.017000000000053
 40
4.017000000000053
 40
5.017000000000053
 40
5.017000000000053
 40
5.017000000000053
 40
6.017000000000053
 40
6.017000000000053
 40
6.017000000000053
 40
6.017000000000053
 10
131.5277616666667
 20
158.9375719444444
 30
0.0
 10
131.6297144444444
 20
159.0127136111111
 30
0.0
 10
131.8276227777778
 20
159.0878552777777
 30
0.0
 10
132.0371727777778
 20
159.0882080555556
 30
0.0
 10
132.420995
 20
159.0885608333333
 30
0.0
 10
132.5949144444444
 20
158.8603136111111
 30
0.0
 10
132.5952672222222
 20
158.6235997222222
 30
0.0
 10
132.5952672222222
 20
158.4228691666667
 30
0.0
 10
132.4760283333333
 20
158.2517719444444
 30
0.0
 10
132.2357866666667
 20
158.1586386111111
 30
0.0
 10
132.4760283333333
 20
158.1106608333333
 30
0.0
 10
132.6707616666667
 20
157.9307441666667
 30
0.0
 10
132.6707616666667
 20
157.6580469444444
 30
0.0
 10
132.6707616666667
 20
157.3465441666667
 30
0.0
 10
132.4284033333333
 20
157.0734941666666
 30
0.0
 10
131.96062
 20
157.0731413888889
 30
0.0
 10
131.7411922222222
 20
157.0731413888889
 30
0.0
 10
131.5496338888889
 20
157.1419330555555
 30
0.0
 10
131.4536783333333
 20
157.2047275
 30
0.0
  0
SPLINE
  5
182
330
1F
100
AcDbEntity
  8
DEFAULT
 62
   250
100
AcDbSpline
210
0.0
220
0.0
230
1.0
 70
    11
 71
     3
 72
    32
 73
    28
 74
     0
 42
0.000000001
 43
0.0000000001
 40
5.636000798438577
 40
5.636000798438577
 40
5.636000798438577
 40
5.636000798438577
 40
6.636000798438577
 40
6.636000798438577
 40
6.636000798438577
 40
7.636000798438577
 40
7.636000798438577
 40
7.636000798438577
 40
8.636000798438577
 40
8.636000798438577
 40
8.636000798438577
 40
9.636000798438577
 40
9.636000798438577
 40
9.636000798438577
 40
10.63600079843858
 40
10.63600079843858
 40
10.63600079843858
 40
11.63600079843858
 40
11.63600079843858
 40
11.63600079843858
 40
12.63600079843858
 40
12.63600079843858
 40
12.63600079843858
 40
13.63600079843858
 40
13.63600079843858
 40
13.63600079843858
 40
19.27200159687715
 40
19.27200159687715
 40
19.27200159687715
 40
19.27200159687715
 10
129.4366008333333
 20
159.0643602777778
 30
0.0
 10
129.5501952777778
 20
159.0879963888889
 30
0.0
 10
129.7304647222222
 20
159.1063408333333
 30
0.0
 10
129.9135563888889
 20
159.1063408333333
 30
0.0
 10
130.1742591666667
 20
159.1063408333333
 30
0.0
 10
130.3418286111111
 20
159.0615380555556
 30
0.0
 10
130.4681230555555
 20
158.9595852777778
 30
0.0
 10
130.5728980555556
 20
158.8816213888889
 30
0.0
 10
130.6360452777778
 20
158.7620297222222
 30
0.0
 10
130.6360452777778
 20
158.6029269444444
 30
0.0
 10
130.6360452777778
 20
158.4081936111111
 30
0.0
 10
130.3795758333333
 20
158.2370963888889
 30
0.0
 10
130.1664980555556
 20
158.1591325
 30
0.0
 10
130.1664980555556
 20
158.1591325
 30
0.0
 10
130.7111869444444
 20
157.9464075
 30
0.0
 10
130.7115397222222
 20
157.6465463888889
 30
0.0
 10
130.7118925
 20
157.4726269444444
 30
0.0
 10
130.6427480555555
 20
157.3406880555555
 30
0.0
 10
130.5407952777778
 20
157.2419102777778
 30
0.0
 10
130.3996841666667
 20
157.1127936111111
 30
0.0
 10
130.1721425
 20
157.0528213888889
 30
0.0
 10
129.8422952777778
 20
157.0524686111111
 30
0.0
 10
129.6627313888889
 20
157.0524686111111
 30
0.0
 10
129.5247952777778
 20
157.0641102777778
 30
0.0
 10
129.4376591666667
 20
157.0761047222222
 30
0.0
 10
129.4373063888889
 20
157.738856574074
 30
0.0
 10
129.4369536111111
 20
158.4016084259259
 30
0.0
 10
129.4366008333333
 20
159.0643602777778
 30
0.0
  0
SPLINE
  5
183
330
1F
100
AcDbEntity
  8
DEFAULT
 62
   240
100
AcDbSpline
210
0.0
220
0.0
230
1.0
 70
    11
 71
     3
 72
    68
 73
    64
 74
     0
 42
0.000000001
 43
0.0000000001
 40
41.53001012520943
 40
41.53001012520943
 40
41.53001012520943
 40
41.53001012520943
 40
42.53001012520943
 40
42.53001012520943
 40
42.53001012520943
 40
43.53001012520943
 40
43.53001012520943
 40
43.53001012520943
 40
116.9347415803412
 40
116.9347415803412
 40
116.9347415803412
 40
117.9347415803412
 40
117.9347415803412
 40
117.9347415803412
 40
166.5447502308238
 40
166.5447502308238
 40
166.5447502308238
 40
167.5447502308238
 40
167.5447502308238
 40
167.5447502308238
 40
168.5447502308238
 40
168.5447502308238
 40
168.5447502308238
 40
169.5447502308238
 40
169.5447502308238
 40
169.5447502308238
 40
178.0347737879172
 40
178.0347737879172
 40
178.0347737879172
 40
179.0347737879172
 40
179.0347737879172
 40
179.0347737879172
 40
180.0347737879172
 40
180.0347737879172
 40
180.0347737879172
 40
181.0347737879172
 40
181.0347737879172
 40
181.0347737879172
 40
229.6547830433668
 40
229.6547830433668
 40
229.6547830433668
 40
230.6547830433668
 40
230.6547830433668
 40
230.6547830433668
 40
359.2208924968304
 40
359.2208924968304
 40
359.2208924968304
 40
360.2208924968304
 40
360.2208924968304
 40
360.2208924968304
 40
425.2608994156492
 40
425.2608994156492
 40
425.2608994156492
 40
429.5018994156492
 40
429.5018994156492
 40
429.5018994156492
 40
438.5618994156492
 40
438.5618994156492
 40
438.5618994156492
 40
442.8029112053051
 40
442.8029112053051
 40
442.8029112053051
 40
484.3329213305145
 40
484.3329213305145
 40
484.3329213305145
 40
484.3329213305145
 10
167.7308755555555
 20
141.9423966666667
 30
0.0
 10
162.6865061111111
 20
144.7928411111111
 30
0.0
 10
156.1918672222222
 20
144.3765633333333
 30
0.0
 10
151.5069783333333
 20
140.4148688888889
 30
0.0
 10
149.49932
 20
138.7180077777778
 30
0.0
 10
148.0744505555556
 20
136.5837022222222
 30
0.0
 10
147.2627088888889
 20
134.26948
 30
0.0
 10
138.6608107407407
 20
134.9879707407407
 30
0.0
 10
130.0589125925926
 20
135.7064614814815
 30
0.0
 10
121.4570144444444
 20
136.4249522222222
 30
0.0
 10
120.9387838888889
 20
136.4672855555555
 30
0.0
 10
120.5397922222222
 20
136.9012022222222
 30
0.0
 10
120.5397922222222
 20
137.4197855555555
 30
0.0
 10
120.536382037037
 20
143.1359614814815
 30
0.0
 10
120.5329718518518
 20
148.8521374074074
 30
0.0
 10
120.5295616666667
 20
154.5683133333333
 30
0.0
 10
120.5295616666667
 20
155.4749522222222
 30
0.0
 10
121.2774505555555
 20
155.5349244444444
 30
0.0
 10
122.0288672222222
 20
156.1628688888889
 30
0.0
 10
122.0288672222222
 20
156.2228411111111
 30
0.0
 10
123.143645
 20
156.6673411111111
 30
0.0
 10
124.5265338888889
 20
156.6708688888889
 30
0.0
 10
125.9129505555556
 20
156.6708688888889
 30
0.0
 10
126.6887088888889
 20
156.62148
 30
0.0
 10
127.0312561111111
 20
156.6250077777778
 30
0.0
 10
127.0289042592593
 20
157.6233688888889
 30
0.0
 10
127.0265524074074
 20
158.62173
 30
0.0
 10
127.0242005555556
 20
159.6200911111111
 30
0.0
 10
126.6851811111111
 20
159.6236188888889
 30
0.0
 10
125.9094227777778
 20
159.5707022222222
 30
0.0
 10
124.5265338888889
 20
159.5707022222222
 30
0.0
 10
123.1507005555556
 20
159.5707022222222
 30
0.0
 10
122.0253394444444
 20
160.01873
 30
0.0
 10
122.0253394444444
 20
160.0716466666667
 30
0.0
 10
121.2774505555555
 20
160.6995911111111
 30
0.0
 10
120.5295616666667
 20
160.8548133333333
 30
0.0
 10
120.5295616666667
 20
161.7614522222222
 30
0.0
 10
120.5260338888889
 20
167.478804074074
 30
0.0
 10
120.5225061111111
 20
173.1961559259259
 30
0.0
 10
120.5189783333333
 20
178.9135077777778
 30
0.0
 10
120.5154505555555
 20
179.4320911111111
 30
0.0
 10
120.9140894444444
 20
179.8660077777778
 30
0.0
 10
121.4326727777778
 20
179.9083411111111
 30
0.0
 10
136.4974598148148
 20
181.1806929629629
 30
0.0
 10
151.5622468518518
 20
182.4530448148148
 30
0.0
 10
166.6270338888889
 20
183.7253966666666
 30
0.0
 10
167.2091172222222
 20
183.7747855555556
 30
0.0
 10
167.7100616666667
 20
183.3161744444444
 30
0.0
 10
167.7100616666667
 20
182.7305633333333
 30
0.0
 10
167.7135894444444
 20
175.0823411111111
 30
0.0
 10
167.7171172222222
 20
167.4341188888889
 30
0.0
 10
167.720645
 20
159.7858966666666
 30
0.0
 10
167.2219348148148
 20
159.7858966666666
 30
0.0
 10
166.7232246296296
 20
159.7858966666666
 30
0.0
 10
166.2245144444445
 20
159.7858966666666
 30
0.0
 10
166.2245144444445
 20
158.7205077777778
 30
0.0
 10
166.2245144444445
 20
157.6551188888889
 30
0.0
 10
166.2245144444445
 20
156.58973
 30
0.0
 10
166.7232246296296
 20
156.5909059259259
 30
0.0
 10
167.2219348148148
 20
156.5920818518518
 30
0.0
 10
167.720645
 20
156.5932577777778
 30
0.0
 10
167.7240551851852
 20
151.7096374074074
 30
0.0
 10
167.7274653703704
 20
146.826017037037
 30
0.0
 10
167.7308755555555
 20
141.9423966666667
 30
0.0
  0
SPLINE
  5
184
330
1F
100
AcDbEntity
  8
DEFAULT
 62
   250
100
AcDbSpline
210
0.0
220
0.0
230
1.0
 70
     8
 71
     3
 72
    23
 73
    19
 74
     0
 42
0.000000001
 43
0.0000000001
 40
0.0
 40
0.0
 40
0.0
 40
0.0
 40
1.0
 40
1.0
 40
1.0
 40
2.0
 40
2.0
 40
2.0
 40
3.016999999999996
 40
3.016999999999996
 40
3.016999999999996
 40
4.016999999999996
 40
4.016999999999996
 40
4.016999999999996
 40
5.016999999999996
 40
5.016999999999996
 40
5.016999999999996
 40
6.016999999999996
 40
6.016999999999996
 40
6.016999999999996
 40
6.016999999999996
 10
200.5433363888889
 20
158.9320686111111
 30
0.0
 10
200.6452891666666
 20
159.0068575
 30
0.0
 10
200.8431975
 20
159.0819991666667
 30
0.0
 10
201.0527475
 20
159.0819991666667
 30
0.0
 10
201.4365697222222
 20
159.0823519444444
 30
0.0
 10
201.6104891666666
 20
158.8541047222222
 30
0.0
 10
201.6104891666666
 20
158.6170380555556
 30
0.0
 10
201.6104891666666
 20
158.4163075
 30
0.0
 10
201.4905447222222
 20
158.2455630555555
 30
0.0
 10
201.2510086111111
 20
158.1524297222222
 30
0.0
 10
201.4905447222222
 20
158.1044519444444
 30
0.0
 10
201.6856308333333
 20
157.9248880555555
 30
0.0
 10
201.6856308333333
 20
157.6518380555555
 30
0.0
 10
201.6856308333333
 20
157.3399825
 30
0.0
 10
201.4432725
 20
157.0672852777778
 30
0.0
 10
200.9754891666666
 20
157.0672852777778
 30
0.0
 10
200.7564141666666
 20
157.0669325
 30
0.0
 10
200.5645030555555
 20
157.1357241666666
 30
0.0
 10
200.4685475
 20
157.1988713888889
 30
0.0
  0
SPLINE
  5
185
330
1F
100
AcDbEntity
  8
DEFAULT
 62
   250
100
AcDbSpline
210
0.0
220
0.0
230
1.0
 70
     8
 71
     3
 72
    17
 73
    13
 74
     0
 42
0.000000001
 43
0.0000000001
 40
0.0
 40
0.0
 40
0.0
 40
0.0
 40
1.0
 40
1.0
 40
1.0
 40
2.0
 40
2.0
 40
2.0
 40
3.0
 40
3.0
 40
3.0
 40
4.0
 40
4.0
 40
4.0
 40
4.0
 10
199.8543261111111
 20
157.12821
 30
0.0
 10
199.7583705555555
 20
157.0802322222222
 30
0.0
 10
199.5664594444444
 20
157.0322544444444
 30
0.0
 10
199.3202205555556
 20
157.0322544444444
 30
0.0
 10
198.7508372222222
 20
157.0322544444444
 30
0.0
 10
198.3218594444444
 20
157.3920877777778
 30
0.0
 10
198.3218594444444
 20
158.0542516666667
 30
0.0
 10
198.3218594444444
 20
158.687135
 30
0.0
 10
198.7504844444444
 20
159.1161127777778
 30
0.0
 10
199.376665
 20
159.1161127777778
 30
0.0
 10
199.6289011111111
 20
159.1161127777778
 30
0.0
 10
199.7880038888889
 20
159.0621377777778
 30
0.0
 10
199.8571483333333
 20
159.0265072222222
 30
0.0
  0
SPLINE
  5
186
330
1F
100
AcDbEntity
  8
DEFAULT
 62
   240
100
AcDbSpline
210
0.0
220
0.0
230
1.0
 70
    11
 71
     3
 72
    68
 73
    64
 74
     0
 42
0.000000001
 43
0.0000000001
 40
58.68000085207908
 40
58.68000085207908
 40
58.68000085207908
 40
58.68000085207908
 40
59.68000085207908
 40
59.68000085207908
 40
59.68000085207908
 40
166.7098392197045
 40
166.7098392197045
 40
166.7098392197045
 40
167.7098392197045
 40
167.7098392197045
 40
167.7098392197045
 40
168.7098392197045
 40
168.7098392197045
 40
168.7098392197045
 40
206.4998392197045
 40
206.4998392197045
 40
206.4998392197045
 40
207.4998392197045
 40
207.4998392197045
 40
207.4998392197045
 40
208.4998392197045
 40
208.4998392197045
 40
208.4998392197045
 40
209.4998392197045
 40
209.4998392197045
 40
209.4998392197045
 40
217.9898604799841
 40
217.9898604799841
 40
217.9898604799841
 40
218.9898604799841
 40
218.9898604799841
 40
218.9898604799841
 40
219.9898604799841
 40
219.9898604799841
 40
219.9898604799841
 40
220.9898604799841
 40
220.9898604799841
 40
220.9898604799841
 40
280.2698613234389
 40
280.2698613234389
 40
280.2698613234389
 40
281.2698613234389
 40
281.2698613234389
 40
281.2698613234389
 40
409.5327395111671
 40
409.5327395111671
 40
409.5327395111671
 40
410.5327395111671
 40
410.5327395111671
 40
410.5327395111671
 40
469.2227402012335
 40
469.2227402012335
 40
469.2227402012335
 40
473.4727402012335
 40
473.4727402012335
 40
473.4727402012335
 40
482.5227457260937
 40
482.5227457260937
 40
482.5227457260937
 40
486.7627457260937
 40
486.7627457260937
 40
486.7627457260937
 40
545.4427465781728
 40
545.4427465781728
 40
545.4427465781728
 40
545.4427465781728
 10
236.7409469444444
 20
135.8780408333333
 30
0.0
 10
236.7409469444444
 20
135.3453463888889
 30
0.0
 10
236.3246691666666
 20
134.9043741666667
 30
0.0
 10
235.7923275
 20
134.8796797222222
 30
0.0
 10
223.2215617592592
 20
134.2623186111111
 30
0.0
 10
210.6507960185185
 20
133.6449575
 30
0.0
 10
198.0800302777777
 20
133.0275963888889
 30
0.0
 10
197.6990302777778
 20
133.9836241666666
 30
0.0
 10
197.2086691666666
 20
134.9184852777777
 30
0.0
 10
196.6057719444444
 20
135.8074852777778
 30
0.0
 10
194.8242441666667
 20
138.4250963888889
 30
0.0
 10
192.3230497222222
 20
140.2630686111111
 30
0.0
 10
189.5466886111111
 20
141.2367352777778
 30
0.0
 10
189.5466886111111
 20
145.6805593518518
 30
0.0
 10
189.5466886111111
 20
150.1243834259259
 30
0.0
 10
189.5466886111111
 20
154.5682075
 30
0.0
 10
189.5466886111111
 20
155.4748463888889
 30
0.0
 10
190.2945775
 20
155.5348186111111
 30
0.0
 10
191.0459941666666
 20
156.1627630555555
 30
0.0
 10
191.0459941666666
 20
156.2227352777778
 30
0.0
 10
192.1607719444444
 20
156.6672352777778
 30
0.0
 10
193.5436608333333
 20
156.6707630555555
 30
0.0
 10
194.9300775
 20
156.6707630555555
 30
0.0
 10
195.7061886111111
 20
156.6213741666666
 30
0.0
 10
196.0480302777777
 20
156.6249019444444
 30
0.0
 10
196.0457960185185
 20
157.6232630555555
 30
0.0
 10
196.0435617592592
 20
158.6216241666666
 30
0.0
 10
196.0413275
 20
159.6199852777777
 30
0.0
 10
195.7023080555555
 20
159.6235130555555
 30
0.0
 10
194.9265497222222
 20
159.5705963888889
 30
0.0
 10
193.5436608333333
 20
159.5705963888889
 30
0.0
 10
192.1674747222222
 20
159.5705963888889
 30
0.0
 10
191.0424663888889
 20
160.0186241666667
 30
0.0
 10
191.0424663888889
 20
160.0715408333333
 30
0.0
 10
190.2906969444444
 20
160.6994852777778
 30
0.0
 10
189.5431608333333
 20
160.8547075
 30
0.0
 10
189.5431608333333
 20
161.7613463888889
 30
0.0
 10
189.5419849074074
 20
168.7322352777778
 30
0.0
 10
189.5408089814814
 20
175.7031241666666
 30
0.0
 10
189.5396330555555
 20
182.6740130555555
 30
0.0
 10
189.5396330555555
 20
183.2490408333333
 30
0.0
 10
190.0158830555555
 20
183.7041241666666
 30
0.0
 10
190.5870302777777
 20
183.6759019444444
 30
0.0
 10
205.6519349074074
 20
182.9421241666666
 30
0.0
 10
220.716839537037
 20
182.2083463888888
 30
0.0
 10
235.7817441666666
 20
181.4745686111111
 30
0.0
 10
236.3144386111111
 20
181.4498741666666
 30
0.0
 10
236.7342441666666
 20
181.0089019444444
 30
0.0
 10
236.7342441666666
 20
180.4762075
 30
0.0
 10
236.7353025
 20
173.5746982407407
 30
0.0
 10
236.7363608333333
 20
166.6731889814815
 30
0.0
 10
236.7374191666666
 20
159.7716797222222
 30
0.0
 10
236.2376506481481
 20
159.7716797222222
 30
0.0
 10
235.7378821296296
 20
159.7716797222222
 30
0.0
 10
235.2381136111111
 20
159.7716797222222
 30
0.0
 10
235.239289537037
 20
158.7074667592592
 30
0.0
 10
235.2404654629629
 20
157.6432537962963
 30
0.0
 10
235.2416413888889
 20
156.5790408333333
 30
0.0
 10
235.7402339814815
 20
156.5790408333333
 30
0.0
 10
236.2388265740741
 20
156.5790408333333
 30
0.0
 10
236.7374191666666
 20
156.5790408333333
 30
0.0
 10
236.7385950925925
 20
149.6787075
 30
0.0
 10
236.7397710185185
 20
142.7783741666666
 30
0.0
 10
236.7409469444444
 20
135.8780408333333
 30
0.0
  0
SPLINE
  5
187
330
1F
100
AcDbEntity
  8
DEFAULT
 62
   250
100
AcDbSpline
210
0.0
220
0.0
230
1.0
 70
     8
 71
     3
 72
    23
 73
    19
 74
     0
 42
0.000000001
 43
0.0000000001
 40
0.0
 40
0.0
 40
0.0
 40
0.0
 40
1.0
 40
1.0
 40
1.0
 40
2.0
 40
2.0
 40
2.0
 40
3.016999999999996
 40
3.016999999999996
 40
3.016999999999996
 40
4.016999999999996
 40
4.016999999999996
 40
4.016999999999996
 40
5.016999999999996
 40
5.016999999999996
 40
5.016999999999996
 40
6.016999999999996
 40
6.016999999999996
 40
6.016999999999996
 40
6.016999999999996
 10
269.5592638888889
 20
158.9299872222222
 30
0.0
 10
269.6612166666666
 20
159.0051288888889
 30
0.0
 10
269.859125
 20
159.0802705555555
 30
0.0
 10
270.068675
 20
159.0799177777778
 30
0.0
 10
270.4524972222222
 20
159.0799177777778
 30
0.0
 10
270.6264166666666
 20
158.8520233333333
 30
0.0
 10
270.6264166666666
 20
158.6149566666667
 30
0.0
 10
270.6264166666666
 20
158.4138733333333
 30
0.0
 10
270.5064722222222
 20
158.2431288888889
 30
0.0
 10
270.2665833333333
 20
158.1503483333333
 30
0.0
 10
270.5064722222222
 20
158.1023705555556
 30
0.0
 10
270.7008527777778
 20
157.9224538888889
 30
0.0
 10
270.7008527777778
 20
157.6494038888889
 30
0.0
 10
270.7008527777778
 20
157.3375483333333
 30
0.0
 10
270.4581416666667
 20
157.0648511111111
 30
0.0
 10
269.9907111111111
 20
157.0652038888889
 30
0.0
 10
269.7716361111111
 20
157.0652038888889
 30
0.0
 10
269.579725
 20
157.1339955555555
 30
0.0
 10
269.4834166666666
 20
157.1971427777778
 30
0.0
  0
SPLINE
  5
188
330
1F
100
AcDbEntity
  8
DEFAULT
 62
   250
100
AcDbSpline
210
0.0
220
0.0
230
1.0
 70
    11
 71
     3
 72
    26
 73
    22
 74
     0
 42
0.000000001
 43
0.0000000001
 40
0.0
 40
0.0
 40
0.0
 40
0.0
 40
1.0
 40
1.0
 40
1.0
 40
2.0
 40
2.0
 40
2.0
 40
3.0
 40
3.0
 40
3.0
 40
4.0
 40
4.0
 40
4.0
 40
5.0
 40
5.0
 40
5.0
 40
6.0
 40
6.0
 40
6.0
 40
11.63499999999999
 40
11.63499999999999
 40
11.63499999999999
 40
11.63499999999999
 10
267.2758391666666
 20
159.0581513888889
 30
0.0
 10
267.4349419444444
 20
159.0817875
 30
0.0
 10
267.6236780555555
 20
159.1001319444444
 30
0.0
 10
267.8307586111111
 20
159.0997791666667
 30
0.0
 10
268.2057613888888
 20
159.0997791666667
 30
0.0
 10
268.4728141666666
 20
159.0126430555555
 30
0.0
 10
268.6492030555555
 20
158.8478958333333
 30
0.0
 10
268.8287669444445
 20
158.6831486111111
 30
0.0
 10
268.9342475
 20
158.4489041666667
 30
0.0
 10
268.9338947222222
 20
158.1222319444444
 30
0.0
 10
268.9338947222222
 20
157.7923847222222
 30
0.0
 10
268.8319419444444
 20
157.5225097222222
 30
0.0
 10
268.6428530555555
 20
157.3365958333333
 30
0.0
 10
268.4541169444444
 20
157.1478597222222
 30
0.0
 10
268.1419086111111
 20
157.0462597222222
 30
0.0
 10
267.7492669444444
 20
157.0462597222222
 30
0.0
 10
267.5633530555555
 20
157.0462597222222
 30
0.0
 10
267.4074252777777
 20
157.0550791666666
 30
0.0
 10
267.2758391666666
 20
157.0702486111111
 30
0.0
 10
267.2758391666666
 20
157.7328828703703
 30
0.0
 10
267.2758391666666
 20
158.3955171296296
 30
0.0
 10
267.2758391666666
 20
159.0581513888889
 30
0.0
  0
SPLINE
  5
189
330
1F
100
AcDbEntity
  8
DEFAULT
 62
   240
100
AcDbSpline
210
0.0
220
0.0
230
1.0
 70
    11
 71
     3
 72
    77
 73
    73
 74
     0
 42
0.000000001
 43
0.0000000001
 40
4.260011737073024
 40
4.260011737073024
 40
4.260011737073024
 40
4.260011737073024
 40
13.33001173707302
 40
13.33001173707302
 40
13.33001173707302
 40
17.58001173707302
 40
17.58001173707302
 40
17.58001173707302
 40
54.21001338872462
 40
54.21001338872462
 40
54.21001338872462
 40
55.21001338872462
 40
55.21001338872462
 40
55.21001338872462
 40
185.0950860491347
 40
185.0950860491347
 40
185.0950860491347
 40
186.0950860491347
 40
186.0950860491347
 40
186.0950860491347
 40
238.4950894937911
 40
238.4950894937911
 40
238.4950894937911
 40
239.4950894937911
 40
239.4950894937911
 40
239.4950894937911
 40
240.4950894937911
 40
240.4950894937911
 40
240.4950894937911
 40
241.4950894937911
 40
241.4950894937911
 40
241.4950894937911
 40
249.9851107540707
 40
249.9851107540707
 40
249.9851107540707
 40
250.9851107540707
 40
250.9851107540707
 40
250.9851107540707
 40
251.9851107540707
 40
251.9851107540707
 40
251.9851107540707
 40
252.9851107540707
 40
252.9851107540707
 40
252.9851107540707
 40
305.385114198727
 40
305.385114198727
 40
305.385114198727
 40
306.385114198727
 40
306.385114198727
 40
306.385114198727
 40
336.2958748042349
 40
336.2958748042349
 40
336.2958748042349
 40
337.2958748042349
 40
337.2958748042349
 40
337.2958748042349
 40
338.2958748042349
 40
338.2958748042349
 40
338.2958748042349
 40
339.2958748042349
 40
339.2958748042349
 40
339.2958748042349
 40
370.1519438993091
 40
370.1519438993091
 40
370.1519438993091
 40
371.1519438993091
 40
371.1519438993091
 40
371.1519438993091
 40
407.7819438993091
 40
407.7819438993091
 40
407.7819438993091
 40
412.0419556363821
 40
412.0419556363821
 40
412.0419556363821
 40
412.0419556363821
 10
304.2537588888889
 20
159.7540761111111
 30
0.0
 10
304.2537588888889
 20
158.6875112962963
 30
0.0
 10
304.2537588888889
 20
157.6209464814815
 30
0.0
 10
304.2537588888889
 20
156.5543816666667
 30
0.0
 10
304.7535274074074
 20
156.5543816666667
 30
0.0
 10
305.2532959259259
 20
156.5543816666667
 30
0.0
 10
305.7530644444444
 20
156.5543816666667
 30
0.0
 10
305.7517709259259
 20
152.246965
 30
0.0
 10
305.7504774074073
 20
147.9395483333333
 30
0.0
 10
305.7491838888889
 20
143.6321316666667
 30
0.0
 10
305.7491838888889
 20
143.1452983333333
 30
0.0
 10
305.3964061111111
 20
142.7290205555555
 30
0.0
 10
304.9134533333333
 20
142.6478816666666
 30
0.0
 10
289.8486662962962
 20
140.1314001851852
 30
0.0
 10
274.7838792592592
 20
137.6149187037037
 30
0.0
 10
259.7190922222222
 20
135.0984372222222
 30
0.0
 10
259.1087866666666
 20
134.9961316666667
 30
0.0
 10
258.5549255555555
 20
135.4653261111111
 30
0.0
 10
258.5549255555555
 20
136.0826872222222
 30
0.0
 10
258.5571598148148
 20
142.2445390740741
 30
0.0
 10
258.559394074074
 20
148.4063909259259
 30
0.0
 10
258.5616283333333
 20
154.5682427777778
 30
0.0
 10
258.5616283333333
 20
155.4784094444444
 30
0.0
 10
259.3133977777778
 20
155.5348538888889
 30
0.0
 10
260.0609338888889
 20
156.1627983333333
 30
0.0
 10
260.0609338888889
 20
156.2227705555555
 30
0.0
 10
261.1760644444444
 20
156.6672705555555
 30
0.0
 10
262.5589533333333
 20
156.6707983333333
 30
0.0
 10
263.9450172222222
 20
156.6707983333333
 30
0.0
 10
264.7214811111111
 20
156.6214094444444
 30
0.0
 10
265.0633227777777
 20
156.6249372222222
 30
0.0
 10
265.0610885185185
 20
157.6232983333333
 30
0.0
 10
265.0588542592592
 20
158.6216594444444
 30
0.0
 10
265.05662
 20
159.6200205555556
 30
0.0
 10
264.7179533333333
 20
159.6235483333333
 30
0.0
 10
263.9414894444444
 20
159.5706316666667
 30
0.0
 10
262.5589533333333
 20
159.5706316666667
 30
0.0
 10
261.1866477777778
 20
159.5706316666667
 30
0.0
 10
260.0609338888889
 20
160.0186594444444
 30
0.0
 10
260.0609338888889
 20
160.0715761111111
 30
0.0
 10
259.30987
 20
160.6995205555556
 30
0.0
 10
258.5584533333333
 20
160.8547427777778
 30
0.0
 10
258.5584533333333
 20
161.7613816666667
 30
0.0
 10
258.5606875925926
 20
167.9232335185185
 30
0.0
 10
258.5629218518518
 20
174.0850853703704
 30
0.0
 10
258.5651561111111
 20
180.2469372222222
 30
0.0
 10
258.5651561111111
 20
180.8642983333333
 30
0.0
 10
259.11937
 20
181.3334927777778
 30
0.0
 10
259.7296755555555
 20
181.234715
 30
0.0
 10
263.198657037037
 20
180.6538075925926
 30
0.0
 10
266.6676385185185
 20
180.0729001851851
 30
0.0
 10
270.1366199999999
 20
179.4919927777778
 30
0.0
 10
269.1802394444444
 20
173.8334372222222
 30
0.0
 10
272.3450088888889
 20
168.0478816666667
 30
0.0
 10
278.0561283333333
 20
165.994715
 30
0.0
 10
284.1277866666667
 20
163.8145483333333
 30
0.0
 10
290.9642672222222
 20
166.8554927777778
 30
0.0
 10
293.4270088888888
 20
172.8174372222222
 30
0.0
 10
293.7864894444444
 20
173.6887983333333
 30
0.0
 10
294.0373144444444
 20
174.5707427777778
 30
0.0
 10
294.1854811111111
 20
175.4597427777778
 30
0.0
 10
297.7638237037036
 20
174.8588446296296
 30
0.0
 10
301.3421662962962
 20
174.2579464814815
 30
0.0
 10
304.9205088888888
 20
173.6570483333333
 30
0.0
 10
305.4038144444444
 20
173.5794372222222
 30
0.0
 10
305.7565922222222
 20
173.1596316666667
 30
0.0
 10
305.7565922222222
 20
172.6727983333333
 30
0.0
 10
305.7565922222222
 20
168.3653816666667
 30
0.0
 10
305.7565922222222
 20
164.057965
 30
0.0
 10
305.7565922222222
 20
159.7505483333333
 30
0.0
 10
305.2556477777778
 20
159.7517242592592
 30
0.0
 10
304.7547033333333
 20
159.7529001851852
 30
0.0
 10
304.2537588888889
 20
159.7540761111111
 30
0.0
  0
SPLINE
  5
18A
330
1F
100
AcDbEntity
  8
DEFAULT
 62
   240
100
AcDbSpline
210
0.0
220
0.0
230
1.0
 70
    11
 71
     3
 72
    71
 73
    67
 74
     0
 42
0.000000001
 43
0.0000000001
 40
0.0
 40
0.0
 40
0.0
 40
0.0
 40
23.02000868809568
 40
23.02000868809568
 40
23.02000868809568
 40
24.02000868809568
 40
24.02000868809568
 40
24.02000868809568
 40
154.5951782303942
 40
154.5951782303942
 40
154.5951782303942
 40
155.5951782303942
 40
155.5951782303942
 40
155.5951782303942
 40
208.7352121031723
 40
208.7352121031723
 40
208.7352121031723
 40
212.9852121031723
 40
212.9852121031723
 40
212.9852121031723
 40
222.0442341806374
 40
222.0442341806374
 40
222.0442341806374
 40
226.2842341806374
 40
226.2842341806374
 40
226.2842341806374
 40
279.4842680152131
 40
279.4842680152131
 40
279.4842680152131
 40
280.4842680152131
 40
280.4842680152131
 40
280.4842680152131
 40
294.5696434095716
 40
294.5696434095716
 40
294.5696434095716
 40
295.5696434095716
 40
295.5696434095716
 40
295.5696434095716
 40
296.5696434095716
 40
296.5696434095716
 40
296.5696434095716
 40
308.6596475452202
 40
308.6596475452202
 40
308.6596475452202
 40
309.6596475452202
 40
309.6596475452202
 40
309.6596475452202
 40
310.6596475452202
 40
310.6596475452202
 40
310.6596475452202
 40
311.6596475452202
 40
311.6596475452202
 40
311.6596475452202
 40
312.6596475452202
 40
312.6596475452202
 40
312.6596475452202
 40
321.1506710995392
 40
321.1506710995392
 40
321.1506710995392
 40
322.1506710995392
 40
322.1506710995392
 40
322.1506710995392
 40
323.1506710995392
 40
323.1506710995392
 40
323.1506710995392
 40
324.1506710995392
 40
324.1506710995392
 40
324.1506710995392
 40
324.1506710995392
 10
54.75957777777778
 20
42.00465027777778
 30
0.0
 10
54.75722592592592
 20
44.71163175925926
 30
0.0
 10
54.75487407407407
 20
47.41861324074075
 30
0.0
 10
54.75252222222222
 20
50.12559472222223
 30
0.0
 10
54.75252222222221
 20
50.60149194444444
 30
0.0
 10
55.09118888888888
 20
51.0181225
 30
0.0
 10
55.56038333333333
 20
51.10984472222221
 30
0.0
 10
70.62987407407407
 20
54.05542157407407
 30
0.0
 10
85.69936481481481
 20
57.00099842592592
 30
0.0
 10
100.7688555555555
 20
59.94657527777778
 30
0.0
 10
101.3826888888889
 20
60.06651972222221
 30
0.0
 10
101.9577166666667
 20
59.59379749999999
 30
0.0
 10
101.9577166666667
 20
58.96585305555555
 30
0.0
 10
101.9647722222222
 20
52.71698268518518
 30
0.0
 10
101.9718277777778
 20
46.46811231481481
 30
0.0
 10
101.9788833333333
 20
40.21924194444443
 30
0.0
 10
101.4791148148148
 20
40.21924194444443
 30
0.0
 10
100.9793462962963
 20
40.21924194444443
 30
0.0
 10
100.4795777777777
 20
40.21924194444443
 30
0.0
 10
100.4819296296296
 20
39.15397064814814
 30
0.0
 10
100.4842814814815
 20
38.08869935185184
 30
0.0
 10
100.4866333333333
 20
37.02342805555555
 30
0.0
 10
100.9852259259259
 20
37.02342805555555
 30
0.0
 10
101.4838185185185
 20
37.02342805555555
 30
0.0
 10
101.9824111111111
 20
37.02342805555555
 30
0.0
 10
101.9894666666667
 20
30.76750212962962
 30
0.0
 10
101.9965222222222
 20
24.5115762037037
 30
0.0
 10
102.0035777777778
 20
18.25565027777778
 30
0.0
 10
102.0035777777778
 20
17.70143638888888
 30
0.0
 10
101.5520222222222
 20
17.15145583333333
 30
0.0
 10
101.0052166666666
 20
17.25728916666666
 30
0.0
 10
99.3789111111111
 20
17.57126138888888
 30
0.0
 10
97.75260555555553
 20
17.8852336111111
 30
0.0
 10
96.12629999999999
 20
18.19920583333333
 30
0.0
 10
73.38271666666665
 20
22.6653725
 30
0.0
 10
69.56213333333332
 20
28.89542805555555
 30
0.0
 10
55.69443888888888
 20
29.92201138888888
 30
0.0
 10
55.17585555555555
 20
29.95728916666666
 30
0.0
 10
54.77368888888888
 20
30.39473361111111
 30
0.0
 10
54.77368888888888
 20
30.91649194444444
 30
0.0
 10
54.77251296296296
 20
32.33818638888889
 30
0.0
 10
54.77133703703703
 20
33.75988083333332
 30
0.0
 10
54.7701611111111
 20
35.18157527777777
 30
0.0
 10
54.87599444444444
 20
35.89453916666666
 30
0.0
 10
55.5639111111111
 20
35.99331694444444
 30
0.0
 10
56.25182777777776
 20
36.56834472222222
 30
0.0
 10
56.25182777777776
 20
36.60009472222222
 30
0.0
 10
56.53052222222222
 20
36.72321416666666
 30
0.0
 10
56.98207777777777
 20
36.84315861111111
 30
0.0
 10
57.43363333333333
 20
36.96345583333333
 30
0.0
 10
58.05804999999999
 20
37.07281694444444
 30
0.0
 10
58.74949444444444
 20
37.07599194444444
 30
0.0
 10
60.13591111111111
 20
37.07599194444444
 30
0.0
 10
60.91202222222221
 20
37.02695583333333
 30
0.0
 10
61.25421666666666
 20
37.03013083333333
 30
0.0
 10
61.2518648148148
 20
38.02860953703703
 30
0.0
 10
61.24951296296295
 20
39.02708824074074
 30
0.0
 10
61.2471611111111
 20
40.02556694444444
 30
0.0
 10
60.90849444444444
 20
40.02874194444444
 30
0.0
 10
60.13238333333332
 20
39.97617805555555
 30
0.0
 10
58.74949444444444
 20
39.97617805555555
 30
0.0
 10
57.3736611111111
 20
39.97617805555555
 30
0.0
 10
56.24829999999999
 20
40.42420583333332
 30
0.0
 10
56.24829999999999
 20
40.47712249999999
 30
0.0
 10
55.5498
 20
41.06238083333332
 30
0.0
 10
54.85129999999999
 20
41.24617805555555
 30
0.0
 10
54.75957777777778
 20
42.00465027777778
 30
0.0
  0
POLYLINE
  5
18B
330
1F
100
AcDbEntity
  8
DEFAULT
 62
   250
100
AcDb2dPolyline
 66
     1
 10
0.0
 20
0.0
 30
0.0
  0
VERTEX
  5
18C
330
18B
100
AcDbEntity
  8
DEFAULT
 62
   250
100
AcDbVertex
100
AcDb2dVertex
 10
66.55367972222221
 20
39.02360749999998
 30
0.0
  0
VERTEX
  5
18D
330
18B
100
AcDbEntity
  8
DEFAULT
 62
   250
100
AcDbVertex
100
AcDb2dVertex
 10
67.20349638888888
 20
39.5520686111111
 30
0.0
  0
VERTEX
  5
18E
330
18B
100
AcDbEntity
  8
DEFAULT
 62
   250
100
AcDbVertex
100
AcDb2dVertex
 10
67.20561305555556
 20
37.60367694444444
 30
0.0
  0
SEQEND
  5
18F
330
18B
100
AcDbEntity
  8
DEFAULT
 62
   250
  0
POLYLINE
  5
190
330
1F
100
AcDbEntity
  8
DEFAULT
 62
   250
100
AcDb2dPolyline
 66
     1
 10
0.0
 20
0.0
 30
0.0
  0
VERTEX
  5
191
330
190
100
AcDbEntity
  8
DEFAULT
 62
   250
100
AcDbVertex
100
AcDb2dVertex
 10
63.76197277777778
 20
37.56356611111111
 30
0.0
  0
VERTEX
  5
192
330
190
100
AcDbEntity
  8
DEFAULT
 62
   250
100
AcDbVertex
100
AcDb2dVertex
 10
64.59770333333333
 20
39.58498277777778
 30
0.0
  0
VERTEX
  5
193
330
190
100
AcDbEntity
  8
DEFAULT
 62
   250
100
AcDbVertex
100
AcDb2dVertex
 10
65.45283666666667
 20
37.56533
 30
0.0
  0
SEQEND
  5
194
330
190
100
AcDbEntity
  8
DEFAULT
 62
   250
  0
POLYLINE
  5
195
330
1F
100
AcDbEntity
  8
DEFAULT
 62
   250
100
AcDb2dPolyline
 66
     1
 10
0.0
 20
0.0
 30
0.0
  0
VERTEX
  5
196
330
195
100
AcDbEntity
  8
DEFAULT
 62
   250
100
AcDbVertex
100
AcDb2dVertex
 10
65.18564277777774
 20
38.20022416666666
 30
0.0
  0
VERTEX
  5
197
330
195
100
AcDbEntity
  8
DEFAULT
 62
   250
100
AcDbVertex
100
AcDb2dVertex
 10
64.02500388888888
 20
38.19881305555555
 30
0.0
  0
SEQEND
  5
198
330
195
100
AcDbEntity
  8
DEFAULT
 62
   250
  0
POLYLINE
  5
199
330
1F
100
AcDbEntity
  8
DEFAULT
 62
   250
100
AcDb2dPolyline
 66
     1
 10
0.0
 20
0.0
 30
0.0
  0
VERTEX
  5
19A
330
199
100
AcDbEntity
  8
DEFAULT
 62
   250
100
AcDbVertex
100
AcDb2dVertex
 10
134.4944816666666
 20
39.06872777777778
 30
0.0
  0
VERTEX
  5
19B
330
199
100
AcDbEntity
  8
DEFAULT
 62
   250
100
AcDbVertex
100
AcDb2dVertex
 10
135.1457094444444
 20
39.59648333333332
 30
0.0
  0
VERTEX
  5
19C
330
199
100
AcDbEntity
  8
DEFAULT
 62
   250
100
AcDbVertex
100
AcDb2dVertex
 10
135.1450038888889
 20
37.64773888888888
 30
0.0
  0
SEQEND
  5
19D
330
199
100
AcDbEntity
  8
DEFAULT
 62
   250
  0
SPLINE
  5
19E
330
1F
100
AcDbEntity
  8
DEFAULT
 62
   250
100
AcDbSpline
210
0.0
220
0.0
230
1.0
 70
    11
 71
     3
 72
    32
 73
    28
 74
     0
 42
0.000000001
 43
0.0000000001
 40
5.635000354924572
 40
5.635000354924572
 40
5.635000354924572
 40
5.635000354924572
 40
6.635000354924572
 40
6.635000354924572
 40
6.635000354924572
 40
7.635000354924572
 40
7.635000354924572
 40
7.635000354924572
 40
8.635000354924571
 40
8.635000354924571
 40
8.635000354924571
 40
9.635000354924571
 40
9.635000354924571
 40
9.635000354924571
 40
10.63500035492457
 40
10.63500035492457
 40
10.63500035492457
 40
11.63500035492457
 40
11.63500035492457
 40
11.63500035492457
 40
12.63500035492457
 40
12.63500035492457
 40
12.63500035492457
 40
13.63500035492457
 40
13.63500035492457
 40
13.63500035492457
 40
19.27000070984914
 40
19.27000070984914
 40
19.27000070984914
 40
19.27000070984914
 10
131.9120425
 20
39.60787805555555
 30
0.0
 10
132.0256369444444
 20
39.63186694444444
 30
0.0
 10
132.2059063888889
 20
39.64985861111111
 30
0.0
 10
132.3889980555555
 20
39.64985861111111
 30
0.0
 10
132.6497008333333
 20
39.64985861111111
 30
0.0
 10
132.8172702777778
 20
39.60435027777777
 30
0.0
 10
132.9435647222222
 20
39.50275027777777
 30
0.0
 10
133.0483397222222
 20
39.42443361111111
 30
0.0
 10
133.1107813888889
 20
39.30484194444444
 30
0.0
 10
133.1107813888889
 20
39.14573916666666
 30
0.0
 10
133.1107813888889
 20
38.95100583333333
 30
0.0
 10
132.8539591666667
 20
38.78026138888888
 30
0.0
 10
132.6408813888889
 20
38.7022975
 30
0.0
 10
132.6408813888889
 20
38.7022975
 30
0.0
 10
133.1859230555555
 20
38.48921972222222
 30
0.0
 10
133.1859230555555
 20
38.1893586111111
 30
0.0
 10
133.1855702777778
 20
38.01543916666667
 30
0.0
 10
133.1164258333333
 20
37.88350027777777
 30
0.0
 10
133.0144730555556
 20
37.78472249999999
 30
0.0
 10
132.8740675
 20
37.6559586111111
 30
0.0
 10
132.6458202777778
 20
37.59598638888888
 30
0.0
 10
132.3163258333333
 20
37.59598638888888
 30
0.0
 10
132.1360563888889
 20
37.59598638888888
 30
0.0
 10
131.9981202777778
 20
37.60798083333333
 30
0.0
 10
131.9113369444444
 20
37.61997527777777
 30
0.0
 10
131.9115721296296
 20
38.28260953703703
 30
0.0
 10
131.9118073148148
 20
38.94524379629629
 30
0.0
 10
131.9120425
 20
39.60787805555555
 30
0.0
  0
SPLINE
  5
19F
330
1F
100
AcDbEntity
  8
DEFAULT
 62
   240
100
AcDbSpline
210
0.0
220
0.0
230
1.0
 70
    11
 71
     3
 72
    83
 73
    79
 74
     0
 42
0.000000001
 43
0.0000000001
 40
4.25
 40
4.25
 40
4.25
 40
4.25
 40
13.3
 40
13.3
 40
13.3
 40
17.55
 40
17.55
 40
17.55
 40
82.60000307455795
 40
82.60000307455795
 40
82.60000307455795
 40
83.60000307455795
 40
83.60000307455795
 40
83.60000307455795
 40
212.1534697761604
 40
212.1534697761604
 40
212.1534697761604
 40
213.1534697761604
 40
213.1534697761604
 40
213.1534697761604
 40
262.0834738636322
 40
262.0834738636322
 40
262.0834738636322
 40
263.0834738636322
 40
263.0834738636322
 40
263.0834738636322
 40
264.0834738636322
 40
264.0834738636322
 40
264.0834738636322
 40
265.0834738636322
 40
265.0834738636322
 40
265.0834738636322
 40
266.0834738636322
 40
266.0834738636322
 40
266.0834738636322
 40
274.5734998353238
 40
274.5734998353238
 40
274.5734998353238
 40
275.5734998353238
 40
275.5734998353238
 40
275.5734998353238
 40
276.5734998353238
 40
276.5734998353238
 40
276.5734998353238
 40
277.5734998353238
 40
277.5734998353238
 40
277.5734998353238
 40
278.5734998353238
 40
278.5734998353238
 40
278.5734998353238
 40
279.5734998353238
 40
279.5734998353238
 40
279.5734998353238
 40
300.1049177357028
 40
300.1049177357028
 40
300.1049177357028
 40
301.1049177357028
 40
301.1049177357028
 40
301.1049177357028
 40
302.1049177357028
 40
302.1049177357028
 40
302.1049177357028
 40
303.1049177357028
 40
303.1049177357028
 40
303.1049177357028
 40
304.1049177357028
 40
304.1049177357028
 40
304.1049177357028
 40
352.3136565700677
 40
352.3136565700677
 40
352.3136565700677
 40
353.3136565700677
 40
353.3136565700677
 40
353.3136565700677
 40
418.3536596450983
 40
418.3536596450983
 40
418.3536596450983
 40
422.6036596450983
 40
422.6036596450983
 40
422.6036596450983
 40
422.6036596450983
 10
168.3990719444444
 20
40.20527194444444
 30
0.0
 10
168.3990719444444
 20
39.14105898148148
 30
0.0
 10
168.3990719444444
 20
38.07684601851852
 30
0.0
 10
168.3990719444444
 20
37.01263305555555
 30
0.0
 10
168.8988404629629
 20
37.01263305555555
 30
0.0
 10
169.3986089814815
 20
37.01263305555555
 30
0.0
 10
169.8983775
 20
37.01263305555555
 30
0.0
 10
169.8960256481481
 20
29.36323490740741
 30
0.0
 10
169.8936737962963
 20
21.71383675925926
 30
0.0
 10
169.8913219444444
 20
14.06443861111111
 30
0.0
 10
169.8913219444444
 20
13.47882749999999
 30
0.0
 10
169.3907302777777
 20
13.02021638888889
 30
0.0
 10
168.8082941666667
 20
13.06960527777777
 30
0.0
 10
153.7448006481481
 20
14.33960527777777
 30
0.0
 10
138.6813071296296
 20
15.60960527777777
 30
0.0
 10
123.6178136111111
 20
16.87960527777777
 30
0.0
 10
123.0988775
 20
16.92193861111111
 30
0.0
 10
122.7002386111111
 20
17.35585527777777
 30
0.0
 10
122.7002386111111
 20
17.87443861111111
 30
0.0
 10
122.7025904629629
 20
23.62824416666666
 30
0.0
 10
122.7049423148148
 20
29.38204972222222
 30
0.0
 10
122.7072941666666
 20
35.13585527777777
 30
0.0
 10
122.7954886111111
 20
35.8911525
 30
0.0
 10
123.4939886111111
 20
35.97934694444444
 30
0.0
 10
124.1995441666666
 20
36.56813305555555
 30
0.0
 10
124.1995441666666
 20
36.59988305555555
 30
0.0
 10
124.4782386111111
 20
36.72335527777777
 30
0.0
 10
124.9297941666667
 20
36.84329972222221
 30
0.0
 10
125.3817025
 20
36.96359694444443
 30
0.0
 10
126.0057663888889
 20
37.07260527777778
 30
0.0
 10
126.6972108333333
 20
37.07613305555555
 30
0.0
 10
128.0839802777778
 20
37.07613305555555
 30
0.0
 10
128.8597386111111
 20
37.02674416666666
 30
0.0
 10
129.2022858333333
 20
37.03027194444444
 30
0.0
 10
129.1998163888889
 20
38.02863305555555
 30
0.0
 10
129.1973469444444
 20
39.02699416666666
 30
0.0
 10
129.1948775
 20
40.02535527777777
 30
0.0
 10
128.8562108333333
 20
40.02888305555555
 30
0.0
 10
128.0800997222222
 20
39.97631916666666
 30
0.0
 10
126.6972108333333
 20
39.97631916666666
 30
0.0
 10
125.3217302777778
 20
39.97631916666666
 30
0.0
 10
124.1960163888889
 20
40.42399416666666
 30
0.0
 10
124.1960163888889
 20
40.47726361111111
 30
0.0
 10
123.4978691666667
 20
41.06604972222222
 30
0.0
 10
122.7954886111111
 20
41.23891083333333
 30
0.0
 10
122.7072941666666
 20
42.00091083333333
 30
0.0
 10
122.7108219444444
 20
42.00479138888888
 30
0.0
 10
122.7143497222222
 20
59.36816083333333
 30
0.0
 10
122.7143497222222
 20
59.36816083333333
 30
0.0
 10
122.7143497222222
 20
59.88674416666666
 30
0.0
 10
123.1129886111111
 20
60.32101361111111
 30
0.0
 10
123.6280441666666
 20
60.36299416666666
 30
0.0
 10
126.0339886111111
 20
60.56419509259258
 30
0.0
 10
128.4399330555555
 20
60.76539601851851
 30
0.0
 10
130.8458775
 20
60.96659694444443
 30
0.0
 10
129.9462941666667
 20
59.29760527777777
 30
0.0
 10
129.4068969444444
 20
57.39613305555555
 30
0.0
 10
129.3465719444444
 20
55.35002194444444
 30
0.0
 10
129.1631275
 20
49.0705775
 30
0.0
 10
133.7527663888889
 20
43.53549416666666
 30
0.0
 10
139.9581275
 20
42.56182749999999
 30
0.0
 10
147.2539247222222
 20
41.41882749999999
 30
0.0
 10
153.8646275
 20
46.69991083333333
 30
0.0
 10
154.4819886111111
 20
53.92832749999999
 30
0.0
 10
154.7606830555555
 20
57.2126886111111
 30
0.0
 10
153.7552663888889
 20
60.31713305555555
 30
0.0
 10
151.8749608333333
 20
62.72660527777778
 30
0.0
 10
157.5241089814815
 20
63.20050342592592
 30
0.0
 10
163.1732571296296
 20
63.67440157407407
 30
0.0
 10
168.8224052777778
 20
64.1482997222222
 30
0.0
 10
169.4044886111111
 20
64.19416083333331
 30
0.0
 10
169.9054330555555
 20
63.73554972222222
 30
0.0
 10
169.9054330555555
 20
63.1499386111111
 30
0.0
 10
169.9030812037037
 20
55.50171638888889
 30
0.0
 10
169.9007293518518
 20
47.85349416666666
 30
0.0
 10
169.8983775
 20
40.20527194444444
 30
0.0
 10
169.3986089814815
 20
40.20527194444444
 30
0.0
 10
168.8988404629629
 20
40.20527194444444
 30
0.0
 10
168.3990719444444
 20
40.20527194444444
 30
0.0
  0
POLYLINE
  5
1A0
330
1F
100
AcDbEntity
  8
DEFAULT
 62
   250
100
AcDb2dPolyline
 66
     1
 10
0.0
 20
0.0
 30
0.0
  0
VERTEX
  5
1A1
330
1A0
100
AcDbEntity
  8
DEFAULT
 62
   250
100
AcDbVertex
100
AcDb2dVertex
 10
202.4341547222222
 20
39.07183222222221
 30
0.0
  0
VERTEX
  5
1A2
330
1A0
100
AcDbEntity
  8
DEFAULT
 62
   250
100
AcDbVertex
100
AcDb2dVertex
 10
203.0850297222222
 20
39.59958777777778
 30
0.0
  0
VERTEX
  5
1A3
330
1A0
100
AcDbEntity
  8
DEFAULT
 62
   250
100
AcDbVertex
100
AcDb2dVertex
 10
203.0843241666666
 20
37.65084333333333
 30
0.0
  0
SEQEND
  5
1A4
330
1A0
100
AcDbEntity
  8
DEFAULT
 62
   250
  0
SPLINE
  5
1A5
330
1F
100
AcDbEntity
  8
DEFAULT
 62
   250
100
AcDbSpline
210
0.0
220
0.0
230
1.0
 70
     8
 71
     3
 72
    17
 73
    13
 74
     0
 42
0.000000001
 43
0.0000000001
 40
0.0
 40
0.0
 40
0.0
 40
0.0
 40
1.0
 40
1.0
 40
1.0
 40
2.0
 40
2.0
 40
2.0
 40
3.0
 40
3.0
 40
3.0
 40
4.0
 40
4.0
 40
4.0
 40
4.0
 10
201.2528430555555
 20
37.67966527777777
 30
0.0
 10
201.1568875
 20
37.6316875
 30
0.0
 10
200.9649763888889
 20
37.58370972222222
 30
0.0
 10
200.7187375
 20
37.58370972222222
 30
0.0
 10
200.1493541666666
 20
37.58406249999999
 30
0.0
 10
199.7203763888889
 20
37.94389583333333
 30
0.0
 10
199.7207291666667
 20
38.60605972222222
 30
0.0
 10
199.7210819444444
 20
39.23894305555555
 30
0.0
 10
200.1497069444444
 20
39.66792083333333
 30
0.0
 10
200.7762402777778
 20
39.66756805555555
 30
0.0
 10
201.0281236111111
 20
39.66756805555555
 30
0.0
 10
201.1868736111111
 20
39.61324027777777
 30
0.0
 10
201.2563708333333
 20
39.57760972222221
 30
0.0
  0
SPLINE
  5
1A6
330
1F
100
AcDbEntity
  8
DEFAULT
 62
   240
100
AcDbSpline
210
0.0
220
0.0
230
1.0
 70
    11
 71
     3
 72
    74
 73
    70
 74
     0
 42
0.000000001
 43
0.0000000001
 40
59.55000335852215
 40
59.55000335852215
 40
59.55000335852215
 40
59.55000335852215
 40
60.55000335852215
 40
60.55000335852215
 40
60.55000335852215
 40
61.55000335852215
 40
61.55000335852215
 40
61.55000335852215
 40
62.55000335852215
 40
62.55000335852215
 40
62.55000335852215
 40
63.55000335852215
 40
63.55000335852215
 40
63.55000335852215
 40
72.0400269156155
 40
72.0400269156155
 40
72.0400269156155
 40
73.0400269156155
 40
73.0400269156155
 40
73.0400269156155
 40
74.0400269156155
 40
74.0400269156155
 40
74.0400269156155
 40
75.0400269156155
 40
75.0400269156155
 40
75.0400269156155
 40
134.9390299290213
 40
134.9390299290213
 40
134.9390299290213
 40
135.9390299290213
 40
135.9390299290213
 40
135.9390299290213
 40
224.0255175420486
 40
224.0255175420486
 40
224.0255175420486
 40
225.0255175420486
 40
225.0255175420486
 40
225.0255175420486
 40
226.0255175420486
 40
226.0255175420486
 40
226.0255175420486
 40
227.0255175420486
 40
227.0255175420486
 40
227.0255175420486
 40
245.4355175420486
 40
245.4355175420486
 40
245.4355175420486
 40
249.6855317773188
 40
249.6855317773188
 40
249.6855317773188
 40
258.7465317773188
 40
258.7465317773188
 40
258.7465317773188
 40
262.9965435420084
 40
262.9965435420084
 40
262.9965435420084
 40
321.6665466185381
 40
321.6665466185381
 40
321.6665466185381
 40
322.6665466185381
 40
322.6665466185381
 40
322.6665466185381
 40
450.9189247641303
 40
450.9189247641303
 40
450.9189247641303
 40
451.9189247641303
 40
451.9189247641303
 40
451.9189247641303
 40
511.4689281226525
 40
511.4689281226525
 40
511.4689281226525
 40
511.4689281226525
 10
190.6336675
 20
35.12167361111111
 30
0.0
 10
190.7218619444444
 20
35.87697083333333
 30
0.0
 10
191.4203619444444
 20
35.97927638888888
 30
0.0
 10
192.1259175
 20
36.56841527777777
 30
0.0
 10
192.1259175
 20
36.5998125
 30
0.0
 10
192.4042591666667
 20
36.72328472222222
 30
0.0
 10
192.8561675
 20
36.84322916666666
 30
0.0
 10
193.3077230555556
 20
36.96352638888889
 30
0.0
 10
193.9321397222222
 20
37.07253472222222
 30
0.0
 10
194.6235841666666
 20
37.0760625
 30
0.0
 10
196.0100008333333
 20
37.0760625
 30
0.0
 10
196.7857591666667
 20
37.02667361111111
 30
0.0
 10
197.1283063888889
 20
37.03020138888888
 30
0.0
 10
197.125954537037
 20
38.0285625
 30
0.0
 10
197.1236026851852
 20
39.02692361111111
 30
0.0
 10
197.1212508333333
 20
40.02528472222222
 30
0.0
 10
196.7825841666667
 20
40.02881249999999
 30
0.0
 10
196.0064730555555
 20
39.97624861111111
 30
0.0
 10
194.6235841666666
 20
39.97624861111111
 30
0.0
 10
193.2477508333333
 20
39.97624861111111
 30
0.0
 10
192.1223897222222
 20
40.42392361111111
 30
0.0
 10
192.1223897222222
 20
40.47719305555555
 30
0.0
 10
191.4238897222222
 20
41.06633194444444
 30
0.0
 10
190.7218619444444
 20
41.24272083333333
 30
0.0
 10
190.6336675
 20
42.00472083333333
 30
0.0
 10
190.6359017592592
 20
49.04839953703703
 30
0.0
 10
190.6381360185185
 20
56.09207824074073
 30
0.0
 10
190.6403702777778
 20
63.13575694444444
 30
0.0
 10
190.6403702777778
 20
63.70725694444444
 30
0.0
 10
191.1205008333333
 20
64.16234027777777
 30
0.0
 10
191.6884730555556
 20
64.13411805555556
 30
0.0
 10
202.0342693518519
 20
63.62494212962963
 30
0.0
 10
212.3800656481482
 20
63.11576620370369
 30
0.0
 10
222.7258619444445
 20
62.60659027777777
 30
0.0
 10
222.4753897222222
 20
61.15667361111111
 30
0.0
 10
222.4538702777778
 20
59.63972916666666
 30
0.0
 10
222.7082230555555
 20
58.08045138888888
 30
0.0
 10
223.8582786111111
 20
50.92999861111111
 30
0.0
 10
230.5395369444444
 20
45.90291527777778
 30
0.0
 10
237.7397313888889
 20
46.69278472222222
 30
0.0
 10
237.7679536111111
 20
46.69666527777778
 30
0.0
 10
237.7997036111111
 20
46.69984027777777
 30
0.0
 10
237.8279258333333
 20
46.70336805555555
 30
0.0
 10
237.8279258333333
 20
44.53848842592592
 30
0.0
 10
237.8279258333333
 20
42.37360879629629
 30
0.0
 10
237.8279258333333
 20
40.20872916666666
 30
0.0
 10
237.3281573148148
 20
40.21002268518518
 30
0.0
 10
236.8283887962963
 20
40.2113162037037
 30
0.0
 10
236.3286202777778
 20
40.21260972222222
 30
0.0
 10
236.3286202777778
 20
39.14710324074074
 30
0.0
 10
236.3286202777778
 20
38.08159675925926
 30
0.0
 10
236.3286202777778
 20
37.01609027777778
 30
0.0
 10
236.8283887962963
 20
37.01491435185185
 30
0.0
 10
237.3281573148148
 20
37.01373842592593
 30
0.0
 10
237.8279258333333
 20
37.0125625
 30
0.0
 10
237.8256915740741
 20
30.1134050925926
 30
0.0
 10
237.8234573148148
 20
23.21424768518519
 30
0.0
 10
237.8212230555555
 20
16.31509027777778
 30
0.0
 10
237.8212230555555
 20
15.78274861111111
 30
0.0
 10
237.4014175
 20
15.34177638888889
 30
0.0
 10
236.8687230555556
 20
15.31672916666667
 30
0.0
 10
221.8051119444444
 20
14.58177546296296
 30
0.0
 10
206.7415008333333
 20
13.84682175925926
 30
0.0
 10
191.6778897222222
 20
13.11186805555556
 30
0.0
 10
191.1063897222222
 20
13.08717361111111
 30
0.0
 10
190.6266119444444
 20
13.54225694444444
 30
0.0
 10
190.6266119444444
 20
14.11375694444445
 30
0.0
 10
190.6289637962963
 20
21.11639583333333
 30
0.0
 10
190.6313156481482
 20
28.11903472222222
 30
0.0
 10
190.6336675
 20
35.12167361111111
 30
0.0
  0
POLYLINE
  5
1A7
330
1F
100
AcDbEntity
  8
DEFAULT
 62
   250
100
AcDb2dPolyline
 66
     1
 10
0.0
 20
0.0
 30
0.0
  0
VERTEX
  5
1A8
330
1A7
100
AcDbEntity
  8
DEFAULT
 62
   250
100
AcDbVertex
100
AcDb2dVertex
 10
270.3681480555555
 20
39.06770472222221
 30
0.0
  0
VERTEX
  5
1A9
330
1A7
100
AcDbEntity
  8
DEFAULT
 62
   250
100
AcDbVertex
100
AcDb2dVertex
 10
271.0186702777777
 20
39.59546027777775
 30
0.0
  0
VERTEX
  5
1AA
330
1A7
100
AcDbEntity
  8
DEFAULT
 62
   250
100
AcDbVertex
100
AcDb2dVertex
 10
271.0186702777778
 20
37.64706861111111
 30
0.0
  0
SEQEND
  5
1AB
330
1A7
100
AcDbEntity
  8
DEFAULT
 62
   250
  0
SPLINE
  5
1AC
330
1F
100
AcDbEntity
  8
DEFAULT
 62
   250
100
AcDbSpline
210
0.0
220
0.0
230
1.0
 70
    11
 71
     3
 72
    26
 73
    22
 74
     0
 42
0.000000001
 43
0.0000000001
 40
0.0
 40
0.0
 40
0.0
 40
0.0
 40
1.0
 40
1.0
 40
1.0
 40
2.0
 40
2.0
 40
2.0
 40
3.0
 40
3.0
 40
3.0
 40
4.0
 40
4.0
 40
4.0
 40
5.0
 40
5.0
 40
5.0
 40
6.0
 40
6.0
 40
6.0
 40
11.63500000000001
 40
11.63500000000001
 40
11.63500000000001
 40
11.63500000000001
 10
267.5934802777778
 20
39.60650222222222
 30
0.0
 10
267.7522302777778
 20
39.63013833333333
 30
0.0
 10
267.9413191666666
 20
39.64848277777777
 30
0.0
 10
268.1480469444444
 20
39.64848277777777
 30
0.0
 10
268.5230497222222
 20
39.64848277777777
 30
0.0
 10
268.7897497222222
 20
39.56134666666666
 30
0.0
 10
268.9668441666666
 20
39.39624666666666
 30
0.0
 10
269.1464080555555
 20
39.23185222222222
 30
0.0
 10
269.2515358333333
 20
38.99760777777777
 30
0.0
 10
269.2511830555555
 20
38.67093555555555
 30
0.0
 10
269.2511830555555
 20
38.34108833333332
 30
0.0
 10
269.1492302777777
 20
38.07121333333333
 30
0.0
 10
268.9604941666666
 20
37.88529944444443
 30
0.0
 10
268.7717580555556
 20
37.69656333333333
 30
0.0
 10
268.4595497222222
 20
37.59461055555555
 30
0.0
 10
268.0669080555555
 20
37.59461055555555
 30
0.0
 10
267.8809941666667
 20
37.59461055555555
 30
0.0
 10
267.7250663888889
 20
37.60343
 30
0.0
 10
267.5934802777778
 20
37.61859944444443
 30
0.0
 10
267.5934802777778
 20
38.2812337037037
 30
0.0
 10
267.5934802777778
 20
38.94386796296296
 30
0.0
 10
267.5934802777778
 20
39.60650222222222
 30
0.0
  0
SPLINE
  5
1AD
330
1F
100
AcDbEntity
  8
DEFAULT
 62
   240
100
AcDbSpline
210
0.0
220
0.0
230
1.0
 70
    11
 71
     3
 72
    71
 73
    67
 74
     0
 42
0.000000001
 43
0.0000000001
 40
4.239000000000033
 40
4.239000000000033
 40
4.239000000000033
 40
4.239000000000033
 40
13.28900000000003
 40
13.28900000000003
 40
13.28900000000003
 40
17.52801427221005
 40
17.52801427221005
 40
17.52801427221005
 40
54.15701563724866
 40
54.15701563724866
 40
54.15701563724866
 40
55.15701563724866
 40
55.15701563724866
 40
55.15701563724866
 40
185.0371715503057
 40
185.0371715503057
 40
185.0371715503057
 40
186.0371715503057
 40
186.0371715503057
 40
186.0371715503057
 40
238.4971725034128
 40
238.4971725034128
 40
238.4971725034128
 40
239.4971725034128
 40
239.4971725034128
 40
239.4971725034128
 40
240.4971725034128
 40
240.4971725034128
 40
240.4971725034128
 40
241.4971725034128
 40
241.4971725034128
 40
241.4971725034128
 40
242.4971725034128
 40
242.4971725034128
 40
242.4971725034128
 40
250.9871960605062
 40
250.9871960605062
 40
250.9871960605062
 40
251.9871960605062
 40
251.9871960605062
 40
251.9871960605062
 40
252.9871960605062
 40
252.9871960605062
 40
252.9871960605062
 40
253.9871960605062
 40
253.9871960605062
 40
253.9871960605062
 40
267.9771960605062
 40
267.9771960605062
 40
267.9771960605062
 40
268.9771960605062
 40
268.9771960605062
 40
268.9771960605062
 40
269.9771960605062
 40
269.9771960605062
 40
269.9771960605062
 40
370.9854487975969
 40
370.9854487975969
 40
370.9854487975969
 40
371.9854487975969
 40
371.9854487975969
 40
371.9854487975969
 40
408.6054487975969
 40
408.6054487975969
 40
408.6054487975969
 40
412.844448797597
 40
412.844448797597
 40
412.844448797597
 40
412.844448797597
 10
304.2537588888889
 20
40.21596111111111
 30
0.0
 10
304.2537588888889
 20
39.15174814814815
 30
0.0
 10
304.2537588888889
 20
38.08753518518518
 30
0.0
 10
304.2537588888889
 20
37.02332222222222
 30
0.0
 10
304.7522338888888
 20
37.0220287037037
 30
0.0
 10
305.2507088888888
 20
37.02073518518518
 30
0.0
 10
305.7491838888889
 20
37.01944166666667
 30
0.0
 10
305.748007962963
 20
32.71214259259259
 30
0.0
 10
305.746832037037
 20
28.40484351851852
 30
0.0
 10
305.7456561111111
 20
24.09754444444444
 30
0.0
 10
305.7456561111111
 20
23.61071111111111
 30
0.0
 10
305.3928783333333
 20
23.19443333333333
 30
0.0
 10
304.9099255555555
 20
23.11329444444444
 30
0.0
 10
289.8463144444444
 20
20.59328518518518
 30
0.0
 10
274.7827033333333
 20
18.07327592592592
 30
0.0
 10
259.7190922222222
 20
15.55326666666667
 30
0.0
 10
259.1087866666666
 20
15.45096111111111
 30
0.0
 10
258.5549255555555
 20
15.92368333333333
 30
0.0
 10
258.5549255555555
 20
16.54104444444445
 30
0.0
 10
258.5561014814814
 20
22.70995185185185
 30
0.0
 10
258.5572774074074
 20
28.87885925925926
 30
0.0
 10
258.5584533333333
 20
35.04776666666666
 30
0.0
 10
258.5969061111111
 20
35.88385
 30
0.0
 10
259.3239811111111
 20
35.95793333333333
 30
0.0
 10
260.0542311111111
 20
36.56823888888889
 30
0.0
 10
260.0542311111111
 20
36.59998888888889
 30
0.0
 10
260.3329255555555
 20
36.72346111111111
 30
0.0
 10
260.7844811111111
 20
36.84305277777778
 30
0.0
 10
261.2360366666667
 20
36.96335
 30
0.0
 10
261.8601005555555
 20
37.07271111111111
 30
0.0
 10
262.5518977777778
 20
37.07623888888889
 30
0.0
 10
263.9383144444444
 20
37.07623888888889
 30
0.0
 10
264.7144255555555
 20
37.02685
 30
0.0
 10
265.05662
 20
37.03037777777777
 30
0.0
 10
265.0542681481481
 20
38.02873888888888
 30
0.0
 10
265.0519162962963
 20
39.0271
 30
0.0
 10
265.0495644444444
 20
40.02546111111111
 30
0.0
 10
264.710545
 20
40.02898888888889
 30
0.0
 10
263.9347866666666
 20
39.97607222222222
 30
0.0
 10
262.5518977777778
 20
39.97607222222222
 30
0.0
 10
261.1760644444444
 20
39.97607222222222
 30
0.0
 10
260.0507033333333
 20
40.4241
 30
0.0
 10
260.0507033333333
 20
40.47701666666666
 30
0.0
 10
259.3271561111111
 20
41.08379444444444
 30
0.0
 10
258.6007866666666
 20
41.2496
 30
0.0
 10
258.5584533333333
 20
42.08568333333333
 30
0.0
 10
258.5584533333333
 20
43.73080370370369
 30
0.0
 10
258.5584533333333
 20
45.37592407407407
 30
0.0
 10
258.5584533333333
 20
47.02104444444444
 30
0.0
 10
258.6325366666666
 20
47.02774722222222
 30
0.0
 10
258.7030922222222
 20
47.04221111111111
 30
0.0
 10
258.7771755555555
 20
47.05279444444444
 30
0.0
 10
265.2012588888888
 20
48.14605277777778
 30
0.0
 10
269.7450366666666
 20
53.70618333333333
 30
0.0
 10
269.7732588888888
 20
60.00996944444444
 30
0.0
 10
281.487832962963
 20
58.04746666666666
 30
0.0
 10
293.2024070370369
 20
56.08496388888889
 30
0.0
 10
304.9169811111111
 20
54.12246111111111
 30
0.0
 10
305.3964061111111
 20
54.04096944444444
 30
0.0
 10
305.7491838888889
 20
53.62504444444444
 30
0.0
 10
305.7491838888889
 20
53.13468333333333
 30
0.0
 10
305.7491838888889
 20
48.82844259259259
 30
0.0
 10
305.7491838888889
 20
44.52220185185185
 30
0.0
 10
305.7491838888889
 20
40.21596111111111
 30
0.0
 10
305.2507088888888
 20
40.21596111111111
 30
0.0
 10
304.7522338888888
 20
40.21596111111111
 30
0.0
 10
304.2537588888889
 20
40.21596111111111
 30
0.0
  0
SPLINE
  5
1AE
330
1F
100
AcDbEntity
  8
DEFAULT
 62
   250
100
AcDbSpline
210
0.0
220
0.0
230
1.0
 70
     8
 71
     3
 72
    17
 73
    13
 74
     0
 42
0.000000001
 43
0.0000000001
 40
0.0
 40
0.0
 40
0.0
 40
0.0
 40
1.0
 40
1.0
 40
1.0
 40
2.0
 40
2.0
 40
2.0
 40
3.0
 40
3.0
 40
3.0
 40
6.528000141723345
 40
6.528000141723345
 40
6.528000141723345
 40
6.528000141723345
 10
66.0233136111111
 20
99.28203833333332
 30
0.0
 10
66.0233136111111
 20
99.64927999999999
 30
0.0
 10
66.35033861111111
 20
99.76675499999999
 30
0.0
 10
66.57505805555554
 20
99.76640222222221
 30
0.0
 10
66.9948636111111
 20
99.76640222222221
 30
0.0
 10
67.17160527777777
 20
99.56073277777777
 30
0.0
 10
67.17160527777777
 20
99.28203833333332
 30
0.0
 10
67.1712525
 20
98.9218522222222
 30
0.0
 10
65.97463027777778
 20
97.78484944444442
 30
0.0
 10
65.97463027777778
 20
97.78484944444442
 30
0.0
 10
66.38949694444445
 20
97.78473185185184
 30
0.0
 10
66.8043636111111
 20
97.78461425925924
 30
0.0
 10
67.21923027777777
 20
97.78449666666666
 30
0.0
  0
POLYLINE
  5
1AF
330
1F
100
AcDbEntity
  8
DEFAULT
 62
   250
100
AcDb2dPolyline
 66
     1
 10
0.0
 20
0.0
 30
0.0
  0
VERTEX
  5
1B0
330
1AF
100
AcDbEntity
  8
DEFAULT
 62
   250
100
AcDbVertex
100
AcDb2dVertex
 10
63.77590750000002
 20
97.76618750000002
 30
0.0
  0
VERTEX
  5
1B1
330
1AF
100
AcDbEntity
  8
DEFAULT
 62
   250
100
AcDbVertex
100
AcDb2dVertex
 10
64.61481305555556
 20
99.78654583333334
 30
0.0
  0
VERTEX
  5
1B2
330
1AF
100
AcDbEntity
  8
DEFAULT
 62
   250
100
AcDbVertex
100
AcDb2dVertex
 10
65.46712416666666
 20
97.76548194444443
 30
0.0
  0
SEQEND
  5
1B3
330
1AF
100
AcDbEntity
  8
DEFAULT
 62
   250
  0
POLYLINE
  5
1B4
330
1F
100
AcDbEntity
  8
DEFAULT
 62
   250
100
AcDb2dPolyline
 66
     1
 10
0.0
 20
0.0
 30
0.0
  0
VERTEX
  5
1B5
330
1B4
100
AcDbEntity
  8
DEFAULT
 62
   250
100
AcDbVertex
100
AcDb2dVertex
 10
65.20045944444443
 20
98.40044666666664
 30
0.0
  0
VERTEX
  5
1B6
330
1B4
100
AcDbEntity
  8
DEFAULT
 62
   250
100
AcDbVertex
100
AcDb2dVertex
 10
64.03982055555555
 20
98.40079944444442
 30
0.0
  0
SEQEND
  5
1B7
330
1B4
100
AcDbEntity
  8
DEFAULT
 62
   250
  0
SPLINE
  5
1B8
330
1F
100
AcDbEntity
  8
DEFAULT
 62
   240
100
AcDbSpline
210
0.0
220
0.0
230
1.0
 70
    11
 71
     3
 72
    77
 73
    73
 74
     0
 42
0.000000001
 43
0.0000000001
 40
4.25
 40
4.25
 40
4.25
 40
4.25
 40
13.31
 40
13.31
 40
13.31
 40
17.55000000000001
 40
17.55000000000001
 40
17.55000000000001
 40
70.69000376364308
 40
70.69000376364308
 40
70.69000376364308
 40
71.69000376364308
 40
71.69000376364308
 40
71.69000376364308
 40
202.265849156273
 40
202.265849156273
 40
202.265849156273
 40
203.265849156273
 40
203.265849156273
 40
203.265849156273
 40
226.1558513406329
 40
226.1558513406329
 40
226.1558513406329
 40
227.1558513406329
 40
227.1558513406329
 40
227.1558513406329
 40
228.1558513406329
 40
228.1558513406329
 40
228.1558513406329
 40
229.1558513406329
 40
229.1558513406329
 40
229.1558513406329
 40
237.6358749255057
 40
237.6358749255057
 40
237.6358749255057
 40
238.6358749255057
 40
238.6358749255057
 40
238.6358749255057
 40
239.6358749255057
 40
239.6358749255057
 40
239.6358749255057
 40
240.6358749255057
 40
240.6358749255057
 40
240.6358749255057
 40
263.3458771271789
 40
263.3458771271789
 40
263.3458771271789
 40
264.3458771271789
 40
264.3458771271789
 40
264.3458771271789
 40
301.628178558287
 40
301.628178558287
 40
301.628178558287
 40
302.628178558287
 40
302.628178558287
 40
302.628178558287
 40
303.628178558287
 40
303.628178558287
 40
303.628178558287
 40
304.628178558287
 40
304.628178558287
 40
304.628178558287
 40
343.1852142327265
 40
343.1852142327265
 40
343.1852142327265
 40
344.1852142327265
 40
344.1852142327265
 40
344.1852142327265
 40
397.3252151736373
 40
397.3252151736373
 40
397.3252151736373
 40
401.5752151736373
 40
401.5752151736373
 40
401.5752151736373
 40
401.5752151736373
 10
100.5006386111111
 20
100.3589630555555
 30
0.0
 10
100.5006386111111
 20
99.29357416666666
 30
0.0
 10
100.5006386111111
 20
98.22818527777777
 30
0.0
 10
100.5006386111111
 20
97.16279638888888
 30
0.0
 10
100.9992312037037
 20
97.16279638888888
 30
0.0
 10
101.4978237962963
 20
97.16279638888888
 30
0.0
 10
101.9964163888889
 20
97.16279638888888
 30
0.0
 10
101.994064537037
 20
90.91392601851851
 30
0.0
 10
101.9917126851852
 20
84.66505564814814
 30
0.0
 10
101.9893608333333
 20
78.41618527777777
 30
0.0
 10
101.9893608333333
 20
77.78824083333333
 30
0.0
 10
101.4178608333333
 20
77.3155186111111
 30
0.0
 10
100.8004997222222
 20
77.43546305555554
 30
0.0
 10
85.72865712962964
 20
80.36939824074074
 30
0.0
 10
70.65681453703704
 20
83.30333342592593
 30
0.0
 10
55.58497194444443
 20
86.2372686111111
 30
0.0
 10
55.11577749999999
 20
86.32899083333332
 30
0.0
 10
54.77711083333332
 20
86.74138805555555
 30
0.0
 10
54.77711083333332
 20
87.21799083333333
 30
0.0
 10
54.77828675925925
 20
89.90968527777777
 30
0.0
 10
54.77946268518517
 20
92.6013797222222
 30
0.0
 10
54.7806386111111
 20
95.29307416666666
 30
0.0
 10
54.8123886111111
 20
96.13974083333333
 30
0.0
 10
55.5426386111111
 20
96.21029638888888
 30
0.0
 10
56.27641638888887
 20
96.82412972222222
 30
0.0
 10
56.30463861111109
 20
96.89468527777777
 30
0.0
 10
57.40883305555554
 20
97.32472138888888
 30
0.0
 10
58.77408305555554
 20
97.33212972222222
 30
0.0
 10
60.16049972222221
 20
97.33212972222222
 30
0.0
 10
60.93661083333332
 20
97.27921305555554
 30
0.0
 10
61.27880527777776
 20
97.28626861111111
 30
0.0
 10
61.27645342592592
 20
98.28345379629629
 30
0.0
 10
61.27410157407406
 20
99.28063898148146
 30
0.0
 10
61.27174972222221
 20
100.2778241666666
 30
0.0
 10
60.93308305555554
 20
100.2848797222222
 30
0.0
 10
60.15697194444443
 20
100.2319630555555
 30
0.0
 10
58.77408305555554
 20
100.2319630555555
 30
0.0
 10
57.3982497222222
 20
100.2319630555555
 30
0.0
 10
56.2728886111111
 20
100.6799908333333
 30
0.0
 10
56.2728886111111
 20
100.7329075
 30
0.0
 10
55.55322194444443
 20
101.3361575
 30
0.0
 10
54.83355527777777
 20
101.5054908333333
 30
0.0
 10
54.7806386111111
 20
102.3239352777778
 30
0.0
 10
54.78181453703703
 20
104.9944630555556
 30
0.0
 10
54.78299046296295
 20
107.6649908333333
 30
0.0
 10
54.78416638888888
 20
110.3355186111111
 30
0.0
 10
54.78416638888888
 20
110.8117686111111
 30
0.0
 10
55.12283305555555
 20
111.2245186111111
 30
0.0
 10
55.59555527777776
 20
111.3162408333333
 30
0.0
 10
59.89944416666665
 20
112.1511482407407
 30
0.0
 10
64.20333305555553
 20
112.9860556481481
 30
0.0
 10
68.50722194444442
 20
113.8209630555556
 30
0.0
 10
69.1457497222222
 20
112.1099908333333
 30
0.0
 10
70.2746386111111
 20
110.5612963888889
 30
0.0
 10
71.85155527777778
 20
109.3936019444444
 30
0.0
 10
76.20836083333332
 20
106.1833241666667
 30
0.0
 10
82.3396386111111
 20
107.1076019444444
 30
0.0
 10
85.54991638888887
 20
111.4608797222222
 30
0.0
 10
86.88694416666665
 20
113.2741575
 30
0.0
 10
87.50430527777776
 20
115.3978797222222
 30
0.0
 10
87.45844416666665
 20
117.4969075
 30
0.0
 10
91.90932379629628
 20
118.3612130555555
 30
0.0
 10
96.36020342592592
 20
119.2255186111111
 30
0.0
 10
100.8110830555555
 20
120.0898241666667
 30
0.0
 10
101.4284441666667
 20
120.2097686111111
 30
0.0
 10
102.0034719444444
 20
119.7335186111111
 30
0.0
 10
102.0034719444444
 20
119.1055741666667
 30
0.0
 10
102.0022960185185
 20
112.8567037962963
 30
0.0
 10
102.0011200925926
 20
106.6078334259259
 30
0.0
 10
101.9999441666667
 20
100.3589630555555
 30
0.0
 10
101.5001756481481
 20
100.3589630555555
 30
0.0
 10
101.0004071296296
 20
100.3589630555555
 30
0.0
 10
100.5006386111111
 20
100.3589630555555
 30
0.0
  0
SPLINE
  5
1B9
330
1F
100
AcDbEntity
  8
DEFAULT
 62
   250
100
AcDbSpline
210
0.0
220
0.0
230
1.0
 70
     8
 71
     3
 72
    17
 73
    13
 74
     0
 42
0.000000001
 43
0.0000000001
 40
0.0
 40
0.0
 40
0.0
 40
0.0
 40
1.0
 40
1.0
 40
1.0
 40
2.0
 40
2.0
 40
2.0
 40
3.0
 40
3.0
 40
3.0
 40
6.528000566893398
 40
6.528000566893398
 40
6.528000566893398
 40
6.528000566893398
 10
133.9597763888889
 20
99.1976186111111
 30
0.0
 10
133.9597763888889
 20
99.56521305555553
 30
0.0
 10
134.2868013888889
 20
99.68233527777777
 30
0.0
 10
134.5115208333333
 20
99.68233527777777
 30
0.0
 10
134.9313263888889
 20
99.68233527777777
 30
0.0
 10
135.1080680555555
 20
99.47666583333331
 30
0.0
 10
135.1080680555555
 20
99.19797138888886
 30
0.0
 10
135.1080680555555
 20
98.83778527777777
 30
0.0
 10
133.9114458333333
 20
97.70078249999999
 30
0.0
 10
133.9114458333333
 20
97.70078249999999
 30
0.0
 10
134.3263125
 20
97.7005473148148
 30
0.0
 10
134.7411791666667
 20
97.70031212962961
 30
0.0
 10
135.1560458333333
 20
97.70007694444442
 30
0.0
  0
SPLINE
  5
1BA
330
1F
100
AcDbEntity
  8
DEFAULT
 62
   250
100
AcDbSpline
210
0.0
220
0.0
230
1.0
 70
    11
 71
     3
 72
    32
 73
    28
 74
     0
 42
0.000000001
 43
0.0000000001
 40
5.635000088731135
 40
5.635000088731135
 40
5.635000088731135
 40
5.635000088731135
 40
6.635000088731135
 40
6.635000088731135
 40
6.635000088731135
 40
7.635000088731135
 40
7.635000088731135
 40
7.635000088731135
 40
8.635000088731136
 40
8.635000088731136
 40
8.635000088731136
 40
9.635000088731136
 40
9.635000088731136
 40
9.635000088731136
 40
10.63500008873114
 40
10.63500008873114
 40
10.63500008873114
 40
11.63500008873114
 40
11.63500008873114
 40
11.63500008873114
 40
12.63500008873114
 40
12.63500008873114
 40
12.63500008873114
 40
13.63500008873114
 40
13.63500008873114
 40
13.63500008873114
 40
19.27000017746227
 40
19.27000017746227
 40
19.27000017746227
 40
19.27000017746227
 10
131.9226611111111
 20
99.67683194444443
 30
0.0
 10
132.0366083333333
 20
99.70046805555555
 30
0.0
 10
132.216525
 20
99.7188125
 30
0.0
 10
132.3992638888889
 20
99.7188125
 30
0.0
 10
132.6603194444444
 20
99.7188125
 30
0.0
 10
132.8282416666667
 20
99.67365694444443
 30
0.0
 10
132.9541833333333
 20
99.57170416666665
 30
0.0
 10
133.0593111111111
 20
99.4933875
 30
0.0
 10
133.1217527777778
 20
99.37379583333333
 30
0.0
 10
133.1217527777778
 20
99.2150458333333
 30
0.0
 10
133.1217527777778
 20
99.0199597222222
 30
0.0
 10
132.8649305555555
 20
98.8488625
 30
0.0
 10
132.6518527777778
 20
98.77125138888887
 30
0.0
 10
132.6518527777778
 20
98.77125138888887
 30
0.0
 10
133.1968944444444
 20
98.5581736111111
 30
0.0
 10
133.1965416666667
 20
98.25831249999999
 30
0.0
 10
133.1965416666667
 20
98.08439305555554
 30
0.0
 10
133.1273972222222
 20
97.95245416666667
 30
0.0
 10
133.0254444444444
 20
97.85367638888887
 30
0.0
 10
132.8850388888889
 20
97.72491249999999
 30
0.0
 10
132.6567916666667
 20
97.66494027777777
 30
0.0
 10
132.3269444444445
 20
97.66494027777777
 30
0.0
 10
132.1470277777778
 20
97.66494027777777
 30
0.0
 10
132.0090916666666
 20
97.67693472222221
 30
0.0
 10
131.9223083333333
 20
97.68892916666665
 30
0.0
 10
131.9224259259259
 20
98.35156342592592
 30
0.0
 10
131.9225435185185
 20
99.01419768518518
 30
0.0
 10
131.9226611111111
 20
99.67683194444443
 30
0.0
  0
SPLINE
  5
1BB
330
1F
100
AcDbEntity
  8
DEFAULT
 62
   240
100
AcDbSpline
210
0.0
220
0.0
230
1.0
 70
    11
 71
     3
 72
    77
 73
    73
 74
     0
 42
0.000000001
 43
0.0000000001
 40
4.240000000000009
 40
4.240000000000009
 40
4.240000000000009
 40
4.240000000000009
 40
13.29900000000004
 40
13.29900000000004
 40
13.29900000000004
 40
17.53900000000004
 40
17.53900000000004
 40
17.53900000000004
 40
82.58000093018252
 40
82.58000093018252
 40
82.58000093018252
 40
83.58000093018252
 40
83.58000093018252
 40
83.58000093018252
 40
134.3889865626472
 40
134.3889865626472
 40
134.3889865626472
 40
135.3889865626472
 40
135.3889865626472
 40
135.3889865626472
 40
136.3889865626472
 40
136.3889865626472
 40
136.3889865626472
 40
159.8109809482669
 40
159.8109809482669
 40
159.8109809482669
 40
160.8109809482669
 40
160.8109809482669
 40
160.8109809482669
 40
210.0109819645271
 40
210.0109819645271
 40
210.0109819645271
 40
211.0109819645271
 40
211.0109819645271
 40
211.0109819645271
 40
212.0109819645271
 40
212.0109819645271
 40
212.0109819645271
 40
213.0109819645271
 40
213.0109819645271
 40
213.0109819645271
 40
221.4900055521815
 40
221.4900055521815
 40
221.4900055521815
 40
222.4900055521815
 40
222.4900055521815
 40
222.4900055521815
 40
223.4900055521815
 40
223.4900055521815
 40
223.4900055521815
 40
224.4900055521815
 40
224.4900055521815
 40
224.4900055521815
 40
273.0000096750426
 40
273.0000096750426
 40
273.0000096750426
 40
274.0000096750426
 40
274.0000096750426
 40
274.0000096750426
 40
345.6002482360977
 40
345.6002482360977
 40
345.6002482360977
 40
346.6002482360977
 40
346.6002482360977
 40
346.6002482360977
 40
347.6002482360977
 40
347.6002482360977
 40
347.6002482360977
 40
360.2502482360977
 40
360.2502482360977
 40
360.2502482360977
 40
364.4902482360977
 40
364.4902482360977
 40
364.4902482360977
 40
364.4902482360977
 10
168.4124422222222
 20
100.2776477777778
 30
0.0
 10
168.4124422222222
 20
99.21237648148146
 30
0.0
 10
168.4124422222222
 20
98.14710518518517
 30
0.0
 10
168.4124422222222
 20
97.08183388888887
 30
0.0
 10
168.9110348148148
 20
97.08183388888887
 30
0.0
 10
169.4096274074074
 20
97.08183388888887
 30
0.0
 10
169.90822
 20
97.08183388888887
 30
0.0
 10
169.9069264814815
 20
89.43349407407406
 30
0.0
 10
169.9056329629629
 20
81.78515425925924
 30
0.0
 10
169.9043394444444
 20
74.13681444444444
 30
0.0
 10
169.9043394444444
 20
73.55120333333333
 30
0.0
 10
169.4037477777778
 20
73.09294499999999
 30
0.0
 10
168.8216644444444
 20
73.1419811111111
 30
0.0
 10
162.8679514814815
 20
73.64304314814814
 30
0.0
 10
156.9142385185185
 20
74.14410518518518
 30
0.0
 10
150.9605255555555
 20
74.64516722222221
 30
0.0
 10
149.5106088888889
 20
76.97667555555554
 30
0.0
 10
147.2563588888889
 20
78.81817555555556
 30
0.0
 10
144.4341366666666
 20
79.7142311111111
 30
0.0
 10
139.7880533333333
 20
81.18919499999998
 30
0.0
 10
134.9059616666667
 20
79.67895333333333
 30
0.0
 10
131.8643116666667
 20
76.2534811111111
 30
0.0
 10
129.1198181481481
 20
76.48513851851851
 30
0.0
 10
126.3753246296296
 20
76.71679592592592
 30
0.0
 10
123.6308311111111
 20
76.94845333333333
 30
0.0
 10
123.1122477777778
 20
76.99078666666666
 30
0.0
 10
122.7136088888889
 20
77.4250561111111
 30
0.0
 10
122.7136088888889
 20
77.94363944444444
 30
0.0
 10
122.7147848148148
 20
83.729195
 30
0.0
 10
122.7159607407407
 20
89.51475055555557
 30
0.0
 10
122.7171366666667
 20
95.30030611111111
 30
0.0
 10
122.7520616666666
 20
96.13991722222222
 30
0.0
 10
123.4826644444444
 20
96.21364777777778
 30
0.0
 10
124.2129144444444
 20
96.82395333333332
 30
0.0
 10
124.2411366666666
 20
96.8945088888889
 30
0.0
 10
125.3453311111111
 20
97.32489777777776
 30
0.0
 10
126.7105811111111
 20
97.33195333333332
 30
0.0
 10
128.0969977777778
 20
97.33195333333332
 30
0.0
 10
128.8731088888889
 20
97.27903666666666
 30
0.0
 10
129.2153033333333
 20
97.286445
 30
0.0
 10
129.2129514814815
 20
98.2835125925926
 30
0.0
 10
129.2105996296296
 20
99.28058018518517
 30
0.0
 10
129.2082477777778
 20
100.2776477777778
 30
0.0
 10
128.8695811111111
 20
100.2850561111111
 30
0.0
 10
128.09347
 20
100.2317866666667
 30
0.0
 10
126.7105811111111
 20
100.2317866666667
 30
0.0
 10
125.3347477777777
 20
100.2317866666667
 30
0.0
 10
124.2093866666666
 20
100.6801672222222
 30
0.0
 10
124.2093866666666
 20
100.7327311111111
 30
0.0
 10
123.48972
 20
101.3359811111111
 30
0.0
 10
122.7700533333333
 20
101.5053144444444
 30
0.0
 10
122.7171366666667
 20
102.3241116666667
 30
0.0
 10
122.7194885185185
 20
108.0285283333333
 30
0.0
 10
122.7218403703703
 20
113.732945
 30
0.0
 10
122.7241922222222
 20
119.4373616666666
 30
0.0
 10
122.7241922222222
 20
119.95912
 30
0.0
 10
123.1228311111111
 20
120.3898616666667
 30
0.0
 10
123.6378866666666
 20
120.4357227777778
 30
0.0
 10
132.0282357407407
 20
121.1376329629629
 30
0.0
 10
140.4185848148148
 20
121.8395431481481
 30
0.0
 10
148.8089338888889
 20
122.5414533333333
 30
0.0
 10
147.1611088888889
 20
114.7556477777778
 30
0.0
 10
151.6554977777778
 20
106.8361394444444
 30
0.0
 10
159.4024977777777
 20
104.3733977777778
 30
0.0
 10
162.9831922222222
 20
103.2378061111111
 30
0.0
 10
166.66972
 20
103.4565283333333
 30
0.0
 10
169.90822
 20
104.7402866666666
 30
0.0
 10
169.90822
 20
103.2527403703704
 30
0.0
 10
169.90822
 20
101.7651940740741
 30
0.0
 10
169.90822
 20
100.2776477777778
 30
0.0
 10
169.4096274074074
 20
100.2776477777778
 30
0.0
 10
168.9110348148148
 20
100.2776477777778
 30
0.0
 10
168.4124422222222
 20
100.2776477777778
 30
0.0
  0
SPLINE
  5
1BC
330
1F
100
AcDbEntity
  8
DEFAULT
 62
   250
100
AcDbSpline
210
0.0
220
0.0
230
1.0
 70
     8
 71
     3
 72
    17
 73
    13
 74
     0
 42
0.000000001
 43
0.0000000001
 40
0.0
 40
0.0
 40
0.0
 40
0.0
 40
1.0
 40
1.0
 40
1.0
 40
2.0
 40
2.0
 40
2.0
 40
3.0
 40
3.0
 40
3.0
 40
6.528000566893398
 40
6.528000566893398
 40
6.528000566893398
 40
6.528000566893398
 10
201.8903125
 20
99.26722166666666
 30
0.0
 10
201.8906652777778
 20
99.63481611111109
 30
0.0
 10
202.2176902777778
 20
99.75193833333334
 30
0.0
 10
202.4424097222222
 20
99.75193833333334
 30
0.0
 10
202.8618625
 20
99.75158555555555
 30
0.0
 10
203.0389569444444
 20
99.54591611111111
 30
0.0
 10
203.0389569444444
 20
99.26722166666666
 30
0.0
 10
203.0386041666667
 20
98.90738833333333
 30
0.0
 10
201.8416291666666
 20
97.77038555555555
 30
0.0
 10
201.8416291666666
 20
97.77038555555555
 30
0.0
 10
202.2564958333333
 20
97.77015037037036
 30
0.0
 10
202.6713625
 20
97.76991518518518
 30
0.0
 10
203.0862291666666
 20
97.76968
 30
0.0
  0
SPLINE
  5
1BD
330
1F
100
AcDbEntity
  8
DEFAULT
 62
   250
100
AcDbSpline
210
0.0
220
0.0
230
1.0
 70
     8
 71
     3
 72
    17
 73
    13
 74
     0
 42
0.000000001
 43
0.0000000001
 40
0.0
 40
0.0
 40
0.0
 40
0.0
 40
1.0
 40
1.0
 40
1.0
 40
2.0
 40
2.0
 40
2.0
 40
3.0
 40
3.0
 40
3.0
 40
4.0
 40
4.0
 40
4.0
 40
4.0
 10
201.25436
 20
97.81547055555555
 30
0.0
 10
201.1584044444444
 20
97.76749277777776
 30
0.0
 10
200.9664933333333
 20
97.71986777777776
 30
0.0
 10
200.7206072222222
 20
97.71986777777776
 30
0.0
 10
200.1512238888889
 20
97.71986777777776
 30
0.0
 10
199.7225988888889
 20
98.08005388888888
 30
0.0
 10
199.7225988888889
 20
98.74257055555555
 30
0.0
 10
199.7229516666666
 20
99.37510111111109
 30
0.0
 10
200.1519294444444
 20
99.8037261111111
 30
0.0
 10
200.7784627777777
 20
99.8037261111111
 30
0.0
 10
201.0303461111111
 20
99.80337333333333
 30
0.0
 10
201.1890961111111
 20
99.74904555555554
 30
0.0
 10
201.2585933333333
 20
99.71341499999998
 30
0.0
  0
SPLINE
  5
1BE
330
1F
100
AcDbEntity
  8
DEFAULT
 62
   240
100
AcDbSpline
210
0.0
220
0.0
230
1.0
 70
    11
 71
     3
 72
    71
 73
    67
 74
     0
 42
0.000000001
 43
0.0000000001
 40
4.25
 40
4.25
 40
4.25
 40
4.25
 40
13.31
 40
13.31
 40
13.31
 40
17.54900000000004
 40
17.54900000000004
 40
17.54900000000004
 40
47.61900166278681
 40
47.61900166278681
 40
47.61900166278681
 40
48.61900166278681
 40
48.61900166278681
 40
48.61900166278681
 40
49.61900166278681
 40
49.61900166278681
 40
49.61900166278681
 40
138.0421620903581
 40
138.0421620903581
 40
138.0421620903581
 40
139.0421620903581
 40
139.0421620903581
 40
139.0421620903581
 40
198.9921695966129
 40
198.9921695966129
 40
198.9921695966129
 40
199.9921695966129
 40
199.9921695966129
 40
199.9921695966129
 40
200.9921695966129
 40
200.9921695966129
 40
200.9921695966129
 40
201.9921695966129
 40
201.9921695966129
 40
201.9921695966129
 40
210.4711931842673
 40
210.4711931842673
 40
210.4711931842673
 40
211.4711931842673
 40
211.4711931842673
 40
211.4711931842673
 40
212.4711931842673
 40
212.4711931842673
 40
212.4711931842673
 40
213.4711931842673
 40
213.4711931842673
 40
213.4711931842673
 40
221.6911981112731
 40
221.6911981112731
 40
221.6911981112731
 40
222.6911981112731
 40
222.6911981112731
 40
222.6911981112731
 40
223.6911981112731
 40
223.6911981112731
 40
223.6911981112731
 40
327.7567189190796
 40
327.7567189190796
 40
327.7567189190796
 40
328.7567189190796
 40
328.7567189190796
 40
328.7567189190796
 40
387.4377223273377
 40
387.4377223273377
 40
387.4377223273377
 40
391.6877223273377
 40
391.6877223273377
 40
391.6877223273377
 40
391.6877223273377
 10
236.3312661111111
 20
100.33762
 30
0.0
 10
236.3312661111111
 20
99.27223111111111
 30
0.0
 10
236.3312661111111
 20
98.20684222222222
 30
0.0
 10
236.3312661111111
 20
97.14145333333333
 30
0.0
 10
236.8297411111111
 20
97.14145333333333
 30
0.0
 10
237.3282161111111
 20
97.14145333333333
 30
0.0
 10
237.8266911111111
 20
97.14145333333333
 30
0.0
 10
237.8255151851852
 20
93.60544407407407
 30
0.0
 10
237.8243392592592
 20
90.06943481481481
 30
0.0
 10
237.8231633333333
 20
86.53342555555555
 30
0.0
 10
236.3700716666666
 20
86.78389777777777
 30
0.0
 10
234.8531272222222
 20
86.79130611111111
 30
0.0
 10
233.3185438888889
 20
86.51261166666667
 30
0.0
 10
227.4197466666666
 20
85.43981444444445
 30
0.0
 10
223.204405
 20
80.48363944444445
 30
0.0
 10
222.8301077777778
 20
74.76123111111112
 30
0.0
 10
212.44433
 20
74.25911074074075
 30
0.0
 10
202.0585522222222
 20
73.75699037037039
 30
0.0
 10
191.6727744444444
 20
73.25487000000001
 30
0.0
 10
191.1016272222222
 20
73.22664777777777
 30
0.0
 10
190.6253772222222
 20
73.6817311111111
 30
0.0
 10
190.6253772222222
 20
74.25358388888888
 30
0.0
 10
190.6289049999999
 20
81.30325981481481
 30
0.0
 10
190.6324327777778
 20
88.35293574074073
 30
0.0
 10
190.6359605555555
 20
95.40261166666667
 30
0.0
 10
190.72733
 20
96.14662
 30
0.0
 10
191.4261827777778
 20
96.23869499999998
 30
0.0
 10
192.1246827777777
 20
96.82395333333334
 30
0.0
 10
192.152905
 20
96.8945088888889
 30
0.0
 10
193.2567466666666
 20
97.32489777777776
 30
0.0
 10
194.6223494444444
 20
97.33195333333333
 30
0.0
 10
196.0087661111111
 20
97.33195333333333
 30
0.0
 10
196.7845244444444
 20
97.27903666666666
 30
0.0
 10
197.1270716666666
 20
97.286445
 30
0.0
 10
197.1247198148148
 20
98.2835125925926
 30
0.0
 10
197.1223679629629
 20
99.28058018518517
 30
0.0
 10
197.1200161111111
 20
100.2776477777778
 30
0.0
 10
196.7813494444444
 20
100.2850561111111
 30
0.0
 10
196.0052383333333
 20
100.2317866666667
 30
0.0
 10
194.6223494444444
 20
100.2317866666667
 30
0.0
 10
193.2465161111111
 20
100.2317866666667
 30
0.0
 10
192.121155
 20
100.6801672222222
 30
0.0
 10
192.121155
 20
100.7327311111111
 30
0.0
 10
191.4297105555555
 20
101.3151672222222
 30
0.0
 10
190.7347383333333
 20
101.4915561111111
 30
0.0
 10
190.6359605555555
 20
102.2359172222222
 30
0.0
 10
190.6370188888889
 20
103.2025283333333
 30
0.0
 10
190.6380772222222
 20
104.1691394444444
 30
0.0
 10
190.6391355555556
 20
105.1357505555555
 30
0.0
 10
197.6174327777777
 20
107.4919533333333
 30
0.0
 10
201.9954049999999
 20
114.6713338888889
 30
0.0
 10
200.6368577777777
 20
122.1290561111111
 30
0.0
 10
200.5313772222222
 20
122.7178422222222
 30
0.0
 10
200.3902661111111
 20
123.2893422222222
 30
0.0
 10
200.2209327777777
 20
123.8470838888889
 30
0.0
 10
212.4433892592592
 20
123.2438338888889
 30
0.0
 10
224.6658457407407
 20
122.6405838888889
 30
0.0
 10
236.8883022222222
 20
122.0373338888889
 30
0.0
 10
237.4213494444444
 20
122.0122866666667
 30
0.0
 10
237.8376272222222
 20
121.5713144444444
 30
0.0
 10
237.8376272222222
 20
121.0389727777778
 30
0.0
 10
237.8352753703703
 20
114.1385218518518
 30
0.0
 10
237.8329235185185
 20
107.2380709259259
 30
0.0
 10
237.8305716666666
 20
100.33762
 30
0.0
 10
237.3308031481481
 20
100.33762
 30
0.0
 10
236.8310346296296
 20
100.33762
 30
0.0
 10
236.3312661111111
 20
100.33762
 30
0.0
  0
SPLINE
  5
1BF
330
1F
100
AcDbEntity
  8
DEFAULT
 62
   250
100
AcDbSpline
210
0.0
220
0.0
230
1.0
 70
     8
 71
     3
 72
    17
 73
    13
 74
     0
 42
0.000000001
 43
0.0000000001
 40
0.0
 40
0.0
 40
0.0
 40
0.0
 40
1.0
 40
1.0
 40
1.0
 40
2.0
 40
2.0
 40
2.0
 40
3.0
 40
3.0
 40
3.0
 40
6.52800000000002
 40
6.52800000000002
 40
6.52800000000002
 40
6.52800000000002
 10
269.8217658333333
 20
99.26962055555555
 30
0.0
 10
269.8217658333333
 20
99.63686222222222
 30
0.0
 10
270.1487908333334
 20
99.75433722222222
 30
0.0
 10
270.3735102777778
 20
99.75433722222222
 30
0.0
 10
270.7933158333333
 20
99.75433722222222
 30
0.0
 10
270.9704102777778
 20
99.54866777777777
 30
0.0
 10
270.9704102777778
 20
99.26997333333333
 30
0.0
 10
270.9704102777778
 20
98.90978722222222
 30
0.0
 10
269.7737880555555
 20
97.77243166666668
 30
0.0
 10
269.7737880555555
 20
97.77243166666668
 30
0.0
 10
270.1886547222222
 20
97.77243166666669
 30
0.0
 10
270.6035213888889
 20
97.77243166666669
 30
0.0
 10
271.0183880555555
 20
97.77243166666668
 30
0.0
  0
SPLINE
  5
1C0
330
1F
100
AcDbEntity
  8
DEFAULT
 62
   250
100
AcDbSpline
210
0.0
220
0.0
230
1.0
 70
    11
 71
     3
 72
    26
 73
    22
 74
     0
 42
0.000000001
 43
0.0000000001
 40
0.0
 40
0.0
 40
0.0
 40
0.0
 40
1.0
 40
1.0
 40
1.0
 40
2.0
 40
2.0
 40
2.0
 40
3.0
 40
3.0
 40
3.0
 40
4.0
 40
4.0
 40
4.0
 40
5.0
 40
5.0
 40
5.0
 40
6.0
 40
6.0
 40
6.0
 40
11.63499999999999
 40
11.63499999999999
 40
11.63499999999999
 40
11.63499999999999
 10
267.5927747222222
 20
99.7481636111111
 30
0.0
 10
267.7518775
 20
99.77215249999999
 30
0.0
 10
267.9406136111111
 20
99.79014416666666
 30
0.0
 10
268.1473413888889
 20
99.79014416666666
 30
0.0
 10
268.5223441666666
 20
99.79014416666666
 30
0.0
 10
268.7893969444444
 20
99.70336083333332
 30
0.0
 10
268.9661386111111
 20
99.53826083333331
 30
0.0
 10
269.1457025
 20
99.3735136111111
 30
0.0
 10
269.2511830555555
 20
99.13962194444443
 30
0.0
 10
269.2511830555555
 20
98.81294972222221
 30
0.0
 10
269.2511830555555
 20
98.48310249999999
 30
0.0
 10
269.1492302777777
 20
98.21287472222222
 30
0.0
 10
268.9601413888889
 20
98.02731361111111
 30
0.0
 10
268.7714052777778
 20
97.83822472222222
 30
0.0
 10
268.4595497222222
 20
97.73662472222222
 30
0.0
 10
268.0669080555555
 20
97.73662472222222
 30
0.0
 10
267.8806413888889
 20
97.73662472222222
 30
0.0
 10
267.7250663888889
 20
97.74544416666664
 30
0.0
 10
267.5927747222222
 20
97.76026083333332
 30
0.0
 10
267.5927747222222
 20
98.42289509259258
 30
0.0
 10
267.5927747222222
 20
99.08552935185185
 30
0.0
 10
267.5927747222222
 20
99.7481636111111
 30
0.0
  0
SPLINE
  5
1C1
330
1F
100
AcDbEntity
  8
DEFAULT
 62
   240
100
AcDbSpline
210
0.0
220
0.0
230
1.0
 70
    11
 71
     3
 72
    68
 73
    64
 74
     0
 42
0.000000001
 43
0.0000000001
 40
4.25
 40
4.25
 40
4.25
 40
4.25
 40
13.31
 40
13.31
 40
13.31
 40
17.56
 40
17.56
 40
17.56
 40
54.19000136500134
 40
54.19000136500134
 40
54.19000136500134
 40
55.19000136500134
 40
55.19000136500134
 40
55.19000136500134
 40
156.6932510666735
 40
156.6932510666735
 40
156.6932510666735
 40
157.6932510666735
 40
157.6932510666735
 40
157.6932510666735
 40
158.6932510666735
 40
158.6932510666735
 40
158.6932510666735
 40
183.8532530539548
 40
183.8532530539548
 40
183.8532530539548
 40
184.8532530539548
 40
184.8532530539548
 40
184.8532530539548
 40
185.8532530539548
 40
185.8532530539548
 40
185.8532530539548
 40
186.8532530539548
 40
186.8532530539548
 40
186.8532530539548
 40
195.3332743393054
 40
195.3332743393054
 40
195.3332743393054
 40
196.3332743393054
 40
196.3332743393054
 40
196.3332743393054
 40
197.3332743393054
 40
197.3332743393054
 40
197.3332743393054
 40
198.3332743393054
 40
198.3332743393054
 40
198.3332743393054
 40
199.3332743393054
 40
199.3332743393054
 40
199.3332743393054
 40
200.3332743393054
 40
200.3332743393054
 40
200.3332743393054
 40
330.2275806848877
 40
330.2275806848877
 40
330.2275806848877
 40
331.2275806848877
 40
331.2275806848877
 40
331.2275806848877
 40
367.8575806848877
 40
367.8575806848877
 40
367.8575806848877
 40
372.1075806848877
 40
372.1075806848877
 40
372.1075806848877
 40
372.1075806848877
 10
304.2499841666666
 20
100.3589630555555
 30
0.0
 10
304.2499841666666
 20
99.29357416666666
 30
0.0
 10
304.2499841666666
 20
98.22818527777777
 30
0.0
 10
304.2499841666666
 20
97.16279638888888
 30
0.0
 10
304.7497526851852
 20
97.16279638888888
 30
0.0
 10
305.2495212037037
 20
97.16279638888888
 30
0.0
 10
305.7492897222222
 20
97.16279638888888
 30
0.0
 10
305.7481137962963
 20
92.85537972222221
 30
0.0
 10
305.7469378703704
 20
88.54796305555556
 30
0.0
 10
305.7457619444444
 20
84.24054638888889
 30
0.0
 10
305.7457619444444
 20
83.75371305555555
 30
0.0
 10
305.3929841666667
 20
83.33743527777777
 30
0.0
 10
304.9135591666666
 20
83.25629638888888
 30
0.0
 10
293.1413647222221
 20
81.28544453703704
 30
0.0
 10
281.3691702777778
 20
79.31459268518519
 30
0.0
 10
269.5969758333333
 20
77.34374083333333
 30
0.0
 10
269.2583091666667
 20
78.3491575
 30
0.0
 10
268.7958175
 20
79.32635194444444
 30
0.0
 10
268.2031508333333
 20
80.26121305555554
 30
0.0
 10
265.9735952777777
 20
83.76782416666666
 30
0.0
 10
262.3823175
 20
85.88449083333333
 30
0.0
 10
258.5585591666667
 20
86.36779638888888
 30
0.0
 10
258.5573832407408
 20
89.32642601851849
 30
0.0
 10
258.5562073148149
 20
92.28505564814812
 30
0.0
 10
258.5550313888889
 20
95.24368527777777
 30
0.0
 10
258.5617341666667
 20
96.13621305555554
 30
0.0
 10
259.3064480555556
 20
96.19971305555553
 30
0.0
 10
260.0543369444445
 20
96.82412972222222
 30
0.0
 10
260.0825591666667
 20
96.89468527777777
 30
0.0
 10
261.1867536111111
 20
97.32472138888888
 30
0.0
 10
262.5520036111111
 20
97.33212972222222
 30
0.0
 10
263.9384202777778
 20
97.33212972222222
 30
0.0
 10
264.7145313888889
 20
97.27921305555554
 30
0.0
 10
265.0563730555555
 20
97.28626861111111
 30
0.0
 10
265.0541387962962
 20
98.28345379629629
 30
0.0
 10
265.051904537037
 20
99.28063898148146
 30
0.0
 10
265.0496702777778
 20
100.2778241666666
 30
0.0
 10
264.7106508333333
 20
100.2848797222222
 30
0.0
 10
263.9348925
 20
100.2319630555555
 30
0.0
 10
262.5520036111111
 20
100.2319630555555
 30
0.0
 10
261.1758175
 20
100.2319630555555
 30
0.0
 10
260.0508091666667
 20
100.6799908333333
 30
0.0
 10
260.0508091666667
 20
100.7329075
 30
0.0
 10
259.3064480555556
 20
101.3608519444444
 30
0.0
 10
258.5585591666667
 20
101.5160741666667
 30
0.0
 10
258.5550313888889
 20
102.4156575
 30
0.0
 10
258.5550313888889
 20
102.4191852777778
 30
0.0
 10
258.5585591666667
 20
120.8447686111111
 30
0.0
 10
258.5585591666667
 20
120.8447686111111
 30
0.0
 10
258.5585591666667
 20
121.4621297222222
 30
0.0
 10
259.1124202777778
 20
121.9348519444444
 30
0.0
 10
259.7223730555555
 20
121.8325463888889
 30
0.0
 10
274.7872776851851
 20
119.3101852777778
 30
0.0
 10
289.8521823148148
 20
116.7878241666667
 30
0.0
 10
304.9170869444444
 20
114.2654630555556
 30
0.0
 10
305.3965119444445
 20
114.1843241666667
 30
0.0
 10
305.7492897222222
 20
113.7680463888889
 30
0.0
 10
305.7492897222222
 20
113.2812130555555
 30
0.0
 10
305.7492897222222
 20
108.9737963888889
 30
0.0
 10
305.7492897222222
 20
104.6663797222222
 30
0.0
 10
305.7492897222222
 20
100.3589630555555
 30
0.0
 10
305.2495212037037
 20
100.3589630555555
 30
0.0
 10
304.7497526851852
 20
100.3589630555555
 30
0.0
 10
304.2499841666666
 20
100.3589630555555
 30
0.0
  0
POLYLINE
  5
1C2
330
1F
100
AcDbEntity
  8
DEFAULT
 62
   177
100
AcDb2dPolyline
 66
     1
 10
0.0
 20
0.0
 30
0.0
 70
     1
  0
VERTEX
  5
1C3
330
1C2
100
AcDbEntity
  8
DEFAULT
 62
   177
100
AcDbVertex
100
AcDb2dVertex
 10
119.1348547222222
 20
461.0259808333333
 30
0.0
  0
VERTEX
  5
1C4
330
1C2
100
AcDbEntity
  8
DEFAULT
 62
   177
100
AcDbVertex
100
AcDb2dVertex
 10
119.1348547222222
 20
462.8992308333333
 30
0.0
  0
VERTEX
  5
1C5
330
1C2
100
AcDbEntity
  8
DEFAULT
 62
   177
100
AcDbVertex
100
AcDb2dVertex
 10
115.9386880555555
 20
462.8992308333333
 30
0.0
  0
VERTEX
  5
1C6
330
1C2
100
AcDbEntity
  8
DEFAULT
 62
   177
100
AcDbVertex
100
AcDb2dVertex
 10
115.9386880555555
 20
463.5130641666667
 30
0.0
  0
VERTEX
  5
1C7
330
1C2
100
AcDbEntity
  8
DEFAULT
 62
   177
100
AcDbVertex
100
AcDb2dVertex
 10
119.0078547222222
 20
467.9047947222222
 30
0.0
  0
VERTEX
  5
1C8
330
1C2
100
AcDbEntity
  8
DEFAULT
 62
   177
100
AcDbVertex
100
AcDb2dVertex
 10
120.0132713888889
 20
467.9047947222222
 30
0.0
  0
VERTEX
  5
1C9
330
1C2
100
AcDbEntity
  8
DEFAULT
 62
   177
100
AcDbVertex
100
AcDb2dVertex
 10
120.0132713888889
 20
463.6294808333333
 30
0.0
  0
VERTEX
  5
1CA
330
1C2
100
AcDbEntity
  8
DEFAULT
 62
   177
100
AcDbVertex
100
AcDb2dVertex
 10
120.9763547222222
 20
463.6294808333333
 30
0.0
  0
VERTEX
  5
1CB
330
1C2
100
AcDbEntity
  8
DEFAULT
 62
   177
100
AcDbVertex
100
AcDb2dVertex
 10
120.9763547222222
 20
462.8992308333333
 30
0.0
  0
VERTEX
  5
1CC
330
1C2
100
AcDbEntity
  8
DEFAULT
 62
   177
100
AcDbVertex
100
AcDb2dVertex
 10
120.0132713888889
 20
462.8992308333333
 30
0.0
  0
VERTEX
  5
1CD
330
1C2
100
AcDbEntity
  8
DEFAULT
 62
   177
100
AcDbVertex
100
AcDb2dVertex
 10
120.0132713888889
 20
461.0259808333333
 30
0.0
  0
SEQEND
  5
1CE
330
1C2
100
AcDbEntity
  8
DEFAULT
 62
   177
  0
SPLINE
  5
1CF
330
1F
100
AcDbEntity
  8
DEFAULT
 62
   177
100
AcDbSpline
210
0.0
220
0.0
230
1.0
 70
    11
 71
     3
 72
    26
 73
    22
 74
     0
 42
0.000000001
 43
0.0000000001
 40
6.389999999999986
 40
6.389999999999986
 40
6.389999999999986
 40
6.389999999999986
 40
12.89999999999998
 40
12.89999999999998
 40
12.89999999999998
 40
13.89999999999998
 40
13.89999999999998
 40
13.89999999999998
 40
13.98999999999995
 40
13.98999999999995
 40
13.98999999999995
 40
14.98999999999995
 40
14.98999999999995
 40
14.98999999999995
 40
23.15679502620219
 40
23.15679502620219
 40
23.15679502620219
 40
23.21679502620213
 40
23.21679502620213
 40
23.21679502620213
 40
29.60679502620212
 40
29.60679502620212
 40
29.60679502620212
 40
29.60679502620212
 10
119.1348547222222
 20
463.6294808333333
 30
0.0
 10
119.1348547222222
 20
464.3950086111111
 30
0.0
 10
119.1348547222222
 20
465.1605363888889
 30
0.0
 10
119.1348547222222
 20
465.9260641666667
 30
0.0
 10
119.1348547222222
 20
466.2855447222222
 30
0.0
 10
119.1454380555555
 20
466.6453780555555
 30
0.0
 10
119.1666047222222
 20
467.0052113888889
 30
0.0
 10
119.1560213888889
 20
467.0052113888889
 30
0.0
 10
119.1454380555555
 20
467.0052113888889
 30
0.0
 10
119.1348547222222
 20
467.0052113888889
 30
0.0
 10
118.9231880555555
 20
466.6033975
 30
0.0
 10
118.7538547222222
 20
466.3067113888889
 30
0.0
 10
118.5633547222222
 20
465.9892113888889
 30
0.0
 10
118.0024380555556
 20
465.2096900925926
 30
0.0
 10
117.4415213888889
 20
464.4301687962963
 30
0.0
 10
116.8806047222222
 20
463.6506474999999
 30
0.0
 10
116.8806047222222
 20
463.6435919444444
 30
0.0
 10
116.8806047222222
 20
463.6365363888888
 30
0.0
 10
116.8806047222222
 20
463.6294808333333
 30
0.0
 10
117.6320213888889
 20
463.6294808333334
 30
0.0
 10
118.3834380555555
 20
463.6294808333334
 30
0.0
 10
119.1348547222222
 20
463.6294808333333
 30
0.0
  0
SPLINE
  5
1D0
330
1F
100
AcDbEntity
  8
DEFAULT
 62
   177
100
AcDbSpline
210
0.0
220
0.0
230
1.0
 70
    11
 71
     3
 72
    59
 73
    55
 74
     0
 42
0.000000001
 43
0.0000000001
 40
0.0
 40
0.0
 40
0.0
 40
0.0
 40
3.74423556951209
 40
3.74423556951209
 40
3.74423556951209
 40
4.744235569512091
 40
4.744235569512091
 40
4.744235569512091
 40
4.834235569512066
 40
4.834235569512066
 40
4.834235569512066
 40
5.834235569512066
 40
5.834235569512066
 40
5.834235569512066
 40
9.536896774645419
 40
9.536896774645419
 40
9.536896774645419
 40
12.38689677464538
 40
12.38689677464538
 40
12.38689677464538
 40
20.97659409178058
 40
20.97659409178058
 40
20.97659409178058
 40
30.04576169415732
 40
30.04576169415732
 40
30.04576169415732
 40
33.04476169415729
 40
33.04476169415729
 40
33.04476169415729
 40
36.94784521875678
 40
36.94784521875678
 40
36.94784521875678
 40
37.94784521875678
 40
37.94784521875678
 40
37.94784521875678
 40
38.00784521875678
 40
38.00784521875678
 40
38.00784521875678
 40
39.00784521875678
 40
39.00784521875678
 40
39.00784521875678
 40
42.89409019302175
 40
42.89409019302175
 40
42.89409019302175
 40
45.80409019302178
 40
45.80409019302178
 40
45.80409019302178
 40
54.83369151312453
 40
54.83369151312453
 40
54.83369151312453
 40
63.47999129973839
 40
63.47999129973839
 40
63.47999129973839
 40
66.41999129973838
 40
66.41999129973838
 40
66.41999129973838
 40
66.41999129973838
 10
112.0863547222222
 20
466.1482083333334
 30
0.0
 10
112.3297713888888
 20
465.7813194444445
 30
0.0
 10
112.5731880555555
 20
465.4144305555556
 30
0.0
 10
112.8166047222222
 20
465.0475416666667
 30
0.0
 10
113.0071047222222
 20
464.7617916666666
 30
0.0
 10
113.1658547222222
 20
464.4972083333333
 30
0.0
 10
113.3351880555555
 20
464.2114583333333
 30
0.0
 10
113.3457713888889
 20
464.2114583333333
 30
0.0
 10
113.3563547222222
 20
464.2114583333333
 30
0.0
 10
113.3669380555555
 20
464.2114583333333
 30
0.0
 10
113.5362713888889
 20
464.518375
 30
0.0
 10
113.7056047222222
 20
464.7829583333333
 30
0.0
 10
113.8749380555555
 20
465.058125
 30
0.0
 10
114.1148269444444
 20
465.4214861111111
 30
0.0
 10
114.3547158333333
 20
465.7848472222222
 30
0.0
 10
114.5946047222222
 20
466.1482083333333
 30
0.0
 10
114.9297436111111
 20
466.1482083333333
 30
0.0
 10
115.2648825
 20
466.1482083333333
 30
0.0
 10
115.6000213888889
 20
466.1482083333333
 30
0.0
 10
115.0179380555555
 20
465.3227083333333
 30
0.0
 10
114.4358547222222
 20
464.4972083333333
 30
0.0
 10
113.8537713888889
 20
463.6717083333333
 30
0.0
 10
114.4533760185185
 20
462.7897638888889
 30
0.0
 10
115.0529806481481
 20
461.9078194444444
 30
0.0
 10
115.6525852777778
 20
461.025875
 30
0.0
 10
115.2999250925926
 20
461.025875
 30
0.0
 10
114.9472649074074
 20
461.025875
 30
0.0
 10
114.5946047222222
 20
461.025875
 30
0.0
 10
114.3440149074074
 20
461.4104027777778
 30
0.0
 10
114.0934250925926
 20
461.7949305555555
 30
0.0
 10
113.8428352777778
 20
462.1794583333333
 30
0.0
 10
113.6421047222222
 20
462.4757916666666
 30
0.0
 10
113.4727713888889
 20
462.7615416666667
 30
0.0
 10
113.2928547222222
 20
463.0684583333333
 30
0.0
 10
113.2857991666667
 20
463.0684583333334
 30
0.0
 10
113.2787436111111
 20
463.0684583333334
 30
0.0
 10
113.2716880555555
 20
463.0684583333333
 30
0.0
 10
113.1023547222222
 20
462.7615416666667
 30
0.0
 10
112.9224380555555
 20
462.4863749999999
 30
0.0
 10
112.7319380555555
 20
462.1794583333333
 30
0.0
 10
112.4849936111111
 20
461.7949305555555
 30
0.0
 10
112.2380491666667
 20
461.4104027777778
 30
0.0
 10
111.9911047222222
 20
461.025875
 30
0.0
 10
111.6489102777778
 20
461.025875
 30
0.0
 10
111.3067158333333
 20
461.025875
 30
0.0
 10
110.9645213888889
 20
461.025875
 30
0.0
 10
111.5712991666666
 20
461.8972361111111
 30
0.0
 10
112.1780769444444
 20
462.7685972222222
 30
0.0
 10
112.7848547222222
 20
463.6399583333333
 30
0.0
 10
112.2062991666667
 20
464.4760416666666
 30
0.0
 10
111.6277436111111
 20
465.312125
 30
0.0
 10
111.0491880555555
 20
466.1482083333333
 30
0.0
 10
111.3949102777778
 20
466.1482083333333
 30
0.0
 10
111.7406325
 20
466.1482083333333
 30
0.0
 10
112.0863547222222
 20
466.1482083333334
 30
0.0
  0
SPLINE
  5
1D1
330
1F
100
AcDbEntity
  8
DEFAULT
 62
   240
100
AcDbSpline
210
0.0
220
0.0
230
1.0
 70
    11
 71
     3
 72
    89
 73
    85
 74
     0
 42
0.000000001
 43
0.0000000001
 40
5.660000000000025
 40
5.660000000000025
 40
5.660000000000025
 40
5.660000000000025
 40
14.16000000000003
 40
14.16000000000003
 40
14.16000000000003
 40
19.84000880281011
 40
19.84000880281011
 40
19.84000880281011
 40
20.84000880281011
 40
20.84000880281011
 40
20.84000880281011
 40
21.84000880281011
 40
21.84000880281011
 40
21.84000880281011
 40
26.25000880281019
 40
26.25000880281019
 40
26.25000880281019
 40
27.25000880281019
 40
27.25000880281019
 40
27.25000880281019
 40
75.18000880281019
 40
75.18000880281019
 40
75.18000880281019
 40
76.18000880281019
 40
76.18000880281019
 40
76.18000880281019
 40
104.4900088028102
 40
104.4900088028102
 40
104.4900088028102
 40
105.4900088028102
 40
105.4900088028102
 40
105.4900088028102
 40
139.4500088028102
 40
139.4500088028102
 40
139.4500088028102
 40
140.4500088028102
 40
140.4500088028102
 40
140.4500088028102
 40
144.8500088028103
 40
144.8500088028103
 40
144.8500088028103
 40
145.8500088028103
 40
145.8500088028103
 40
145.8500088028103
 40
146.8500088028103
 40
146.8500088028103
 40
146.8500088028103
 40
152.5100088028101
 40
152.5100088028101
 40
152.5100088028101
 40
161.0100088028101
 40
161.0100088028101
 40
161.0100088028101
 40
166.6900176056203
 40
166.6900176056203
 40
166.6900176056203
 40
167.6900176056203
 40
167.6900176056203
 40
167.6900176056203
 40
168.6900176056203
 40
168.6900176056203
 40
168.6900176056203
 40
181.6200176056203
 40
181.6200176056203
 40
181.6200176056203
 40
182.6200176056203
 40
182.6200176056203
 40
182.6200176056203
 40
230.5500176056203
 40
230.5500176056203
 40
230.5500176056203
 40
231.5500176056203
 40
231.5500176056203
 40
231.5500176056203
 40
235.9300176056204
 40
235.9300176056204
 40
235.9300176056204
 40
236.9300176056204
 40
236.9300176056204
 40
236.9300176056204
 40
237.9300176056204
 40
237.9300176056204
 40
237.9300176056204
 40
243.5900176056204
 40
243.5900176056204
 40
243.5900176056204
 40
243.5900176056204
 10
113.7246194444444
 20
486.4273213888888
 30
0.0
 10
113.7246194444444
 20
485.4277843518518
 30
0.0
 10
113.7246194444444
 20
484.4282473148148
 30
0.0
 10
113.7246194444444
 20
483.4287102777777
 30
0.0
 10
114.3925453703704
 20
483.4298862037037
 30
0.0
 10
115.0604712962963
 20
483.4310621296297
 30
0.0
 10
115.7283972222222
 20
483.4322380555555
 30
0.0
 10
116.0670638888889
 20
483.4287102777777
 30
0.0
 10
116.843175
 20
483.4816269444444
 30
0.0
 10
118.2260638888889
 20
483.4816269444444
 30
0.0
 10
119.5172305555556
 20
483.4816269444444
 30
0.0
 10
120.5861472222222
 20
483.0865158333332
 30
0.0
 10
120.7131472222222
 20
482.994793611111
 30
0.0
 10
120.7131472222222
 20
482.4762102777777
 30
0.0
 10
120.7131472222222
 20
481.9576269444444
 30
0.0
 10
120.7131472222222
 20
481.439043611111
 30
0.0
 10
120.7131472222222
 20
480.8851824999999
 30
0.0
 10
120.2651194444445
 20
475.4488769444444
 30
0.0
 10
119.7112583333333
 20
475.4488769444444
 30
0.0
 10
114.0750453703704
 20
475.4488769444444
 30
0.0
 10
108.4388324074074
 20
475.4488769444444
 30
0.0
 10
102.8026194444444
 20
475.4488769444444
 30
0.0
 10
99.856925
 20
475.4488769444444
 30
0.0
 10
96.75248055555555
 20
467.4267102777777
 30
0.0
 10
96.75248055555555
 20
467.4267102777777
 30
0.0
 10
93.42343425925925
 20
467.4267102777778
 30
0.0
 10
90.09438796296295
 20
467.4267102777778
 30
0.0
 10
86.76534166666666
 20
467.4267102777777
 30
0.0
 10
86.21500833333333
 20
467.4267102777777
 30
0.0
 10
85.76698055555556
 20
467.8747380555555
 30
0.0
 10
85.76698055555556
 20
468.4250713888888
 30
0.0
 10
85.76698055555556
 20
472.4185158333333
 30
0.0
 10
85.76698055555556
 20
476.4119602777778
 30
0.0
 10
85.76698055555556
 20
480.4054047222222
 30
0.0
 10
85.76698055555556
 20
480.9557380555555
 30
0.0
 10
86.21500833333333
 20
481.4037658333332
 30
0.0
 10
86.76534166666666
 20
481.4037658333332
 30
0.0
 10
87.28274907407406
 20
481.4037658333332
 30
0.0
 10
87.80015648148147
 20
481.4037658333332
 30
0.0
 10
88.3175638888889
 20
481.4037658333332
 30
0.0
 10
88.41281388888889
 20
481.2767658333333
 30
0.0
 10
88.80439722222224
 20
480.2184324999999
 30
0.0
 10
88.807925
 20
478.9202102777777
 30
0.0
 10
88.807925
 20
477.533793611111
 30
0.0
 10
88.75853611111111
 20
476.7576824999999
 30
0.0
 10
88.76206388888889
 20
476.4154880555554
 30
0.0
 10
88.7620638888889
 20
475.7499139814814
 30
0.0
 10
88.7620638888889
 20
475.0843399074074
 30
0.0
 10
88.76206388888889
 20
474.4187658333333
 30
0.0
 10
89.76160092592595
 20
474.4187658333333
 30
0.0
 10
90.76113796296299
 20
474.4187658333333
 30
0.0
 10
91.760675
 20
474.4187658333333
 30
0.0
 10
91.75949907407409
 20
475.0866917592592
 30
0.0
 10
91.75832314814816
 20
475.7546176851852
 30
0.0
 10
91.75714722222223
 20
476.4225436111111
 30
0.0
 10
91.760675
 20
476.7612102777776
 30
0.0
 10
91.70775833333335
 20
477.5373213888888
 30
0.0
 10
91.70775833333335
 20
478.9202102777777
 30
0.0
 10
91.70775833333335
 20
480.1972658333332
 30
0.0
 10
92.09228611111112
 20
481.2555991666666
 30
0.0
 10
92.19106388888888
 20
481.4037658333332
 30
0.0
 10
93.7115361111111
 20
481.4037658333332
 30
0.0
 10
95.23200833333333
 20
481.4037658333332
 30
0.0
 10
96.75248055555555
 20
481.4037658333332
 30
0.0
 10
96.75248055555555
 20
481.4037658333332
 30
0.0
 10
99.856925
 20
489.4259324999999
 30
0.0
 10
102.8026194444444
 20
489.4259324999999
 30
0.0
 10
108.4388324074074
 20
489.4259325
 30
0.0
 10
114.0750453703704
 20
489.4259325
 30
0.0
 10
119.7112583333333
 20
489.4259324999999
 30
0.0
 10
120.2651194444445
 20
489.4259324999999
 30
0.0
 10
120.7131472222222
 20
488.9779047222221
 30
0.0
 10
120.7131472222222
 20
488.4240436111111
 30
0.0
 10
120.7131472222222
 20
487.9089880555555
 30
0.0
 10
120.7131472222222
 20
487.3939324999999
 30
0.0
 10
120.7131472222222
 20
486.8788769444444
 30
0.0
 10
120.5967305555556
 20
486.7800991666666
 30
0.0
 10
119.5313416666667
 20
486.3849880555555
 30
0.0
 10
118.2260638888889
 20
486.3814602777776
 30
0.0
 10
116.8396472222222
 20
486.3814602777776
 30
0.0
 10
116.0635361111111
 20
486.4308491666666
 30
0.0
 10
115.7213416666667
 20
486.4273213888888
 30
0.0
 10
115.0557675925926
 20
486.4273213888889
 30
0.0
 10
114.3901935185185
 20
486.4273213888889
 30
0.0
 10
113.7246194444444
 20
486.4273213888888
 30
0.0
  0
ENDSEC
  0
SECTION
  2
OBJECTS
  0
DICTIONARY
  5
C
330
0
100
AcDbDictionary
  3
ACAD_GROUP
350
D
  3
ACAD_LAYOUT
350
1A
  3
ACAD_MATERIAL
350
43
  3
ACAD_MLEADERSTYLE
350
1F4
  3
ACAD_MLINESTYLE
350
17
  3
ACAD_PLOTSETTINGS
350
19
  3
ACAD_SCALELIST
350
47
  3
ACAD_VISUALSTYLE
350
2A
  3
ACDBHEADERROUNDTRIPXREC
350
1D2
  3
ACDBVARIABLEDICTIONARY
350
1F2
  0
DICTIONARY
  5
D
102
{ACAD_REACTORS
330
C
102
}
330
C
100
AcDbDictionary
  0
DICTIONARY
  5
1A
102
{ACAD_REACTORS
330
C
102
}
330
C
100
AcDbDictionary
  0
DICTIONARY
  5
43
102
{ACAD_REACTORS
330
C
102
}
330
C
100
AcDbDictionary
  3
BYBLOCK
350
45
  3
BYLAYER
350
44
  3
GLOBAL
350
46
  0
DICTIONARY
  5
1F4
102
{ACAD_REACTORS
330
C
102
}
330
C
100
AcDbDictionary
  0
DICTIONARY
  5
17
102
{ACAD_REACTORS
330
C
102
}
330
C
100
AcDbDictionary
  3
STANDARD
350
18
  0
DICTIONARY
  5
19
102
{ACAD_REACTORS
330
C
102
}
330
C
100
AcDbDictionary
  0
DICTIONARY
  5
47
102
{ACAD_REACTORS
330
C
102
}
330
C
100
AcDbDictionary
  3
A0
350
48
  3
A1
350
49
  3
A2
350
4A
  3
A3
350
4B
  3
A4
350
4C
  3
A5
350
4D
  3
A6
350
4E
  3
A7
350
4F
  3
A8
350
50
  3
A9
350
51
  3
B0
350
52
  3
B1
350
53
  3
B2
350
54
  3
B3
350
55
  3
B4
350
56
  3
B5
350
57
  3
B6
350
58
  3
B7
350
59
  3
B8
350
5A
  3
B9
350
5B
  3
C0
350
5C
  3
C1
350
5D
  3
C2
350
5E
  3
C3
350
5F
  3
C4
350
60
  3
C5
350
61
  3
C6
350
62
  3
C7
350
63
  3
C8
350
64
  3
C9
350
65
  3
D0
350
66
  3
D1
350
67
  3
D2
350
68
  0
DICTIONARY
  5
2A
102
{ACAD_REACTORS
330
C
102
}
330
C
100
AcDbDictionary
  3
2DWIREFRAME
350
2F
  3
BASIC
350
32
  3
BRIGHTEN
350
36
  3
COLORCHANGE
350
3A
  3
CONCEPTUAL
350
34
  3
DIM
350
35
  3
EDGECOLOROFF
350
3D
  3
FACEPATTERN
350
39
  3
FLAT
350
2B
  3
FLATWITHEDGES
350
2C
  3
GOURAUD
350
2D
  3
GOURAUDWITHEDGES
350
2E
  3
HIDDEN
350
31
  3
JITTEROFF
350
3B
  3
LINEPATTERN
350
38
  3
OVERHANGOFF
350
3C
  3
REALISTIC
350
33
  3
SHADED
350
42
  3
SHADED_WITH_EDGES
350
41
  3
SHADES_OF_GRAY
350
3E
  3
SKETCHY
350
3F
  3
THICKEN
350
37
  3
WIREFRAME
350
30
  3
X-RAY
350
40
  0
DICTIONARY
  5
1D2
102
{ACAD_REACTORS
330
C
102
}
330
C
100
AcDbDictionary
  3
CEPSNTYPE
350
1DB
  3
DIMSTYLEDATA
350
1F1
  3
FINGERPRINTGUID
350
1DC
  3
HYPERLINKBASE
350
1D5
  3
INSUNITS
350
1DA
  3
LAYOUTDICT
350
1D7
  3
LWETCUNION
350
1D9
  3
PLOTSETDICT
350
1D8
  3
PSVPSCALE
350
1DE
  3
PUCSBASE
350
1E1
  3
PUCSORGBACK
350
1E7
  3
PUCSORGBOTTOM
350
1E3
  3
PUCSORGFRONT
350
1E6
  3
PUCSORGLEFT
350
1E4
  3
PUCSORGRIGHT
350
1E5
  3
PUCSORGTOP
350
1E2
  3
PUCSORTHOREF
350
1DF
  3
PUCSORTHOVIEW
350
1E0
  3
STYLESHEET
350
1D6
  3
TSTACKALIGN
350
1D3
  3
TSTACKSIZE
350
1D4
  3
UCSBASE
350
1EA
  3
UCSORGBACK
350
1F0
  3
UCSORGBOTTOM
350
1EC
  3
UCSORGFRONT
350
1EF
  3
UCSORGLEFT
350
1ED
  3
UCSORGRIGHT
350
1EE
  3
UCSORGTOP
350
1EB
  3
UCSORTHOREF
350
1E8
  3
UCSORTHOVIEW
350
1E9
  3
VERSIONGUID
350
1DD
  0
DICTIONARY
  5
1F2
102
{ACAD_REACTORS
330
C
102
}
330
C
100
AcDbDictionary
  3
CANNOSCALE
350
1F9
  3
DIMASSOC
350
1F7
  3
HIDETEXT
350
1F8
  3
MSLTSCALE
350
1FA
  0
MATERIAL
  5
45
102
{ACAD_REACTORS
330
43
102
}
102
{ACAD_XDICTIONARY
360
1FD
102
}
330
43
100
AcDbMaterial
  1
BYBLOCK
  0
MATERIAL
  5
44
102
{ACAD_REACTORS
330
43
102
}
102
{ACAD_XDICTIONARY
360
1FB
102
}
330
43
100
AcDbMaterial
  1
BYLAYER
  0
MATERIAL
  5
46
102
{ACAD_REACTORS
330
43
102
}
102
{ACAD_XDICTIONARY
360
1FF
102
}
330
43
100
AcDbMaterial
  1
GLOBAL
  0
MLINESTYLE
  5
18
102
{ACAD_REACTORS
330
17
102
}
330
17
100
AcDbMlineStyle
  2
Standard
 70
     0
  3

 62
   256
 51
90.0
 52
90.0
 71
     2
 49
0.5
 62
   256
  6
BYLAYER
 49
-0.5
 62
   256
  6
BYLAYER
  0
ACAD_PROXY_OBJECT
  5
48
102
{ACAD_REACTORS
330
47
102
}
330
47
100
AcDbProxyObject
 90
      499
 91
      503
 93
       41
310
903313A31580
  0
ACAD_PROXY_OBJECT
  5
49
102
{ACAD_REACTORS
330
47
102
}
330
47
100
AcDbProxyObject
 90
      499
 91
      503
 93
      105
310
903313A324000000000000004000
  0
ACAD_PROXY_OBJECT
  5
4A
102
{ACAD_REACTORS
330
47
102
}
330
47
100
AcDbProxyObject
 90
      499
 91
      503
 93
      105
310
903313A344000000000000104000
  0
ACAD_PROXY_OBJECT
  5
4B
102
{ACAD_REACTORS
330
47
102
}
330
47
100
AcDbProxyObject
 90
      499
 91
      503
 93
      105
310
903313A354000000000000144000
  0
ACAD_PROXY_OBJECT
  5
4C
102
{ACAD_REACTORS
330
47
102
}
330
47
100
AcDbProxyObject
 90
      499
 91
      503
 93
      105
310
903313A384000000000000204000
  0
ACAD_PROXY_OBJECT
  5
4D
102
{ACAD_REACTORS
330
47
102
}
330
47
100
AcDbProxyObject
 90
      499
 91
      503
 93
      113
310
904313A31304000000000000244000
  0
ACAD_PROXY_OBJECT
  5
4E
102
{ACAD_REACTORS
330
47
102
}
330
47
100
AcDbProxyObject
 90
      499
 91
      503
 93
      113
310
904313A31364000000000000304000
  0
ACAD_PROXY_OBJECT
  5
4F
102
{ACAD_REACTORS
330
47
102
}
330
47
100
AcDbProxyObject
 90
      499
 91
      503
 93
      113
310
904313A32304000000000000344000
  0
ACAD_PROXY_OBJECT
  5
50
102
{ACAD_REACTORS
330
47
102
}
330
47
100
AcDbProxyObject
 90
      499
 91
      503
 93
      113
310
904313A333040000000000003E4000
  0
ACAD_PROXY_OBJECT
  5
51
102
{ACAD_REACTORS
330
47
102
}
330
47
100
AcDbProxyObject
 90
      499
 91
      503
 93
      113
310
904313A34304000000000000444000
  0
ACAD_PROXY_OBJECT
  5
52
102
{ACAD_REACTORS
330
47
102
}
330
47
100
AcDbProxyObject
 90
      499
 91
      503
 93
      113
310
904313A35304000000000000494000
  0
ACAD_PROXY_OBJECT
  5
53
102
{ACAD_REACTORS
330
47
102
}
330
47
100
AcDbProxyObject
 90
      499
 91
      503
 93
      121
310
905313A3130304000000000000594000
  0
ACAD_PROXY_OBJECT
  5
54
102
{ACAD_REACTORS
330
47
102
}
330
47
100
AcDbProxyObject
 90
      499
 91
      503
 93
      105
310
903323A310000000000000010100
  0
ACAD_PROXY_OBJECT
  5
55
102
{ACAD_REACTORS
330
47
102
}
330
47
100
AcDbProxyObject
 90
      499
 91
      503
 93
      105
310
903343A310000000000000410100
  0
ACAD_PROXY_OBJECT
  5
56
102
{ACAD_REACTORS
330
47
102
}
330
47
100
AcDbProxyObject
 90
      499
 91
      503
 93
      105
310
903383A310000000000000810100
  0
ACAD_PROXY_OBJECT
  5
57
102
{ACAD_REACTORS
330
47
102
}
330
47
100
AcDbProxyObject
 90
      499
 91
      503
 93
      113
310
90431303A310000000000000910100
  0
ACAD_PROXY_OBJECT
  5
58
102
{ACAD_REACTORS
330
47
102
}
330
47
100
AcDbProxyObject
 90
      499
 91
      503
 93
      121
310
9053130303A310000000000001650100
  0
ACAD_PROXY_OBJECT
  5
59
102
{ACAD_REACTORS
330
47
102
}
330
47
100
AcDbProxyObject
 90
      499
 91
      503
 93
      257
310
90E312F31323822203D2031272D3022000000000000200FC000000000000284000
  0
ACAD_PROXY_OBJECT
  5
5A
102
{ACAD_REACTORS
330
47
102
}
330
47
100
AcDbProxyObject
 90
      499
 91
      503
 93
      249
310
90D312F363422203D2031272D3022000000000000240FC000000000000284000
  0
ACAD_PROXY_OBJECT
  5
5B
102
{ACAD_REACTORS
330
47
102
}
330
47
100
AcDbProxyObject
 90
      499
 91
      503
 93
      249
310
90D312F333222203D2031272D3022000000000000280FC000000000000284000
  0
ACAD_PROXY_OBJECT
  5
5C
102
{ACAD_REACTORS
330
47
102
}
330
47
100
AcDbProxyObject
 90
      499
 91
      503
 93
      249
310
90D312F313622203D2031272D30220000000000002C0FC000000000000284000
  0
ACAD_PROXY_OBJECT
  5
5D
102
{ACAD_REACTORS
330
47
102
}
330
47
100
AcDbProxyObject
 90
      499
 91
      503
 93
      249
310
90D332F333222203D2031272D30220000000000002E0FC000000000000284000
  0
ACAD_PROXY_OBJECT
  5
5E
102
{ACAD_REACTORS
330
47
102
}
330
47
100
AcDbProxyObject
 90
      499
 91
      503
 93
      241
310
90C312F3822203D2031272D3022000000000000300FC000000000000284000
  0
ACAD_PROXY_OBJECT
  5
5F
102
{ACAD_REACTORS
330
47
102
}
330
47
100
AcDbProxyObject
 90
      499
 91
      503
 93
      249
310
90D332F313622203D2031272D3022000000000000320FC000000000000284000
  0
ACAD_PROXY_OBJECT
  5
60
102
{ACAD_REACTORS
330
47
102
}
330
47
100
AcDbProxyObject
 90
      499
 91
      503
 93
      241
310
90C312F3422203D2031272D3022000000000000340FC000000000000284000
  0
ACAD_PROXY_OBJECT
  5
61
102
{ACAD_REACTORS
330
47
102
}
330
47
100
AcDbProxyObject
 90
      499
 91
      503
 93
      241
310
90C332F3822203D2031272D3022000000000000360FC000000000000284000
  0
ACAD_PROXY_OBJECT
  5
62
102
{ACAD_REACTORS
330
47
102
}
330
47
100
AcDbProxyObject
 90
      499
 91
      503
 93
      241
310
90C312F3222203D2031272D3022000000000000380FC000000000000284000
  0
ACAD_PROXY_OBJECT
  5
63
102
{ACAD_REACTORS
330
47
102
}
330
47
100
AcDbProxyObject
 90
      499
 91
      503
 93
      241
310
90C332F3422203D2031272D30220000000000003A0FC000000000000284000
  0
ACAD_PROXY_OBJECT
  5
64
102
{ACAD_REACTORS
330
47
102
}
330
47
100
AcDbProxyObject
 90
      499
 91
      503
 93
      161
310
90A3122203D2031272D30224000000000000284000
  0
ACAD_PROXY_OBJECT
  5
65
102
{ACAD_REACTORS
330
47
102
}
330
47
100
AcDbProxyObject
 90
      499
 91
      503
 93
      257
310
90E312D312F3222203D2031272D30220000000000003E0FC000000000000284000
  0
ACAD_PROXY_OBJECT
  5
66
102
{ACAD_REACTORS
330
47
102
}
330
47
100
AcDbProxyObject
 90
      499
 91
      503
 93
      225
310
90A3322203D2031272D302200000000000002100000000000000284000
  0
ACAD_PROXY_OBJECT
  5
67
102
{ACAD_REACTORS
330
47
102
}
330
47
100
AcDbProxyObject
 90
      499
 91
      503
 93
      225
310
90A3622203D2031272D302200000000000006100000000000000284000
  0
ACAD_PROXY_OBJECT
  5
68
102
{ACAD_REACTORS
330
47
102
}
330
47
100
AcDbProxyObject
 90
      499
 91
      503
 93
      249
310
90D31272D3022203D2031272D30220000000000000A100000000000000284000
  0
ACAD_PROXY_OBJECT
  5
2F
102
{ACAD_REACTORS
330
2A
102
}
330
2A
100
AcDbProxyObject
 90
      499
 91
      501
 93
      436
310
42CC9915DA5C99599C985B595049028333333333333E33F0000000000000F90107901411070040501600405405064090741402480A0340
1001
ACAD
1000
AcDbSavedByObjectVersion
1070
     0
  0
ACAD_PROXY_OBJECT
  5
32
102
{ACAD_REACTORS
330
2A
102
}
330
2A
100
AcDbProxyObject
 90
      499
 91
      501
 93
      388
310
4150985CDA58D07406404333333333333E33F0000000000000F90107A41107004050150841D405064090741402480A0350
1001
ACAD
1000
AcDbSavedByObjectVersion
1070
     0
  0
ACAD_PROXY_OBJECT
  5
36
102
{ACAD_REACTORS
330
2A
102
}
330
2A
100
AcDbProxyObject
 90
      499
 91
      501
 93
      428
310
42109C9A59DA1D195B90C409028333333333333E33F0000000000000F9010790141107004050150841D405064090741402480A029950
1001
ACAD
1000
AcDbSavedByObjectVersion
1070
     0
  0
ACAD_PROXY_OBJECT
  5
3A
102
{ACAD_REACTORS
330
2A
102
}
330
2A
100
AcDbProxyObject
 90
      499
 91
      501
 93
      452
310
42D0DBDB1BDC90DA185B99D95104090240C333333333333E33F0000000000000F90108901411070040501508421405064090741402480A0350
1001
ACAD
1000
AcDbSavedByObjectVersion
1070
     0
  0
ACAD_PROXY_OBJECT
  5
34
102
{ACAD_REACTORS
330
2A
102
}
330
2A
100
AcDbProxyObject
 90
      499
 91
      501
 93
      500
310
4290DBDB98D95C1D1D585B10940D028333333333333E33F0000000000000F90107902409070040501000000000018199010841D405064090740C02480A0340
1001
ACAD
1000
AcDbSavedByObjectVersion
1070
     0
  0
ACAD_PROXY_OBJECT
  5
35
102
{ACAD_REACTORS
330
2A
102
}
330
2A
100
AcDbProxyObject
 90
      499
 91
      501
 93
      412
310
40D11A5B50B409028333333333333E33F0000000000000F9010790141107004050150841D405064090741402480A02677FFFFFD0
1001
ACAD
1000
AcDbSavedByObjectVersion
1070
     0
  0
ACAD_PROXY_OBJECT
  5
3D
102
{ACAD_REACTORS
330
2A
102
}
330
2A
100
AcDbProxyObject
 90
      499
 91
      501
 93
      452
310
43115919D950DBDB1BDC93D999916409028333333333333E33F0000000000000F9010790141107004050150841D405064090741402480A0350
1001
ACAD
1000
AcDbSavedByObjectVersion
1070
     0
  0
ACAD_PROXY_OBJECT
  5
39
102
{ACAD_REACTORS
330
2A
102
}
330
2A
100
AcDbProxyObject
 90
      499
 91
      501
 93
      444
310
42D19858D95C185D1D195C9B90F409028333333333333E33F0000000000000F9010790141107004050150841D405064090741402480A0350
1001
ACAD
1000
AcDbSavedByObjectVersion
1070
     0
  0
ACAD_PROXY_OBJECT
  5
2B
102
{ACAD_REACTORS
330
2A
102
}
330
2A
100
AcDbProxyObject
 90
      499
 91
      501
 93
      380
310
41119B185D240901404333333333333E33F0000000000000F9010740A907004050150841D405064090741402480A1B50
1001
ACAD
1000
AcDbSavedByObjectVersion
1070
     0
  0
ACAD_PROXY_OBJECT
  5
2C
102
{ACAD_REACTORS
330
2A
102
}
330
2A
100
AcDbProxyObject
 90
      499
 91
      501
 93
      468
310
43519B185D15DA5D1A115919D95CD0140901404333333333333E33F0000000000000F90107409019070040501600405405064090741402480A1B50
1001
ACAD
1000
AcDbSavedByObjectVersion
1070
     0
  0
ACAD_PROXY_OBJECT
  5
2D
102
{ACAD_REACTORS
330
2A
102
}
330
2A
100
AcDbProxyObject
 90
      499
 91
      501
 93
      404
310
41D1DBDD5C985D5910240902404333333333333E33F0000000000000F9010740A9070040501641D405064090741402480A1B50
1001
ACAD
1000
AcDbSavedByObjectVersion
1070
     0
  0
ACAD_PROXY_OBJECT
  5
2E
102
{ACAD_REACTORS
330
2A
102
}
330
2A
100
AcDbProxyObject
 90
      499
 91
      501
 93
      492
310
4411DBDD5C985D5915DA5D1A115919D95CD0340902404333333333333E33F0000000000000F90107409019070040501600405405064090741402480A1B50
1001
ACAD
1000
AcDbSavedByObjectVersion
1070
     0
  0
ACAD_PROXY_OBJECT
  5
31
102
{ACAD_REACTORS
330
2A
102
}
330
2A
100
AcDbProxyObject
 90
      499
 91
      501
 93
      476
310
41921A5919195B90640502408333333333333E33F0000000000000F901079024090700405020000000000001110200405405064090740C02480A0340
1001
ACAD
1000
AcDbSavedByObjectVersion
1070
     0
  0
ACAD_PROXY_OBJECT
  5
3B
102
{ACAD_REACTORS
330
2A
102
}
330
2A
100
AcDbProxyObject
 90
      499
 91
      501
 93
      428
310
42529A5D1D195C93D999914409028333333333333E33F0000000000000F9010790141107004050150A41D405064090741402480A0350
1001
ACAD
1000
AcDbSavedByObjectVersion
1070
     0
  0
ACAD_PROXY_OBJECT
  5
38
102
{ACAD_REACTORS
330
2A
102
}
330
2A
100
AcDbProxyObject
 90
      499
 91
      501
 93
      444
310
42D31A5B995C185D1D195C9B90E409028333333333333E33F0000000000000F9010790141107004050750841D405064090741402483A0350
1001
ACAD
1000
AcDbSavedByObjectVersion
1070
     0
  0
ACAD_PROXY_OBJECT
  5
3C
102
{ACAD_REACTORS
330
2A
102
}
330
2A
100
AcDbProxyObject
 90
      499
 91
      501
 93
      444
310
42D3DD995C9A185B99D3D999915409028333333333333E33F0000000000000F9010790141107004050150941D405064090741402480A0350
1001
ACAD
1000
AcDbSavedByObjectVersion
1070
     0
  0
ACAD_PROXY_OBJECT
  5
33
102
{ACAD_REACTORS
330
2A
102
}
330
2A
100
AcDbProxyObject
 90
      499
 91
      501
 93
      428
310
425499585B1A5CDD1A58D08409038333333333333E33F0000000000000F9010740A907004050150800405405064090740C02480A1B40
1001
ACAD
1000
AcDbSavedByObjectVersion
1070
     0
  0
ACAD_PROXY_OBJECT
  5
42
102
{ACAD_REACTORS
330
2A
102
}
330
2A
100
AcDbProxyObject
 90
      499
 91
      501
 93
      420
310
4194DA1859195911B40902404333333333333E33F0000000000000F9010740A41107004050150800405405064090840C02480A0B40
1001
ACAD
1000
AcDbSavedByObjectVersion
1070
     0
  0
ACAD_PROXY_OBJECT
  5
41
102
{ACAD_REACTORS
330
2A
102
}
330
2A
100
AcDbProxyObject
 90
      499
 91
      501
 93
      516
310
4454DA18591959081DDA5D1A08195919D95CD1A40902404333333333333E33F0000000000000F901074090142907004050250800405405064090740C02480A0B40
1001
ACAD
1000
AcDbSavedByObjectVersion
1070
     0
  0
ACAD_PROXY_OBJECT
  5
3E
102
{ACAD_REACTORS
330
2A
102
}
330
2A
100
AcDbProxyObject
 90
      499
 91
      501
 93
      532
310
4394DA1859195CC81BD98811DC985E5174090240C333333333333E33F0000000000000F901079024090741D01000000000000111010841D405064090740C02480A0340
1001
ACAD
1000
AcDbSavedByObjectVersion
1070
     0
  0
ACAD_PROXY_OBJECT
  5
3F
102
{ACAD_REACTORS
330
2A
102
}
330
2A
100
AcDbProxyObject
 90
      499
 91
      501
 93
      476
310
41D4DAD95D18DA1E51840502408333333333333E33F0000000000000F901079024090741D01000000000000111010B41D405064090741802480A0340
1001
ACAD
1000
AcDbSavedByObjectVersion
1070
     0
  0
ACAD_PROXY_OBJECT
  5
37
102
{ACAD_REACTORS
330
2A
102
}
330
2A
100
AcDbProxyObject
 90
      499
 91
      501
 93
      412
310
41D51A1A58DAD95B90D409028333333333333E33F0000000000000F9010790141107004050150C41D405064090741402480A0350
1001
ACAD
1000
AcDbSavedByObjectVersion
1070
     0
  0
ACAD_PROXY_OBJECT
  5
30
102
{ACAD_REACTORS
330
2A
102
}
330
2A
100
AcDbProxyObject
 90
      499
 91
      501
 93
      420
310
4255DA5C99599C985B595059028333333333333E33F0000000000000F90107901411070040501600405405064090740C02480A0340
1001
ACAD
1000
AcDbSavedByObjectVersion
1070
     0
  0
ACAD_PROXY_OBJECT
  5
40
102
{ACAD_REACTORS
330
2A
102
}
330
2A
100
AcDbProxyObject
 90
      499
 91
      501
 93
      404
310
41560B54985E51940902404000000000000E03F0000000000000F9010740501907004050150841D405064090740C02480A1B40
1001
ACAD
1000
AcDbSavedByObjectVersion
1070
     0
  0
XRECORD
  5
1DB
102
{ACAD_REACTORS
330
1D2
102
}
330
1D2
100
AcDbXrecord
 90
        0
  0
XRECORD
  5
1F1
102
{ACAD_REACTORS
330
1D2
102
}
330
1D2
100
AcDbXrecord
1000
DSTYLE
1002
{
1070
   279
 70
     2
1070
   340
340
11
1002
}
  0
XRECORD
  5
1DC
102
{ACAD_REACTORS
330
1D2
102
}
330
1D2
100
AcDbXrecord
  1
{CC1D392B-D084-443C-865A-2A0E6D843BE9}
  0
XRECORD
  5
1D5
102
{ACAD_REACTORS
330
1D2
102
}
330
1D2
100
AcDbXrecord
  1

  0
XRECORD
  5
1DA
102
{ACAD_REACTORS
330
1D2
102
}
330
1D2
100
AcDbXrecord
 90
        4
  0
XRECORD
  5
1D7
102
{ACAD_REACTORS
330
1D2
102
}
330
1D2
100
AcDbXrecord
340
1A
  0
XRECORD
  5
1D9
102
{ACAD_REACTORS
330
1D2
102
}
330
1D2
100
AcDbXrecord
 90
    10781
  0
XRECORD
  5
1D8
102
{ACAD_REACTORS
330
1D2
102
}
330
1D2
100
AcDbXrecord
340
19
  0
XRECORD
  5
1DE
102
{ACAD_REACTORS
330
1D2
102
}
330
1D2
100
AcDbXrecord
 40
0.0
  0
XRECORD
  5
1E1
102
{ACAD_REACTORS
330
1D2
102
}
330
1D2
100
AcDbXrecord
340
0
  0
XRECORD
  5
1E7
102
{ACAD_REACTORS
330
1D2
102
}
330
1D2
100
AcDbXrecord
 10
0.0
 20
0.0
 30
0.0
  0
XRECORD
  5
1E3
102
{ACAD_REACTORS
330
1D2
102
}
330
1D2
100
AcDbXrecord
 10
0.0
 20
0.0
 30
0.0
  0
XRECORD
  5
1E6
102
{ACAD_REACTORS
330
1D2
102
}
330
1D2
100
AcDbXrecord
 10
0.0
 20
0.0
 30
0.0
  0
XRECORD
  5
1E4
102
{ACAD_REACTORS
330
1D2
102
}
330
1D2
100
AcDbXrecord
 10
0.0
 20
0.0
 30
0.0
  0
XRECORD
  5
1E5
102
{ACAD_REACTORS
330
1D2
102
}
330
1D2
100
AcDbXrecord
 10
0.0
 20
0.0
 30
0.0
  0
XRECORD
  5
1E2
102
{ACAD_REACTORS
330
1D2
102
}
330
1D2
100
AcDbXrecord
 10
0.0
 20
0.0
 30
0.0
  0
XRECORD
  5
1DF
102
{ACAD_REACTORS
330
1D2
102
}
330
1D2
100
AcDbXrecord
340
0
  0
XRECORD
  5
1E0
102
{ACAD_REACTORS
330
1D2
102
}
330
1D2
100
AcDbXrecord
 70
     0
  0
XRECORD
  5
1D6
102
{ACAD_REACTORS
330
1D2
102
}
330
1D2
100
AcDbXrecord
  1

  0
XRECORD
  5
1D3
102
{ACAD_REACTORS
330
1D2
102
}
330
1D2
100
AcDbXrecord
 90
        1
  0
XRECORD
  5
1D4
102
{ACAD_REACTORS
330
1D2
102
}
330
1D2
100
AcDbXrecord
 90
       70
  0
XRECORD
  5
1EA
102
{ACAD_REACTORS
330
1D2
102
}
330
1D2
100
AcDbXrecord
340
0
  0
XRECORD
  5
1F0
102
{ACAD_REACTORS
330
1D2
102
}
330
1D2
100
AcDbXrecord
 10
0.0
 20
0.0
 30
0.0
  0
XRECORD
  5
1EC
102
{ACAD_REACTORS
330
1D2
102
}
330
1D2
100
AcDbXrecord
 10
0.0
 20
0.0
 30
0.0
  0
XRECORD
  5
1EF
102
{ACAD_REACTORS
330
1D2
102
}
330
1D2
100
AcDbXrecord
 10
0.0
 20
0.0
 30
0.0
  0
XRECORD
  5
1ED
102
{ACAD_REACTORS
330
1D2
102
}
330
1D2
100
AcDbXrecord
 10
0.0
 20
0.0
 30
0.0
  0
XRECORD
  5
1EE
102
{ACAD_REACTORS
330
1D2
102
}
330
1D2
100
AcDbXrecord
 10
0.0
 20
0.0
 30
0.0
  0
XRECORD
  5
1EB
102
{ACAD_REACTORS
330
1D2
102
}
330
1D2
100
AcDbXrecord
 10
0.0
 20
0.0
 30
0.0
  0
XRECORD
  5
1E8
102
{ACAD_REACTORS
330
1D2
102
}
330
1D2
100
AcDbXrecord
340
0
  0
XRECORD
  5
1E9
102
{ACAD_REACTORS
330
1D2
102
}
330
1D2
100
AcDbXrecord
 70
     0
  0
XRECORD
  5
1DD
102
{ACAD_REACTORS
330
1D2
102
}
330
1D2
100
AcDbXrecord
  1
{FAEB1C32-E019-11D5-929B-00C0DF256EC4}
  0
DICTIONARYVAR
  5
1F9
102
{ACAD_REACTORS
330
1F2
102
}
330
1F2
100
DictionaryVariables
280
     0
  1
1:1
  0
DICTIONARYVAR
  5
1F7
102
{ACAD_REACTORS
330
1F2
102
}
330
1F2
100
DictionaryVariables
280
     0
  1
2
  0
DICTIONARYVAR
  5
1F8
102
{ACAD_REACTORS
330
1F2
102
}
330
1F2
100
DictionaryVariables
280
     0
  1
1
  0
DICTIONARYVAR
  5
1FA
102
{ACAD_REACTORS
330
1F2
102
}
330
1F2
100
DictionaryVariables
280
     0
  1
1
  0
DICTIONARY
  5
1FD
330
45
100
AcDbDictionary
280
     1
  3
ACAD_XREC_ROUNDTRIP
360
1FE
  0
DICTIONARY
  5
1FB
330
44
100
AcDbDictionary
280
     1
  3
ACAD_XREC_ROUNDTRIP
360
1FC
  0
DICTIONARY
  5
1FF
330
46
100
AcDbDictionary
280
     1
  3
ACAD_XREC_ROUNDTRIP
360
200
  0
XRECORD
  5
1FE
102
{ACAD_REACTORS
330
1FD
102
}
330
1FD
100
AcDbXrecord
102
MATERIAL
148
0.0
149
0.0
149
0.0
 93
        0
 94
      127
282
     0
 72
     1
 77
     1
171
     1
175
     1
179
     1
273
     0
  0
XRECORD
  5
1FC
102
{ACAD_REACTORS
330
1FB
102
}
330
1FB
100
AcDbXrecord
102
MATERIAL
148
0.0
149
0.0
149
0.0
 93
        0
 94
      127
282
     0
 72
     1
 77
     1
171
     1
175
     1
179
     1
273
     0
  0
XRECORD
  5
200
102
{ACAD_REACTORS
330
1FF
102
}
330
1FF
100
AcDbXrecord
102
MATERIAL
148
0.0
149
0.0
149
0.0
 93
        0
 94
      127
282
     0
 72
     1
 77
     1
171
     1
175
     1
179
     1
273
     0
  0
ENDSEC
  0
EOF
