  0
SECTION
  2
HEADER
  9
$ACADVER
  1
AC1014
  9
$ACADMAINTVER
 70
     9
  9
$DWGCODEPAGE
  3
ANSI_1252
  9
$INSBASE
 10
0.0
 20
0.0
 30
0.0
  9
$EXTMIN
 10
0.1248833333333437
 20
0.1248833333333333
 30
0.0
  9
$EXTMAX
 10
450.1250416666666
 20
400.1247888888889
 30
0.0
  9
$LIMMIN
 10
0.0
 20
0.0
  9
$LIMMAX
 10
12.0
 20
9.0
  9
$ORTHOMODE
 70
     0
  9
$REGENMODE
 70
     1
  9
$FILLMODE
 70
     1
  9
$QTEXTMODE
 70
     0
  9
$MIRRTEXT
 70
     1
  9
$DRAGMODE
 70
     2
  9
$LTSCALE
 40
1.0
  9
$OSMODE
 70
    37
  9
$ATTMODE
 70
     1
  9
$TEXTSIZE
 40
0.2
  9
$TRACEWID
 40
0.05
  9
$TEXTSTYLE
  7
STANDARD
  9
$CLAYER
  8
DEFAULT
  9
$CELTYPE
  6
BYLAYER
  9
$CECOLOR
 62
   256
  9
$CELTSCALE
 40
1.0
  9
$DELOBJ
 70
     1
  9
$DISPSILH
 70
     0
  9
$DIMSCALE
 40
1.0
  9
$DIMASZ
 40
0.18
  9
$DIMEXO
 40
0.0625
  9
$DIMDLI
 40
0.38
  9
$DIMRND
 40
0.0
  9
$DIMDLE
 40
0.0
  9
$DIMEXE
 40
0.18
  9
$DIMTP
 40
0.0
  9
$DIMTM
 40
0.0
  9
$DIMTXT
 40
0.18
  9
$DIMCEN
 40
0.09
  9
$DIMTSZ
 40
0.0
  9
$DIMTOL
 70
     0
  9
$DIMLIM
 70
     0
  9
$DIMTIH
 70
     1
  9
$DIMTOH
 70
     1
  9
$DIMSE1
 70
     0
  9
$DIMSE2
 70
     0
  9
$DIMTAD
 70
     0
  9
$DIMZIN
 70
     0
  9
$DIMBLK
  1

  9
$DIMASO
 70
     1
  9
$DIMSHO
 70
     1
  9
$DIMPOST
  1

  9
$DIMAPOST
  1

  9
$DIMALT
 70
     0
  9
$DIMALTD
 70
     2
  9
$DIMALTF
 40
25.4
  9
$DIMLFAC
 40
1.0
  9
$DIMTOFL
 70
     0
  9
$DIMTVP
 40
0.0
  9
$DIMTIX
 70
     0
  9
$DIMSOXD
 70
     0
  9
$DIMSAH
 70
     0
  9
$DIMBLK1
  1

  9
$DIMBLK2
  1

  9
$DIMSTYLE
  2
STANDARD
  9
$DIMCLRD
 70
     0
  9
$DIMCLRE
 70
     0
  9
$DIMCLRT
 70
     0
  9
$DIMTFAC
 40
1.0
  9
$DIMGAP
 40
0.09
  9
$DIMJUST
 70
     0
  9
$DIMSD1
 70
     0
  9
$DIMSD2
 70
     0
  9
$DIMTOLJ
 70
     1
  9
$DIMTZIN
 70
     0
  9
$DIMALTZ
 70
     0
  9
$DIMALTTZ
 70
     0
  9
$DIMFIT
 70
     5
  9
$DIMUPT
 70
     0
  9
$DIMUNIT
 70
     2
  9
$DIMDEC
 70
     4
  9
$DIMTDEC
 70
     4
  9
$DIMALTU
 70
     2
  9
$DIMALTTD
 70
     2
  9
$DIMTXSTY
  7
STANDARD
  9
$DIMAUNIT
 70
     0
  9
$LUNITS
 70
     2
  9
$LUPREC
 70
     3
  9
$SKETCHINC
 40
0.1
  9
$FILLETRAD
 40
0.5
  9
$AUNITS
 70
     0
  9
$AUPREC
 70
     0
  9
$MENU
  1
.
  9
$ELEVATION
 40
0.0
  9
$PELEVATION
 40
0.0
  9
$THICKNESS
 40
0.0
  9
$LIMCHECK
 70
     0
  9
$CHAMFERA
 40
0.0
  9
$CHAMFERB
 40
0.0
  9
$CHAMFERC
 40
0.0
  9
$CHAMFERD
 40
0.0
  9
$SKPOLY
 70
     0
  9
$TDCREATE
 40
2460160.879823472
  9
$TDUPDATE
 40
2460160.879824271
  9
$TDINDWG
 40
0.0000000116
  9
$TDUSRTIMER
 40
0.0000000116
  9
$USRTIMER
 70
     1
  9
$ANGBASE
 50
0.0
  9
$ANGDIR
 70
     0
  9
$PDMODE
 70
     0
  9
$PDSIZE
 40
0.0
  9
$PLINEWID
 40
0.0
  9
$COORDS
 70
     1
  9
$SPLFRAME
 70
     0
  9
$SPLINETYPE
 70
     6
  9
$SPLINESEGS
 70
     8
  9
$ATTDIA
 70
     0
  9
$ATTREQ
 70
     1
  9
$HANDLING
 70
     1
  9
$HANDSEED
  5
291
  9
$SURFTAB1
 70
     6
  9
$SURFTAB2
 70
     6
  9
$SURFTYPE
 70
     6
  9
$SURFU
 70
     6
  9
$SURFV
 70
     6
  9
$UCSNAME
  2

  9
$UCSORG
 10
0.0
 20
0.0
 30
0.0
  9
$UCSXDIR
 10
1.0
 20
0.0
 30
0.0
  9
$UCSYDIR
 10
0.0
 20
1.0
 30
0.0
  9
$PUCSNAME
  2

  9
$PUCSORG
 10
0.0
 20
0.0
 30
0.0
  9
$PUCSXDIR
 10
1.0
 20
0.0
 30
0.0
  9
$PUCSYDIR
 10
0.0
 20
1.0
 30
0.0
  9
$USERI1
 70
     0
  9
$USERI2
 70
     0
  9
$USERI3
 70
     0
  9
$USERI4
 70
     0
  9
$USERI5
 70
     0
  9
$USERR1
 40
0.0
  9
$USERR2
 40
0.0
  9
$USERR3
 40
0.0
  9
$USERR4
 40
0.0
  9
$USERR5
 40
0.0
  9
$WORLDVIEW
 70
     1
  9
$SHADEDGE
 70
     3
  9
$SHADEDIF
 70
    70
  9
$TILEMODE
 70
     1
  9
$MAXACTVP
 70
    64
  9
$PINSBASE
 10
0.0
 20
0.0
 30
0.0
  9
$PLIMCHECK
 70
     0
  9
$PEXTMIN
 10
1.000000000000000E+20
 20
1.000000000000000E+20
 30
1.000000000000000E+20
  9
$PEXTMAX
 10
-1.000000000000000E+20
 20
-1.000000000000000E+20
 30
-1.000000000000000E+20
  9
$PLIMMIN
 10
0.0
 20
0.0
  9
$PLIMMAX
 10
12.0
 20
9.0
  9
$UNITMODE
 70
     0
  9
$VISRETAIN
 70
     1
  9
$PLINEGEN
 70
     0
  9
$PSLTSCALE
 70
     1
  9
$TREEDEPTH
 70
  3020
  9
$PICKSTYLE
 70
     1
  9
$CMLSTYLE
  2
STANDARD
  9
$CMLJUST
 70
     0
  9
$CMLSCALE
 40
1.0
  9
$PROXYGRAPHICS
 70
     1
  9
$MEASUREMENT
 70
     0
  0
ENDSEC
  0
SECTION
  2
CLASSES
  0
CLASS
  1
ACDBDICTIONARYWDFLT
  2
AcDbDictionaryWithDefault
  3
ObjectDBX Classes
 90
        0
280
     0
281
     0
  0
CLASS
  1
VISUALSTYLE
  2
AcDbVisualStyle
  3
ObjectDBX Classes
 90
     4095
280
     0
281
     0
  0
CLASS
  1
MATERIAL
  2
AcDbMaterial
  3
ObjectDBX Classes
 90
     1153
280
     0
281
     0
  0
CLASS
  1
SCALE
  2
AcDbScale
  3
ObjectDBX Classes
 90
     1153
280
     0
281
     0
  0
CLASS
  1
SUN
  2
AcDbSun
  3
SCENEOE
 90
     1153
280
     0
281
     0
  0
CLASS
  1
DICTIONARYVAR
  2
AcDbDictionaryVar
  3
ObjectDBX Classes
 90
        0
280
     0
281
     0
  0
CLASS
  1
XRECORD
  2
AcDbXrecord
  3
ObjectDBX Classes
 90
        0
280
     0
281
     0
  0
CLASS
  1
LWPOLYLINE
  2
AcDbPolyline
  3
ObjectDBX Classes
 90
        0
280
     0
281
     1
  0
CLASS
  1
HATCH
  2
AcDbHatch
  3
ObjectDBX Classes
 90
        0
280
     0
281
     1
  0
CLASS
  1
ACDBPLACEHOLDER
  2
AcDbPlaceHolder
  3
ObjectDBX Classes
 90
        0
280
     0
281
     0
  0
CLASS
  1
LAYOUT
  2
AcDbLayout
  3
ObjectDBX Classes
 90
        0
280
     0
281
     0
  0
ENDSEC
  0
SECTION
  2
TABLES
  0
TABLE
  2
VPORT
  5
8
330
0
100
AcDbSymbolTable
 70
     1
  0
VPORT
  5
29
330
8
100
AcDbSymbolTableRecord
100
AcDbViewportTableRecord
  2
*ACTIVE
 70
     0
 10
0.0
 20
0.0
 11
1.0
 21
1.0
 12
225.1249625
 22
200.1248361111111
 13
0.0
 23
0.0
 14
0.5
 24
0.5
 15
0.5
 25
0.5
 16
0.0
 26
0.0
 36
1.0
 17
0.0
 27
0.0
 37
0.0
 40
407.9999036666666
 41
1.12500066145849
 42
50.0
 43
0.0
 44
0.0
 50
0.0
 51
0.0
 71
     0
 72
   100
 73
     1
 74
     3
 75
     0
 76
     0
 77
     0
 78
     0
  0
ENDTAB
  0
TABLE
  2
LTYPE
  5
5
330
0
100
AcDbSymbolTable
 70
     1
  0
LTYPE
  5
14
330
5
100
AcDbSymbolTableRecord
100
AcDbLinetypeTableRecord
  2
BYBLOCK
 70
     0
  3

 72
    65
 73
     0
 40
0.0
  0
LTYPE
  5
15
330
5
100
AcDbSymbolTableRecord
100
AcDbLinetypeTableRecord
  2
BYLAYER
 70
     0
  3

 72
    65
 73
     0
 40
0.0
  0
LTYPE
  5
16
330
5
100
AcDbSymbolTableRecord
100
AcDbLinetypeTableRecord
  2
CONTINUOUS
 70
     0
  3
Solid line
 72
    65
 73
     0
 40
0.0
  0
ENDTAB
  0
TABLE
  2
LAYER
  5
2
330
0
100
AcDbSymbolTable
 70
     2
  0
LAYER
  5
10
330
2
100
AcDbSymbolTableRecord
100
AcDbLayerTableRecord
  2
0
 70
     0
 62
     7
  6
CONTINUOUS
  0
LAYER
  5
6A
330
2
100
AcDbSymbolTableRecord
100
AcDbLayerTableRecord
  2
DEFAULT
 70
     0
 62
    18
  6
CONTINUOUS
  0
ENDTAB
  0
TABLE
  2
STYLE
  5
3
330
0
100
AcDbSymbolTable
 70
     1
  0
STYLE
  5
11
330
3
100
AcDbSymbolTableRecord
100
AcDbTextStyleTableRecord
  2
STANDARD
 70
     0
 40
0.0
 41
1.0
 50
0.0
 71
     0
 42
0.2
  3
txt
  4

  0
ENDTAB
  0
TABLE
  2
VIEW
  5
6
330
0
100
AcDbSymbolTable
 70
     0
  0
ENDTAB
  0
TABLE
  2
UCS
  5
7
330
0
100
AcDbSymbolTable
 70
     0
  0
ENDTAB
  0
TABLE
  2
APPID
  5
9
330
0
100
AcDbSymbolTable
 70
     1
  0
APPID
  5
12
330
9
100
AcDbSymbolTableRecord
100
AcDbRegAppTableRecord
  2
ACAD
 70
     0
  0
ENDTAB
  0
TABLE
  2
DIMSTYLE
  5
A
330
0
100
AcDbSymbolTable
 70
     1
  0
DIMSTYLE
105
27
330
A
100
AcDbSymbolTableRecord
100
AcDbDimStyleTableRecord
  2
STANDARD
 70
     0
  3

  4

  5

  6

  7

 40
1.0
 41
0.18
 42
0.0625
 43
0.38
 44
0.18
 45
0.0
 46
0.0
 47
0.0
 48
0.0
140
0.18
141
0.09
142
0.0
143
25.4
144
1.0
145
0.0
146
1.0
147
0.09
 71
     0
 72
     0
 73
     1
 74
     1
 75
     0
 76
     0
 77
     0
 78
     0
170
     0
171
     2
172
     0
173
     0
174
     0
175
     0
176
     0
177
     0
178
     0
270
     2
271
     4
272
     4
273
     2
274
     2
340
11
275
     0
280
     0
281
     0
282
     0
283
     1
284
     0
285
     0
286
     0
287
     3
288
     0
  0
ENDTAB
  0
TABLE
  2
BLOCK_RECORD
  5
1
330
0
100
AcDbSymbolTable
 70
     1
  0
BLOCK_RECORD
  5
1F
330
1
100
AcDbSymbolTableRecord
100
AcDbBlockTableRecord
  2
*MODEL_SPACE
  0
BLOCK_RECORD
  5
1B
330
1
100
AcDbSymbolTableRecord
100
AcDbBlockTableRecord
  2
*PAPER_SPACE
  0
ENDTAB
  0
ENDSEC
  0
SECTION
  2
BLOCKS
  0
BLOCK
  5
20
330
1F
100
AcDbEntity
  8
0
100
AcDbBlockBegin
  2
*MODEL_SPACE
 70
     0
 10
0.0
 20
0.0
 30
0.0
  3
*MODEL_SPACE
  1

  0
ENDBLK
  5
21
330
1F
100
AcDbEntity
  8
0
100
AcDbBlockEnd
  0
BLOCK
  5
1C
330
1B
100
AcDbEntity
 67
     1
  8
0
100
AcDbBlockBegin
  2
*PAPER_SPACE
 70
     0
 10
0.0
 20
0.0
 30
0.0
  3
*PAPER_SPACE
  1

  0
ENDBLK
  5
1D
330
1B
100
AcDbEntity
 67
     1
  8
0
100
AcDbBlockEnd
  0
ENDSEC
  0
SECTION
  2
ENTITIES
  0
SPLINE
  5
6B
330
1F
100
AcDbEntity
  8
DEFAULT
 62
     1
100
AcDbSpline
210
0.0
220
0.0
230
1.0
 70
    11
 71
     3
 72
   311
 73
   307
 74
     0
 42
0.000000001
 43
0.0000000001
 40
1.0
 40
1.0
 40
1.0
 40
1.0
 40
2.0
 40
2.0
 40
2.0
 40
3.0
 40
3.0
 40
3.0
 40
4.0
 40
4.0
 40
4.0
 40
5.0
 40
5.0
 40
5.0
 40
6.0
 40
6.0
 40
6.0
 40
7.0
 40
7.0
 40
7.0
 40
8.0
 40
8.0
 40
8.0
 40
9.0
 40
9.0
 40
9.0
 40
10.0
 40
10.0
 40
10.0
 40
11.0
 40
11.0
 40
11.0
 40
12.0
 40
12.0
 40
12.0
 40
13.0
 40
13.0
 40
13.0
 40
14.0
 40
14.0
 40
14.0
 40
15.0
 40
15.0
 40
15.0
 40
16.0
 40
16.0
 40
16.0
 40
17.0
 40
17.0
 40
17.0
 40
18.0
 40
18.0
 40
18.0
 40
19.0
 40
19.0
 40
19.0
 40
20.0
 40
20.0
 40
20.0
 40
21.0
 40
21.0
 40
21.0
 40
22.0
 40
22.0
 40
22.0
 40
23.0
 40
23.0
 40
23.0
 40
24.0
 40
24.0
 40
24.0
 40
25.0
 40
25.0
 40
25.0
 40
26.0
 40
26.0
 40
26.0
 40
27.0
 40
27.0
 40
27.0
 40
28.0
 40
28.0
 40
28.0
 40
29.0
 40
29.0
 40
29.0
 40
30.0
 40
30.0
 40
30.0
 40
31.0
 40
31.0
 40
31.0
 40
32.0
 40
32.0
 40
32.0
 40
33.0
 40
33.0
 40
33.0
 40
34.0
 40
34.0
 40
34.0
 40
35.0
 40
35.0
 40
35.0
 40
36.0
 40
36.0
 40
36.0
 40
37.0
 40
37.0
 40
37.0
 40
38.0
 40
38.0
 40
38.0
 40
39.0
 40
39.0
 40
39.0
 40
40.0
 40
40.0
 40
40.0
 40
41.0
 40
41.0
 40
41.0
 40
42.0
 40
42.0
 40
42.0
 40
43.0
 40
43.0
 40
43.0
 40
44.0
 40
44.0
 40
44.0
 40
45.0
 40
45.0
 40
45.0
 40
46.0
 40
46.0
 40
46.0
 40
47.0
 40
47.0
 40
47.0
 40
48.0
 40
48.0
 40
48.0
 40
49.0
 40
49.0
 40
49.0
 40
50.0
 40
50.0
 40
50.0
 40
51.0
 40
51.0
 40
51.0
 40
52.0
 40
52.0
 40
52.0
 40
53.0
 40
53.0
 40
53.0
 40
54.0
 40
54.0
 40
54.0
 40
59.65599999999995
 40
59.65599999999995
 40
59.65599999999995
 40
68.15499999999986
 40
68.15499999999986
 40
68.15499999999986
 40
69.15499999999986
 40
69.15499999999986
 40
69.15499999999986
 40
70.15499999999986
 40
70.15499999999986
 40
70.15499999999986
 40
71.15499999999986
 40
71.15499999999986
 40
71.15499999999986
 40
78.39599999999996
 40
78.39599999999996
 40
78.39599999999996
 40
79.39599999999996
 40
79.39599999999996
 40
79.39599999999996
 40
80.39599999999996
 40
80.39599999999996
 40
80.39599999999996
 40
81.39599999999996
 40
81.39599999999996
 40
81.39599999999996
 40
82.39599999999996
 40
82.39599999999996
 40
82.39599999999996
 40
83.39599999999996
 40
83.39599999999996
 40
83.39599999999996
 40
84.39599999999996
 40
84.39599999999996
 40
84.39599999999996
 40
85.39599999999996
 40
85.39599999999996
 40
85.39599999999996
 40
86.39599999999996
 40
86.39599999999996
 40
86.39599999999996
 40
87.39599999999996
 40
87.39599999999996
 40
87.39599999999996
 40
88.39599999999996
 40
88.39599999999996
 40
88.39599999999996
 40
89.39599999999996
 40
89.39599999999996
 40
89.39599999999996
 40
90.39599999999996
 40
90.39599999999996
 40
90.39599999999996
 40
91.39599999999996
 40
91.39599999999996
 40
91.39599999999996
 40
92.39599999999996
 40
92.39599999999996
 40
92.39599999999996
 40
93.39599999999996
 40
93.39599999999996
 40
93.39599999999996
 40
94.39599999999996
 40
94.39599999999996
 40
94.39599999999996
 40
95.39599999999996
 40
95.39599999999996
 40
95.39599999999996
 40
96.39599999999996
 40
96.39599999999996
 40
96.39599999999996
 40
97.39599999999996
 40
97.39599999999996
 40
97.39599999999996
 40
98.39599999999996
 40
98.39599999999996
 40
98.39599999999996
 40
99.39599999999996
 40
99.39599999999996
 40
99.39599999999996
 40
100.396
 40
100.396
 40
100.396
 40
101.396
 40
101.396
 40
101.396
 40
108.6499999999999
 40
108.6499999999999
 40
108.6499999999999
 40
109.6499999999999
 40
109.6499999999999
 40
109.6499999999999
 40
110.6499999999999
 40
110.6499999999999
 40
110.6499999999999
 40
111.6499999999999
 40
111.6499999999999
 40
111.6499999999999
 40
120.1489999999999
 40
120.1489999999999
 40
120.1489999999999
 40
125.8059999999999
 40
125.8059999999999
 40
125.8059999999999
 40
126.8059999999999
 40
126.8059999999999
 40
126.8059999999999
 40
127.8059999999999
 40
127.8059999999999
 40
127.8059999999999
 40
128.8059999999999
 40
128.8059999999999
 40
128.8059999999999
 40
129.8059999999999
 40
129.8059999999999
 40
129.8059999999999
 40
130.8059999999999
 40
130.8059999999999
 40
130.8059999999999
 40
131.8059999999999
 40
131.8059999999999
 40
131.8059999999999
 40
132.8059999999999
 40
132.8059999999999
 40
132.8059999999999
 40
133.8059999999999
 40
133.8059999999999
 40
133.8059999999999
 40
134.8059999999999
 40
134.8059999999999
 40
134.8059999999999
 40
135.8059999999999
 40
135.8059999999999
 40
135.8059999999999
 40
136.8059999999999
 40
136.8059999999999
 40
136.8059999999999
 40
137.8059999999999
 40
137.8059999999999
 40
137.8059999999999
 40
138.8059999999999
 40
138.8059999999999
 40
138.8059999999999
 40
139.8059999999999
 40
139.8059999999999
 40
139.8059999999999
 40
139.8059999999999
 10
225.9198413888889
 20
236.3284438888889
 30
0.0
 10
224.6893525
 20
235.097955
 30
0.0
 10
223.4585108333333
 20
233.8671133333334
 30
0.0
 10
222.2280219444444
 20
232.6366244444444
 30
0.0
 10
220.1685052777777
 20
231.2290411111111
 30
0.0
 10
218.1086358333333
 20
229.821105
 30
0.0
 10
216.0491191666666
 20
228.4135216666666
 30
0.0
 10
215.6525969444444
 20
228.14153
 30
0.0
 10
215.1184913888889
 20
228.1916244444444
 30
0.0
 10
214.7770025
 20
228.5331133333333
 30
0.0
 10
214.3713080555555
 20
228.9388077777778
 30
0.0
 10
213.9652608333333
 20
229.344855
 30
0.0
 10
213.5595663888888
 20
229.7505494444445
 30
0.0
 10
213.5821441666667
 20
229.9075355555555
 30
0.0
 10
214.0559247222222
 20
230.93553
 30
0.0
 10
214.9713830555555
 20
231.8559272222222
 30
0.0
 10
215.9517525
 20
232.8362966666667
 30
0.0
 10
216.5355997222222
 20
233.3502938888889
 30
0.0
 10
216.7726663888889
 20
233.5919466666667
 30
0.0
 10
217.2432719444444
 20
234.0625522222222
 30
0.0
 10
217.7138775
 20
234.5335105555556
 30
0.0
 10
218.1844830555555
 20
235.0041161111111
 30
0.0
 10
217.4778691666667
 20
235.71073
 30
0.0
 10
216.7709025
 20
236.4176966666667
 30
0.0
 10
216.0642886111111
 20
237.1243105555556
 30
0.0
 10
215.5926247222222
 20
236.6512355555555
 30
0.0
 10
215.1213136111111
 20
236.1778077777778
 30
0.0
 10
214.6496497222222
 20
235.7047327777778
 30
0.0
 10
214.4104663888889
 20
235.4704883333333
 30
0.0
 10
213.8961163888889
 20
234.8817022222222
 30
0.0
 10
212.9210386111111
 20
233.9062716666667
 30
0.0
 10
212.0179275
 20
233.0035133333334
 30
0.0
 10
210.9952247222222
 20
232.5244411111111
 30
0.0
 10
210.8205997222222
 20
232.4895161111111
 30
0.0
 10
210.2169969444444
 20
233.0931188888889
 30
0.0
 10
209.6130413888889
 20
233.6967216666667
 30
0.0
 10
209.0094386111111
 20
234.3003244444444
 30
0.0
 10
209.0094386111111
 20
234.3003244444444
 30
0.0
 10
207.7771858333333
 20
243.2756966666666
 30
0.0
 10
208.8799691666666
 20
245.98503
 30
0.0
 10
210.0723580555555
 20
248.9035605555555
 30
0.0
 10
212.7139580555555
 20
250.9962383333333
 30
0.0
 10
213.5320497222222
 20
254.0396522222222
 30
0.0
 10
214.3480247222222
 20
257.0904744444444
 30
0.0
 10
214.3452024999999
 20
260.2958133333333
 30
0.0
 10
213.5295802777778
 20
263.3416966666667
 30
0.0
 10
212.8836441666666
 20
265.75893
 30
0.0
 10
211.7409969444444
 20
268.0040077777778
 30
0.0
 10
210.1870108333333
 20
269.93723
 30
0.0
 10
210.1594941666667
 20
270.0095494444445
 30
0.0
 10
210.6336275
 20
271.0918716666667
 30
0.0
 10
211.5938886111111
 20
272.0574244444445
 30
0.0
 10
212.5742580555555
 20
273.0377938888889
 30
0.0
 10
213.1581052777778
 20
273.5517911111111
 30
0.0
 10
213.3972886111111
 20
273.7962661111111
 30
0.0
 10
214.1042552777777
 20
274.50288
 30
0.0
 10
214.8108691666666
 20
275.2098466666667
 30
0.0
 10
215.5178358333333
 20
275.9164605555555
 30
0.0
 10
214.8108691666666
 20
276.6234272222222
 30
0.0
 10
214.1042552777777
 20
277.3300411111111
 30
0.0
 10
213.3972886111111
 20
278.0370077777778
 30
0.0
 10
212.6896163888889
 20
277.3275716666666
 30
0.0
 10
211.9822969444444
 20
276.6184883333333
 30
0.0
 10
211.2746247222222
 20
275.9090522222222
 30
0.0
 10
211.0326191666666
 20
275.6719855555555
 30
0.0
 10
210.5214441666666
 20
275.0856688888889
 30
0.0
 10
209.5435441666666
 20
274.1081216666666
 30
0.0
 10
208.6005691666666
 20
273.1647938888889
 30
0.0
 10
207.5277719444444
 20
272.6860744444444
 30
0.0
 10
207.4304052777778
 20
272.6938355555556
 30
0.0
 10
205.4922441666666
 20
274.2576994444444
 30
0.0
 10
203.2446969444444
 20
275.4024633333333
 30
0.0
 10
200.8200552777778
 20
276.0512216666667
 30
0.0
 10
197.7769941666666
 20
276.8643744444444
 30
0.0
 10
194.5688330555555
 20
276.8693133333333
 30
0.0
 10
191.5229497222222
 20
276.0487522222222
 30
0.0
 10
188.4745969444444
 20
275.2355994444445
 30
0.0
 10
186.3843886111111
 20
272.5911772222222
 30
0.0
 10
183.4658580555555
 20
271.3991411111111
 30
0.0
 10
180.7568775
 20
270.2963577777778
 30
0.0
 10
171.7790358333333
 20
271.53108
 30
0.0
 10
171.7790358333333
 20
271.53108
 30
0.0
 10
171.1796663888889
 20
272.1304494444444
 30
0.0
 10
170.5799441666666
 20
272.7301716666666
 30
0.0
 10
169.9805747222222
 20
273.3295411111111
 30
0.0
 10
170.0003302777777
 20
273.4893494444444
 30
0.0
 10
170.4744636111111
 20
274.5169911111111
 30
0.0
 10
171.3899219444444
 20
275.4377411111111
 30
0.0
 10
172.3702913888889
 20
276.4181105555555
 30
0.0
 10
172.9537858333333
 20
276.931755
 30
0.0
 10
173.1908525
 20
277.1737605555556
 30
0.0
 10
173.6614580555555
 20
277.6443661111111
 30
0.0
 10
174.1320636111111
 20
278.1149716666667
 30
0.0
 10
174.6026691666666
 20
278.5855772222222
 30
0.0
 10
173.8960552777777
 20
279.2921911111111
 30
0.0
 10
173.1890886111111
 20
279.9991577777777
 30
0.0
 10
172.4824747222222
 20
280.7057716666666
 30
0.0
 10
172.0111636111111
 20
280.2326966666666
 30
0.0
 10
171.5394997222222
 20
279.7596216666666
 30
0.0
 10
171.0681886111111
 20
279.2865466666667
 30
0.0
 10
170.8282997222222
 20
279.0519494444445
 30
0.0
 10
170.3146552777778
 20
278.4635161111111
 30
0.0
 10
169.3392247222222
 20
277.4880855555555
 30
0.0
 10
168.4364663888889
 20
276.5849744444445
 30
0.0
 10
167.4134108333333
 20
276.1059022222222
 30
0.0
 10
167.2391386111111
 20
276.0709772222222
 30
0.0
 10
166.8306219444444
 20
276.4791411111111
 30
0.0
 10
166.4224580555555
 20
276.8876577777777
 30
0.0
 10
166.0139413888889
 20
277.2958216666667
 30
0.0
 10
165.6724525
 20
277.6376633333333
 30
0.0
 10
165.6227108333333
 20
278.1714161111111
 30
0.0
 10
165.8943497222222
 20
278.5682911111111
 30
0.0
 10
167.3029913888889
 20
280.6271022222222
 30
0.0
 10
168.7116330555556
 20
282.6859133333334
 30
0.0
 10
170.1202747222222
 20
284.7447244444444
 30
0.0
 10
171.3507636111111
 20
285.9752133333333
 30
0.0
 10
172.5812525
 20
287.206055
 30
0.0
 10
173.8117413888889
 20
288.4365438888889
 30
0.0
 10
174.5451663888889
 20
288.8605827777778
 30
0.0
 10
175.2785913888889
 20
289.2846216666666
 30
0.0
 10
176.0120163888889
 20
289.7086605555555
 30
0.0
 10
176.1644163888889
 20
289.6462188888889
 30
0.0
 10
177.0322497222222
 20
288.9279633333333
 30
0.0
 10
177.6834775
 20
287.802955
 30
0.0
 10
178.3795080555555
 20
286.6031577777778
 30
0.0
 10
178.7238191666667
 20
285.9046577777777
 30
0.0
 10
178.8980913888889
 20
285.6100883333334
 30
0.0
 10
179.2307608333333
 20
285.0329438888888
 30
0.0
 10
179.5634302777778
 20
284.4561522222222
 30
0.0
 10
179.8960997222222
 20
283.8790077777778
 30
0.0
 10
180.7618163888889
 20
284.380305
 30
0.0
 10
181.6271802777778
 20
284.881955
 30
0.0
 10
182.4928969444444
 20
285.3832522222222
 30
0.0
 10
182.1588163888889
 20
285.9603966666667
 30
0.0
 10
181.8243830555555
 20
286.5371883333333
 30
0.0
 10
181.4903025
 20
287.1143327777778
 30
0.0
 10
181.3206163888889
 20
287.4085494444444
 30
0.0
 10
180.8888163888888
 20
288.0548383333333
 30
0.0
 10
180.1956080555555
 20
289.2521661111111
 30
0.0
 10
179.5542580555555
 20
290.3623577777778
 30
0.0
 10
179.3598775
 20
291.4746661111111
 30
0.0
 10
179.3746941666666
 20
291.6492911111111
 30
0.0
 10
180.1123525
 20
292.0757994444444
 30
0.0
 10
180.8496580555555
 20
292.5026605555556
 30
0.0
 10
181.5873163888889
 20
292.9291688888889
 30
0.0
 10
183.2693608333333
 20
293.3807244444444
 30
0.0
 10
184.9517580555555
 20
293.8319272222222
 30
0.0
 10
186.6338025
 20
294.2834827777778
 30
0.0
 10
188.3151413888889
 20
294.7343327777778
 30
0.0
 10
189.9964802777777
 20
295.18483
 30
0.0
 10
191.6778191666667
 20
295.63568
 30
0.0
 10
192.5266025
 20
295.6349744444445
 30
0.0
 10
193.3757386111111
 20
295.6339161111111
 30
0.0
 10
194.2245219444444
 20
295.6332105555555
 30
0.0
 10
194.3144802777777
 20
295.5234966666667
 30
0.0
 10
194.7110025
 20
294.4531688888889
 30
0.0
 10
194.7159413888889
 20
293.1461272222222
 30
0.0
 10
194.7159413888889
 20
291.759005
 30
0.0
 10
194.6686691666666
 20
290.9835994444445
 30
0.0
 10
194.6711386111111
 20
290.641405
 30
0.0
 10
194.6711386111111
 20
289.9763012962963
 30
0.0
 10
194.6711386111111
 20
289.3111975925926
 30
0.0
 10
194.6711386111111
 20
288.6460938888889
 30
0.0
 10
195.6705580555555
 20
288.6460938888889
 30
0.0
 10
196.6699775
 20
288.6460938888889
 30
0.0
 10
197.6693969444444
 20
288.6460938888889
 30
0.0
 10
197.6676330555555
 20
289.3128438888889
 30
0.0
 10
197.6662219444444
 20
289.9799466666666
 30
0.0
 10
197.6644580555555
 20
290.6466966666666
 30
0.0
 10
197.6693969444444
 20
290.9860688888888
 30
0.0
 10
197.6171858333333
 20
291.7618272222222
 30
0.0
 10
197.6171858333333
 20
293.1436577777777
 30
0.0
 10
197.6171858333333
 20
294.4506994444444
 30
0.0
 10
198.0186469444444
 20
295.530905
 30
0.0
 10
198.1086052777777
 20
295.63568
 30
0.0
 10
198.9600932407407
 20
295.63568
 30
0.0
 10
199.8115812037037
 20
295.63568
 30
0.0
 10
200.6630691666667
 20
295.63568
 30
0.0
 10
202.3433497222222
 20
295.1841244444444
 30
0.0
 10
204.0239830555555
 20
294.7325688888889
 30
0.0
 10
205.7042636111111
 20
294.2810133333333
 30
0.0
 10
207.3863080555556
 20
293.8312216666666
 30
0.0
 10
209.0687052777777
 20
293.38143
 30
0.0
 10
210.7507497222222
 20
292.9316383333334
 30
0.0
 10
211.4831163888889
 20
292.508305
 30
0.0
 10
212.2158358333333
 20
292.0853244444444
 30
0.0
 10
212.9482025
 20
291.6619911111111
 30
0.0
 10
212.9810108333333
 20
291.5346383333333
 30
0.0
 10
212.7912163888888
 20
290.3972827777778
 30
0.0
 10
212.1378719444444
 20
289.2546355555556
 30
0.0
 10
211.4443108333333
 20
288.0573077777778
 30
0.0
 10
211.0128636111111
 20
287.4064327777778
 30
0.0
 10
210.8456469444444
 20
287.1093938888889
 30
0.0
 10
210.5129775
 20
286.5322494444444
 30
0.0
 10
210.1803080555555
 20
285.9554577777778
 30
0.0
 10
209.8476386111111
 20
285.3783133333333
 30
0.0
 10
210.7122969444444
 20
284.8794855555556
 30
0.0
 10
211.5773080555555
 20
284.380305
 30
0.0
 10
212.4419663888889
 20
283.8814772222223
 30
0.0
 10
212.7753413888889
 20
284.4610911111111
 30
0.0
 10
213.1090691666666
 20
285.040705
 30
0.0
 10
213.4424441666666
 20
285.6203188888889
 30
0.0
 10
213.6145997222222
 20
285.9120661111111
 30
0.0
 10
213.9560886111111
 20
286.6080966666667
 30
0.0
 10
214.6471802777778
 20
287.8078938888889
 30
0.0
 10
215.2931163888888
 20
288.9279633333333
 30
0.0
 10
216.1711802777778
 20
289.6564494444444
 30
0.0
 10
216.3161719444444
 20
289.7213605555556
 30
0.0
 10
217.0545358333333
 20
289.2937938888889
 30
0.0
 10
217.7928997222222
 20
288.86658
 30
0.0
 10
218.5312636111111
 20
288.4390133333333
 30
0.0
 10
220.9940052777778
 20
285.9762716666667
 30
0.0
 10
223.4570997222222
 20
283.5131772222222
 30
0.0
 10
225.9198413888889
 20
281.0504355555555
 30
0.0
 10
226.3474080555555
 20
280.3120716666667
 30
0.0
 10
226.7746219444444
 20
279.573355
 30
0.0
 10
227.2021886111111
 20
278.8349911111111
 30
0.0
 10
227.1372775
 20
278.6903522222222
 30
0.0
 10
226.4087913888889
 20
277.8122883333333
 30
0.0
 10
225.2887219444444
 20
277.1663522222222
 30
0.0
 10
224.0889247222222
 20
276.4752605555556
 30
0.0
 10
223.3904247222222
 20
276.1358883333334
 30
0.0
 10
223.1011469444444
 20
275.9612633333334
 30
0.0
 10
222.5208275
 20
275.6285938888889
 30
0.0
 10
221.9401552777778
 20
275.2962772222222
 30
0.0
 10
221.3598358333333
 20
274.9636077777778
 30
0.0
 10
221.8597219444444
 20
274.0978911111111
 30
0.0
 10
222.3592552777778
 20
273.2325272222222
 30
0.0
 10
222.8591413888888
 20
272.3668105555555
 30
0.0
 10
223.4362858333333
 20
272.69948
 30
0.0
 10
224.0130775
 20
273.0317966666667
 30
0.0
 10
224.5902219444444
 20
273.3644661111111
 30
0.0
 10
224.8872608333333
 20
273.5316827777777
 30
0.0
 10
225.5381358333333
 20
273.9634827777778
 30
0.0
 10
226.7358163888888
 20
274.6566911111111
 30
0.0
 10
227.8781108333333
 20
275.3103883333333
 30
0.0
 10
229.0154663888889
 20
275.5001827777778
 30
0.0
 10
229.1428191666666
 20
275.4673744444444
 30
0.0
 10
229.5661525
 20
274.7350077777778
 30
0.0
 10
229.9891330555555
 20
274.0022883333334
 30
0.0
 10
230.4124663888889
 20
273.2699216666667
 30
0.0
 10
230.8615525
 20
271.5885827777778
 30
0.0
 10
231.3106386111111
 20
269.9072438888889
 30
0.0
 10
231.7597247222222
 20
268.225905
 30
0.0
 10
232.2112802777777
 20
266.5452716666667
 30
0.0
 10
232.6624830555555
 20
264.8649911111111
 30
0.0
 10
233.1140386111111
 20
263.1843577777777
 30
0.0
 10
233.1140386111111
 20
262.331341111111
 30
0.0
 10
233.1140386111111
 20
261.4783244444445
 30
0.0
 10
233.1140386111111
 20
260.6253077777778
 30
0.0
 10
232.9870386111111
 20
260.5279411111111
 30
0.0
 10
231.9167108333333
 20
260.1363577777778
 30
0.0
 10
230.6244858333333
 20
260.136005
 30
0.0
 10
229.2426552777777
 20
260.1363577777778
 30
0.0
 10
228.4668969444444
 20
260.1885688888889
 30
0.0
 10
228.1275247222222
 20
260.18363
 30
0.0
 10
227.4607747222222
 20
260.1853938888889
 30
0.0
 10
226.7936719444444
 20
260.186805
 30
0.0
 10
226.1269219444444
 20
260.1885688888889
 30
0.0
 10
226.1269219444444
 20
259.1891494444445
 30
0.0
 10
226.1269219444444
 20
258.18973
 30
0.0
 10
226.1269219444444
 20
257.1903105555555
 30
0.0
 10
226.7921432407407
 20
257.1903105555555
 30
0.0
 10
227.457364537037
 20
257.1903105555555
 30
0.0
 10
228.1225858333333
 20
257.1903105555555
 30
0.0
 10
228.4644275
 20
257.1878411111111
 30
0.0
 10
229.2401858333333
 20
257.2351133333333
 30
0.0
 10
230.6269552777777
 20
257.2351133333333
 30
0.0
 10
231.9339969444444
 20
257.2301744444445
 30
0.0
 10
233.0043247222222
 20
256.8336522222222
 30
0.0
 10
233.1140386111111
 20
256.7436938888889
 30
0.0
 10
233.1147441666666
 20
255.8945577777777
 30
0.0
 10
233.1158025
 20
255.0457744444444
 30
0.0
 10
233.1165080555555
 20
254.1966383333333
 30
0.0
 10
232.6649525
 20
252.5163577777778
 30
0.0
 10
232.2137497222222
 20
250.8357244444445
 30
0.0
 10
231.7621941666667
 20
249.1554438888889
 30
0.0
 10
231.3106386111111
 20
247.4733994444444
 30
0.0
 10
230.8590830555555
 20
245.7910022222222
 30
0.0
 10
230.4075275
 20
244.1089577777778
 30
0.0
 10
229.9827830555556
 20
243.3712994444444
 30
0.0
 10
229.5576858333333
 20
242.6339938888889
 30
0.0
 10
229.1329413888888
 20
241.8963355555556
 30
0.0
 10
228.9854802777778
 20
241.8737577777778
 30
0.0
 10
227.8555330555555
 20
242.0660216666667
 30
0.0
 10
226.7329941666666
 20
242.71478
 30
0.0
 10
225.5356663888888
 20
243.4079883333333
 30
0.0
 10
224.8897302777778
 20
243.8397883333333
 30
0.0
 10
224.5955136111111
 20
244.0091216666667
 30
0.0
 10
224.0176636111111
 20
244.3442605555555
 30
0.0
 10
223.4394608333333
 20
244.6793994444444
 30
0.0
 10
222.8616108333333
 20
245.0145383333333
 30
0.0
 10
222.3620775
 20
244.1488216666667
 30
0.0
 10
221.8621913888889
 20
243.2834577777778
 30
0.0
 10
221.3626580555555
 20
242.4177411111111
 30
0.0
 10
221.9387441666667
 20
242.0843661111111
 30
0.0
 10
222.5148302777777
 20
241.7506383333333
 30
0.0
 10
223.0909163888889
 20
241.4172633333333
 30
0.0
 10
223.3854858333333
 20
241.2429911111111
 30
0.0
 10
224.0839858333333
 20
240.89868
 30
0.0
 10
225.2837830555555
 20
240.2022966666667
 30
0.0
 10
226.4013830555555
 20
239.5538911111111
 30
0.0
 10
227.1224608333333
 20
238.6934661111111
 30
0.0
 10
227.1870191666666
 20
238.5336577777778
 30
0.0
 10
226.7647441666666
 20
237.7984688888889
 30
0.0
 10
226.3421163888889
 20
237.0636327777778
 30
0.0
 10
225.9198413888889
 20
236.3284438888889
 30
0.0
  0
SPLINE
  5
6C
330
1F
100
AcDbEntity
  8
DEFAULT
 62
     1
100
AcDbSpline
210
0.0
220
0.0
230
1.0
 70
    11
 71
     3
 72
   290
 73
   286
 74
     0
 42
0.000000001
 43
0.0000000001
 40
1.0
 40
1.0
 40
1.0
 40
1.0
 40
2.0
 40
2.0
 40
2.0
 40
3.0
 40
3.0
 40
3.0
 40
4.0
 40
4.0
 40
4.0
 40
5.0
 40
5.0
 40
5.0
 40
6.0
 40
6.0
 40
6.0
 40
7.0
 40
7.0
 40
7.0
 40
8.0
 40
8.0
 40
8.0
 40
9.0
 40
9.0
 40
9.0
 40
10.0
 40
10.0
 40
10.0
 40
11.0
 40
11.0
 40
11.0
 40
12.0
 40
12.0
 40
12.0
 40
13.0
 40
13.0
 40
13.0
 40
14.0
 40
14.0
 40
14.0
 40
15.0
 40
15.0
 40
15.0
 40
16.0
 40
16.0
 40
16.0
 40
17.0
 40
17.0
 40
17.0
 40
18.0
 40
18.0
 40
18.0
 40
19.0
 40
19.0
 40
19.0
 40
20.0
 40
20.0
 40
20.0
 40
21.0
 40
21.0
 40
21.0
 40
22.0
 40
22.0
 40
22.0
 40
23.0
 40
23.0
 40
23.0
 40
24.0
 40
24.0
 40
24.0
 40
25.0
 40
25.0
 40
25.0
 40
26.0
 40
26.0
 40
26.0
 40
27.0
 40
27.0
 40
27.0
 40
28.0
 40
28.0
 40
28.0
 40
29.0
 40
29.0
 40
29.0
 40
30.0
 40
30.0
 40
30.0
 40
31.0
 40
31.0
 40
31.0
 40
32.0
 40
32.0
 40
32.0
 40
33.0
 40
33.0
 40
33.0
 40
34.0
 40
34.0
 40
34.0
 40
35.0
 40
35.0
 40
35.0
 40
36.0
 40
36.0
 40
36.0
 40
37.0
 40
37.0
 40
37.0
 40
38.0
 40
38.0
 40
38.0
 40
39.0
 40
39.0
 40
39.0
 40
40.0
 40
40.0
 40
40.0
 40
41.0
 40
41.0
 40
41.0
 40
42.0
 40
42.0
 40
42.0
 40
43.0
 40
43.0
 40
43.0
 40
44.0
 40
44.0
 40
44.0
 40
51.21199999999999
 40
51.21199999999999
 40
51.21199999999999
 40
52.21199999999999
 40
52.21199999999999
 40
52.21199999999999
 40
53.21199999999999
 40
53.21199999999999
 40
53.21199999999999
 40
58.86900000000003
 40
58.86900000000003
 40
58.86900000000003
 40
67.36800000000005
 40
67.36800000000005
 40
67.36800000000005
 40
68.36800000000005
 40
68.36800000000005
 40
68.36800000000005
 40
69.36800000000005
 40
69.36800000000005
 40
69.36800000000005
 40
70.36800000000005
 40
70.36800000000005
 40
70.36800000000005
 40
77.62300000000016
 40
77.62300000000016
 40
77.62300000000016
 40
78.62300000000016
 40
78.62300000000016
 40
78.62300000000016
 40
79.62300000000016
 40
79.62300000000016
 40
79.62300000000016
 40
80.62300000000016
 40
80.62300000000016
 40
80.62300000000016
 40
81.62300000000016
 40
81.62300000000016
 40
81.62300000000016
 40
82.62300000000016
 40
82.62300000000016
 40
82.62300000000016
 40
83.62300000000016
 40
83.62300000000016
 40
83.62300000000016
 40
84.62300000000016
 40
84.62300000000016
 40
84.62300000000016
 40
85.62300000000016
 40
85.62300000000016
 40
85.62300000000016
 40
86.62300000000016
 40
86.62300000000016
 40
86.62300000000016
 40
87.62300000000016
 40
87.62300000000016
 40
87.62300000000016
 40
88.62300000000016
 40
88.62300000000016
 40
88.62300000000016
 40
89.62300000000016
 40
89.62300000000016
 40
89.62300000000016
 40
90.62300000000016
 40
90.62300000000016
 40
90.62300000000016
 40
91.62300000000016
 40
91.62300000000016
 40
91.62300000000016
 40
92.62300000000016
 40
92.62300000000016
 40
92.62300000000016
 40
93.62300000000016
 40
93.62300000000016
 40
93.62300000000016
 40
94.62300000000016
 40
94.62300000000016
 40
94.62300000000016
 40
95.62300000000016
 40
95.62300000000016
 40
95.62300000000016
 40
96.62300000000016
 40
96.62300000000016
 40
96.62300000000016
 40
97.62300000000016
 40
97.62300000000016
 40
97.62300000000016
 40
98.62300000000016
 40
98.62300000000016
 40
98.62300000000016
 40
99.62300000000016
 40
99.62300000000016
 40
99.62300000000016
 40
100.6230000000002
 40
100.6230000000002
 40
100.6230000000002
 40
107.8640000000001
 40
107.8640000000001
 40
107.8640000000001
 40
108.8640000000001
 40
108.8640000000001
 40
108.8640000000001
 40
109.8640000000001
 40
109.8640000000001
 40
109.8640000000001
 40
110.8640000000001
 40
110.8640000000001
 40
110.8640000000001
 40
119.3630000000002
 40
119.3630000000002
 40
119.3630000000002
 40
125.0200000000001
 40
125.0200000000001
 40
125.0200000000001
 40
126.0200000000001
 40
126.0200000000001
 40
126.0200000000001
 40
127.0200000000001
 40
127.0200000000001
 40
127.0200000000001
 40
134.2320000000001
 40
134.2320000000001
 40
134.2320000000001
 40
135.2320000000001
 40
135.2320000000001
 40
135.2320000000001
 40
136.2320000000001
 40
136.2320000000001
 40
136.2320000000001
 40
143.4780788016693
 40
143.4780788016693
 40
143.4780788016693
 40
144.4780788016693
 40
144.4780788016693
 40
144.4780788016693
 40
145.4780788016693
 40
145.4780788016693
 40
145.4780788016693
 40
146.4780788016693
 40
146.4780788016693
 40
146.4780788016693
 40
147.4780788016693
 40
147.4780788016693
 40
147.4780788016693
 40
148.4780788016693
 40
148.4780788016693
 40
148.4780788016693
 40
149.4780788016693
 40
149.4780788016693
 40
149.4780788016693
 40
150.4780788016693
 40
150.4780788016693
 40
150.4780788016693
 40
151.4780788016693
 40
151.4780788016693
 40
151.4780788016693
 40
151.4780788016693
 10
221.0077988888889
 20
142.4040769444444
 30
0.0
 10
219.7773099999999
 20
141.1732352777778
 30
0.0
 10
218.5464683333333
 20
139.9427463888889
 30
0.0
 10
217.3159794444444
 20
138.7119047222222
 30
0.0
 10
215.2564627777778
 20
137.3043213888889
 30
0.0
 10
213.1965933333333
 20
135.8963852777778
 30
0.0
 10
211.1370766666666
 20
134.4888019444444
 30
0.0
 10
210.7405544444444
 20
134.2168102777778
 30
0.0
 10
210.2064488888888
 20
134.2669047222222
 30
0.0
 10
209.86496
 20
134.6083936111111
 30
0.0
 10
209.4599711111111
 20
135.0133825
 30
0.0
 10
209.0549822222222
 20
135.4183713888889
 30
0.0
 10
208.6499933333333
 20
135.8233602777778
 30
0.0
 10
208.6651627777778
 20
135.9732908333333
 30
0.0
 10
209.1389433333333
 20
137.0058713888889
 30
0.0
 10
210.0593405555555
 20
137.9312075
 30
0.0
 10
211.03971
 20
138.9119297222222
 30
0.0
 10
211.6235572222222
 20
139.4255741666666
 30
0.0
 10
211.8630933333333
 20
139.6700491666666
 30
0.0
 10
212.3336988888889
 20
140.1406547222222
 30
0.0
 10
212.8043044444444
 20
140.6112602777778
 30
0.0
 10
213.27491
 20
141.0818658333333
 30
0.0
 10
212.5679433333333
 20
141.7888325
 30
0.0
 10
211.8613294444444
 20
142.4954463888889
 30
0.0
 10
211.1543627777777
 20
143.2024130555555
 30
0.0
 10
210.6830516666666
 20
142.7293380555556
 30
0.0
 10
210.2113877777777
 20
142.2559102777778
 30
0.0
 10
209.7400766666666
 20
141.7828352777778
 30
0.0
 10
209.4980711111111
 20
141.5457686111111
 30
0.0
 10
208.9868961111111
 20
140.9594519444444
 30
0.0
 10
208.0089961111111
 20
139.9819047222222
 30
0.0
 10
207.0960072222222
 20
139.0689158333333
 30
0.0
 10
206.0606044444444
 20
138.5923130555555
 30
0.0
 10
205.9060877777777
 20
138.5672658333333
 30
0.0
 10
205.302485
 20
139.1708686111111
 30
0.0
 10
204.6985294444444
 20
139.7748241666667
 30
0.0
 10
204.0949266666667
 20
140.3784269444444
 30
0.0
 10
204.0949266666667
 20
140.3784269444444
 30
0.0
 10
202.8651433333333
 20
149.3562686111111
 30
0.0
 10
203.9679266666666
 20
152.0603102777778
 30
0.0
 10
205.1603155555555
 20
154.9788408333333
 30
0.0
 10
207.8019155555556
 20
157.0715186111111
 30
0.0
 10
208.6175377777778
 20
160.1174019444444
 30
0.0
 10
209.4356294444444
 20
163.1661075
 30
0.0
 10
209.4356294444444
 20
166.3735630555555
 30
0.0
 10
208.6175377777778
 20
169.4219158333333
 30
0.0
 10
207.8019155555556
 20
172.4677991666667
 30
0.0
 10
206.197835
 20
175.2441602777778
 30
0.0
 10
203.9679266666666
 20
177.4744213888889
 30
0.0
 10
201.7376655555555
 20
179.7043297222222
 30
0.0
 10
198.958835
 20
181.3108797222222
 30
0.0
 10
195.9104822222222
 20
182.1289713888889
 30
0.0
 10
192.8670683333333
 20
182.9424769444444
 30
0.0
 10
189.6567905555555
 20
182.9445936111111
 30
0.0
 10
186.6059683333333
 20
182.1289713888889
 30
0.0
 10
183.5625544444444
 20
181.3108797222222
 30
0.0
 10
181.4723461111111
 20
178.6668102777778
 30
0.0
 10
178.5538155555555
 20
177.4744213888889
 30
0.0
 10
175.8469516666667
 20
176.3741075
 30
0.0
 10
166.8669933333333
 20
177.6067130555555
 30
0.0
 10
166.8669933333333
 20
177.6067130555555
 30
0.0
 10
166.2665655555555
 20
178.2071408333333
 30
0.0
 10
165.6661377777777
 20
178.8072158333333
 30
0.0
 10
165.06571
 20
179.4076436111111
 30
0.0
 10
165.0808794444444
 20
179.5572213888888
 30
0.0
 10
165.55466
 20
180.5901547222222
 30
0.0
 10
166.4750572222222
 20
181.5154908333333
 30
0.0
 10
167.4554266666666
 20
182.4958602777778
 30
0.0
 10
168.0392738888889
 20
183.0098575
 30
0.0
 10
168.27881
 20
183.2539797222222
 30
0.0
 10
168.7494155555555
 20
183.7245852777777
 30
0.0
 10
169.2200211111111
 20
184.1955436111111
 30
0.0
 10
169.6906266666666
 20
184.6661491666666
 30
0.0
 10
168.9840127777778
 20
185.3727630555555
 30
0.0
 10
168.2770461111111
 20
186.0797297222222
 30
0.0
 10
167.5704322222222
 20
186.7863436111111
 30
0.0
 10
167.0991211111111
 20
186.3132686111111
 30
0.0
 10
166.6274572222222
 20
185.8401936111111
 30
0.0
 10
166.1561461111111
 20
185.3671186111111
 30
0.0
 10
165.9141405555555
 20
185.1300519444444
 30
0.0
 10
165.4026127777778
 20
184.5437352777778
 30
0.0
 10
164.4247127777778
 20
183.5661880555555
 30
0.0
 10
163.5117238888889
 20
182.6528463888889
 30
0.0
 10
162.4766738888889
 20
182.1765963888889
 30
0.0
 10
162.3218044444444
 20
182.1515491666667
 30
0.0
 10
161.9150516666666
 20
182.5583019444445
 30
0.0
 10
161.5086516666667
 20
182.9647019444444
 30
0.0
 10
161.1018988888889
 20
183.3714547222222
 30
0.0
 10
160.76041
 20
183.7132963888889
 30
0.0
 10
160.7103155555555
 20
184.2470491666666
 30
0.0
 10
160.9823072222222
 20
184.6435713888889
 30
0.0
 10
162.3909488888889
 20
186.7023825
 30
0.0
 10
163.7992377777778
 20
188.7611936111111
 30
0.0
 10
165.2078794444444
 20
190.8200047222222
 30
0.0
 10
166.4383683333333
 20
192.0504936111111
 30
0.0
 10
167.66921
 20
193.2813352777777
 30
0.0
 10
168.8996988888889
 20
194.5118241666667
 30
0.0
 10
169.6341822222222
 20
194.9365686111111
 30
0.0
 10
170.3683127777778
 20
195.3616658333333
 30
0.0
 10
171.1027961111111
 20
195.7864102777777
 30
0.0
 10
171.2597822222222
 20
195.7190297222222
 30
0.0
 10
172.1202072222222
 20
194.9983047222222
 30
0.0
 10
172.771435
 20
193.8831741666667
 30
0.0
 10
173.4646433333333
 20
192.6809075
 30
0.0
 10
173.8114238888889
 20
191.9848769444444
 30
0.0
 10
173.9860488888889
 20
191.6906602777777
 30
0.0
 10
174.3187183333333
 20
191.1135158333333
 30
0.0
 10
174.6513877777778
 20
190.5363713888889
 30
0.0
 10
174.9840572222222
 20
189.9592269444444
 30
0.0
 10
175.8487155555555
 20
190.4598186111111
 30
0.0
 10
176.7137266666666
 20
190.9604102777778
 30
0.0
 10
177.578385
 20
191.4610019444444
 30
0.0
 10
177.2439516666666
 20
192.0381463888889
 30
0.0
 10
176.9098711111111
 20
192.6149380555555
 30
0.0
 10
176.5754377777778
 20
193.1920825
 30
0.0
 10
176.4085738888889
 20
193.4891213888888
 30
0.0
 10
175.9743044444444
 20
194.1325880555555
 30
0.0
 10
175.2835655555556
 20
195.3327380555556
 30
0.0
 10
174.6422155555555
 20
196.4425769444444
 30
0.0
 10
174.447835
 20
197.5552380555555
 30
0.0
 10
174.4626516666667
 20
197.7298630555555
 30
0.0
 10
175.2010155555555
 20
198.1556658333333
 30
0.0
 10
175.9393794444444
 20
198.5811158333333
 30
0.0
 10
176.6777433333333
 20
199.0069186111111
 30
0.0
 10
178.3590822222222
 20
199.4577686111111
 30
0.0
 10
180.0404211111111
 20
199.9082658333333
 30
0.0
 10
181.72176
 20
200.3591158333333
 30
0.0
 10
183.4030988888889
 20
200.8096130555556
 30
0.0
 10
185.0844377777777
 20
201.2604630555555
 30
0.0
 10
186.7657766666667
 20
201.7109602777778
 30
0.0
 10
187.6138544444444
 20
201.7109602777778
 30
0.0
 10
188.4619322222222
 20
201.7109602777778
 30
0.0
 10
189.31001
 20
201.7109602777778
 30
0.0
 10
189.4049072222222
 20
201.5913686111111
 30
0.0
 10
189.79896
 20
200.5288019444444
 30
0.0
 10
189.8038988888889
 20
199.2266991666667
 30
0.0
 10
189.8038988888889
 20
197.8395769444444
 30
0.0
 10
189.7541572222222
 20
197.0613491666666
 30
0.0
 10
189.7566266666666
 20
196.7195075
 30
0.0
 10
189.7566266666666
 20
196.0542862037037
 30
0.0
 10
189.7566266666666
 20
195.3890649074074
 30
0.0
 10
189.7566266666666
 20
194.7238436111111
 30
0.0
 10
190.7560461111111
 20
194.7238436111111
 30
0.0
 10
191.7554655555555
 20
194.7238436111111
 30
0.0
 10
192.754885
 20
194.7238436111111
 30
0.0
 10
192.7541794444444
 20
195.3916519444444
 30
0.0
 10
192.7531211111111
 20
196.0591075
 30
0.0
 10
192.7524155555556
 20
196.7269158333333
 30
0.0
 10
192.7573544444444
 20
197.0662880555556
 30
0.0
 10
192.7051433333333
 20
197.8420463888889
 30
0.0
 10
192.7051433333333
 20
199.2238769444444
 30
0.0
 10
192.7051433333333
 20
200.5062241666666
 30
0.0
 10
193.0917877777778
 20
201.5712602777778
 30
0.0
 10
193.1916238888888
 20
201.7109602777778
 30
0.0
 10
194.0447581481481
 20
201.7109602777778
 30
0.0
 10
194.8978924074074
 20
201.7109602777778
 30
0.0
 10
195.7510266666667
 20
201.7109602777778
 30
0.0
 10
197.4323655555555
 20
201.2604630555555
 30
0.0
 10
199.1133516666666
 20
200.8096130555556
 30
0.0
 10
200.7946905555555
 20
200.3591158333333
 30
0.0
 10
202.4760294444444
 20
199.9082658333333
 30
0.0
 10
204.1573683333333
 20
199.4577686111111
 30
0.0
 10
205.8387072222222
 20
199.0069186111111
 30
0.0
 10
206.5703683333333
 20
198.5846436111111
 30
0.0
 10
207.3023822222222
 20
198.1620158333333
 30
0.0
 10
208.0340433333333
 20
197.7397408333333
 30
0.0
 10
208.0661461111111
 20
197.6127408333333
 30
0.0
 10
207.8816433333333
 20
196.4799713888889
 30
0.0
 10
207.2258294444444
 20
195.3352075
 30
0.0
 10
206.5294461111111
 20
194.1354102777778
 30
0.0
 10
206.1008211111111
 20
193.4866519444444
 30
0.0
 10
205.9336044444444
 20
193.1899658333333
 30
0.0
 10
205.600935
 20
192.6128213888889
 30
0.0
 10
205.2682655555555
 20
192.0356769444444
 30
0.0
 10
204.9355961111111
 20
191.4585325
 30
0.0
 10
205.8013127777778
 20
190.9586463888888
 30
0.0
 10
206.6666766666666
 20
190.4591130555555
 30
0.0
 10
207.5323933333333
 20
189.9592269444444
 30
0.0
 10
207.8643572222222
 20
190.5388408333333
 30
0.0
 10
208.1959683333333
 20
191.1184547222222
 30
0.0
 10
208.5279322222222
 20
191.6980686111111
 30
0.0
 10
208.7025572222222
 20
191.9873463888889
 30
0.0
 10
209.0440461111111
 20
192.6883158333333
 30
0.0
 10
209.7351377777778
 20
193.8881130555556
 30
0.0
 10
210.3761349999999
 20
194.9983047222222
 30
0.0
 10
211.2467905555555
 20
195.7292602777777
 30
0.0
 10
211.40166
 20
195.7991102777777
 30
0.0
 10
212.1417877777778
 20
195.3715436111111
 30
0.0
 10
212.8815627777778
 20
194.9443297222222
 30
0.0
 10
213.6216905555555
 20
194.5167630555555
 30
0.0
 10
216.0830211111111
 20
192.0554325
 30
0.0
 10
218.5439988888888
 20
189.5944547222222
 30
0.0
 10
221.0053294444444
 20
187.1331241666666
 30
0.0
 10
221.4325433333333
 20
186.3929963888889
 30
0.0
 10
221.86011
 20
185.6532213888889
 30
0.0
 10
222.2873238888888
 20
184.9130936111111
 30
0.0
 10
222.2227655555555
 20
184.7681019444445
 30
0.0
 10
221.4942794444444
 20
183.8903908333333
 30
0.0
 10
220.3766794444444
 20
183.2465713888889
 30
0.0
 10
219.1768822222222
 20
182.5554797222222
 30
0.0
 10
218.4783822222222
 20
182.2115213888889
 30
0.0
 10
218.186635
 20
182.0393658333333
 30
0.0
 10
217.6080794444444
 20
181.7066963888889
 30
0.0
 10
217.0291711111111
 20
181.3740269444444
 30
0.0
 10
216.4506155555555
 20
181.0413575
 30
0.0
 10
216.9494433333333
 20
180.1766991666667
 30
0.0
 10
217.4482711111111
 20
179.3116880555555
 30
0.0
 10
217.9470988888889
 20
178.4470297222222
 30
0.0
 10
218.5242433333333
 20
178.7796991666667
 30
0.0
 10
219.101035
 20
179.1123686111111
 30
0.0
 10
219.6781794444444
 20
179.4450380555555
 30
0.0
 10
219.9752183333333
 20
179.6122547222222
 30
0.0
 10
220.6236238888888
 20
180.0412325
 30
0.0
 10
221.8237738888889
 20
180.7372630555555
 30
0.0
 10
222.9685377777778
 20
181.3934297222222
 30
0.0
 10
224.1013072222222
 20
181.5775797222222
 30
0.0
 10
224.2307766666666
 20
181.5479463888889
 30
0.0
 10
224.65411
 20
180.8138158333333
 30
0.0
 10
225.0770905555555
 20
180.0793325
 30
0.0
 10
225.5004238888889
 20
179.3452019444444
 30
0.0
 10
225.9502155555555
 20
177.6645686111111
 30
0.0
 10
226.4003599999999
 20
175.9842880555555
 30
0.0
 10
226.8501516666666
 20
174.3036547222222
 30
0.0
 10
227.3006488888888
 20
172.6223158333333
 30
0.0
 10
227.7514988888888
 20
170.9413297222222
 30
0.0
 10
228.2019961111111
 20
169.2599908333333
 30
0.0
 10
228.2019961111111
 20
168.4085028703704
 30
0.0
 10
228.2019961111111
 20
167.5570149074074
 30
0.0
 10
228.2019961111111
 20
166.7055269444444
 30
0.0
 10
228.0749961111111
 20
166.6081602777778
 30
0.0
 10
227.0046683333333
 20
166.2165769444444
 30
0.0
 10
225.7124433333333
 20
166.2165769444444
 30
0.0
 10
224.3306127777777
 20
166.2165769444444
 30
0.0
 10
223.5548544444444
 20
166.2687880555555
 30
0.0
 10
223.2154822222222
 20
166.2642019444444
 30
0.0
 10
222.5476738888889
 20
166.2649075
 30
0.0
 10
221.8802183333333
 20
166.2659658333333
 30
0.0
 10
221.21241
 20
166.2666713888889
 30
0.0
 10
221.21241
 20
165.2672519444444
 30
0.0
 10
221.21241
 20
164.2678325
 30
0.0
 10
221.21241
 20
163.2684130555555
 30
0.0
 10
221.8776312962963
 20
163.2684130555555
 30
0.0
 10
222.5428525925926
 20
163.2684130555555
 30
0.0
 10
223.2080738888889
 20
163.2684130555555
 30
0.0
 10
223.5499155555555
 20
163.2655908333333
 30
0.0
 10
224.3281433333333
 20
163.3153325
 30
0.0
 10
225.7149127777777
 20
163.3153325
 30
0.0
 10
227.0170155555555
 20
163.3103936111111
 30
0.0
 10
228.0795822222222
 20
162.9166936111111
 30
0.0
 10
228.1995266666666
 20
162.8214436111111
 30
0.0
 10
228.1995266666666
 20
161.9733658333333
 30
0.0
 10
228.1995266666666
 20
161.1252880555556
 30
0.0
 10
228.1995266666666
 20
160.2772102777778
 30
0.0
 10
227.749735
 20
158.5951658333333
 30
0.0
 10
227.2999433333333
 20
156.9127686111111
 30
0.0
 10
226.8501516666666
 20
155.2307241666666
 30
0.0
 10
226.3993016666666
 20
153.5493852777778
 30
0.0
 10
225.9488044444444
 20
151.8683991666666
 30
0.0
 10
225.4979544444444
 20
150.1870602777778
 30
0.0
 10
225.0714461111111
 20
149.4494019444444
 30
0.0
 10
224.6449377777778
 20
148.7117436111111
 30
0.0
 10
224.2184294444444
 20
147.9740852777778
 30
0.0
 10
224.0438044444444
 20
147.9592686111111
 30
0.0
 10
222.9311433333333
 20
148.1540019444444
 30
0.0
 10
221.8209516666666
 20
148.7949991666667
 30
0.0
 10
220.6211544444444
 20
149.4857380555555
 30
0.0
 10
219.9776877777778
 20
149.9200075
 30
0.0
 10
219.6806488888889
 20
150.0868713888889
 30
0.0
 10
219.1035044444444
 20
150.4213047222222
 30
0.0
 10
218.5267127777777
 20
150.7553852777778
 30
0.0
 10
217.9495683333333
 20
151.0898186111111
 30
0.0
 10
217.4489766666667
 20
150.2251602777778
 30
0.0
 10
216.948385
 20
149.3605019444444
 30
0.0
 10
216.4477933333333
 20
148.4958436111111
 30
0.0
 10
217.0249377777778
 20
148.1631741666666
 30
0.0
 10
217.6017294444444
 20
147.8301519444445
 30
0.0
 10
218.1788738888889
 20
147.4974825
 30
0.0
 10
218.4734433333333
 20
147.3228575
 30
0.0
 10
219.1694738888889
 20
146.9764297222222
 30
0.0
 10
220.3717405555555
 20
146.2828686111111
 30
0.0
 10
221.4942794444444
 20
145.6295241666666
 30
0.0
 10
222.2128877777778
 20
144.7613380555555
 30
0.0
 10
222.2774461111111
 20
144.6117602777778
 30
0.0
 10
221.8541127777777
 20
143.8758658333333
 30
0.0
 10
221.4311322222222
 20
143.1399713888889
 30
0.0
 10
221.0077988888889
 20
142.4040769444444
 30
0.0
  0
SPLINE
  5
6D
330
1F
100
AcDbEntity
  8
DEFAULT
 62
     1
100
AcDbSpline
210
0.0
220
0.0
230
1.0
 70
    11
 71
     3
 72
    59
 73
    55
 74
     0
 42
0.000000001
 43
0.0000000001
 40
1.0
 40
1.0
 40
1.0
 40
1.0
 40
2.0
 40
2.0
 40
2.0
 40
3.0
 40
3.0
 40
3.0
 40
4.0
 40
4.0
 40
4.0
 40
33.76999999999998
 40
33.76999999999998
 40
33.76999999999998
 40
34.76999999999998
 40
34.76999999999998
 40
34.76999999999998
 40
35.76999999999998
 40
35.76999999999998
 40
35.76999999999998
 40
36.76999999999998
 40
36.76999999999998
 40
36.76999999999998
 40
37.76999999999998
 40
37.76999999999998
 40
37.76999999999998
 40
38.76999999999998
 40
38.76999999999998
 40
38.76999999999998
 40
39.76999999999998
 40
39.76999999999998
 40
39.76999999999998
 40
40.76999999999998
 40
40.76999999999998
 40
40.76999999999998
 40
70.52999999999997
 40
70.52999999999997
 40
70.52999999999997
 40
71.52999999999997
 40
71.52999999999997
 40
71.52999999999997
 40
72.52999999999997
 40
72.52999999999997
 40
72.52999999999997
 40
78.23000000000002
 40
78.23000000000002
 40
78.23000000000002
 40
82.47000000000001
 40
82.47000000000001
 40
82.47000000000001
 40
91.51999999999997
 40
91.51999999999997
 40
91.51999999999997
 40
92.51999999999997
 40
92.51999999999997
 40
92.51999999999997
 40
92.51999999999997
 10
184.0801852777778
 20
4.456959166666667
 30
0.0
 10
184.7504630555555
 20
4.4580175
 30
0.0
 10
185.4207408333333
 20
4.459428611111111
 30
0.0
 10
186.0910186111111
 20
4.460486944444444
 30
0.0
 10
189.9105436111111
 20
19.77703972222222
 30
0.0
 10
193.7297158333333
 20
35.09323972222222
 30
0.0
 10
197.5492408333333
 20
50.40979249999999
 30
0.0
 10
197.7044630555555
 20
51.04161749999999
 30
0.0
 10
197.2282130555555
 20
51.65157027777778
 30
0.0
 10
196.5791019444444
 20
51.65157027777778
 30
0.0
 10
193.0783704629629
 20
51.65157027777778
 30
0.0
 10
189.5776389814814
 20
51.65157027777778
 30
0.0
 10
186.0769075
 20
51.65157027777778
 30
0.0
 10
185.1702686111111
 20
51.65157027777778
 30
0.0
 10
185.0609075
 20
50.89697861111111
 30
0.0
 10
184.4364908333333
 20
50.14520916666666
 30
0.0
 10
184.3729908333333
 20
50.14520916666666
 30
0.0
 10
183.9320186111111
 20
49.03043138888889
 30
0.0
 10
183.9249630555555
 20
47.6475425
 30
0.0
 10
183.9249630555555
 20
46.26112583333333
 30
0.0
 10
183.9778797222222
 20
45.4853675
 30
0.0
 10
183.9708241666667
 20
45.14282027777777
 30
0.0
 10
182.9724630555556
 20
45.14528972222222
 30
0.0
 10
181.9741019444444
 20
45.14740638888888
 30
0.0
 10
180.9757408333333
 20
45.14987583333333
 30
0.0
 10
180.9722130555556
 20
45.48889527777778
 30
0.0
 10
181.0251297222222
 20
46.26465361111111
 30
0.0
 10
181.0251297222222
 20
47.6475425
 30
0.0
 10
181.0251297222222
 20
49.02337583333333
 30
0.0
 10
180.5806297222222
 20
50.14908972222221
 30
0.0
 10
180.5241852777778
 20
50.14908972222221
 30
0.0
 10
179.8997686111111
 20
50.90015361111112
 30
0.0
 10
179.7904075
 20
51.65157027777778
 30
0.0
 10
178.8837686111111
 20
51.65157027777778
 30
0.0
 10
175.3842130555555
 20
51.65157027777778
 30
0.0
 10
171.8846575
 20
51.65157027777778
 30
0.0
 10
168.3851019444444
 20
51.65157027777778
 30
0.0
 10
167.7359908333333
 20
51.65157027777778
 30
0.0
 10
167.2597408333333
 20
51.03773694444444
 30
0.0
 10
167.4149630555555
 20
50.40979249999999
 30
0.0
 10
171.2344880555555
 20
35.09323972222222
 30
0.0
 10
175.0536602777778
 20
19.77703972222222
 30
0.0
 10
178.8731852777778
 20
4.460486944444444
 30
0.0
 10
179.5434630555555
 20
4.460486944444444
 30
0.0
 10
180.2137408333333
 20
4.460486944444444
 30
0.0
 10
180.8840186111111
 20
4.460486944444444
 30
0.0
 10
180.8840186111111
 20
4.959079537037037
 30
0.0
 10
180.8840186111111
 20
5.457672129629628
 30
0.0
 10
180.8840186111111
 20
5.956264722222222
 30
0.0
 10
181.948231574074
 20
5.956264722222222
 30
0.0
 10
183.012444537037
 20
5.956264722222222
 30
0.0
 10
184.0766575
 20
5.956264722222222
 30
0.0
 10
184.0777158333333
 20
5.456378611111111
 30
0.0
 10
184.0791269444444
 20
4.956845277777777
 30
0.0
 10
184.0801852777778
 20
4.456959166666667
 30
0.0
  0
POLYLINE
  5
6E
330
1F
100
AcDbEntity
  8
DEFAULT
 62
    18
100
AcDb2dPolyline
 66
     1
 10
0.0
 20
0.0
 30
0.0
  0
VERTEX
  5
6F
330
6E
100
AcDbEntity
  8
DEFAULT
 62
    18
100
AcDbVertex
100
AcDb2dVertex
 10
183.5673875
 20
43.89229361111111
 30
0.0
  0
VERTEX
  5
70
330
6E
100
AcDbEntity
  8
DEFAULT
 62
    18
100
AcDbVertex
100
AcDb2dVertex
 10
183.5673875
 20
42.75564361111111
 30
0.0
  0
VERTEX
  5
71
330
6E
100
AcDbEntity
  8
DEFAULT
 62
    18
100
AcDbVertex
100
AcDb2dVertex
 10
181.5466763888889
 20
42.75564361111111
 30
0.0
  0
VERTEX
  5
72
330
6E
100
AcDbEntity
  8
DEFAULT
 62
    18
100
AcDbVertex
100
AcDb2dVertex
 10
181.5466763888889
 20
43.84713805555555
 30
0.0
  0
SEQEND
  5
73
330
6E
100
AcDbEntity
  8
DEFAULT
 62
    18
  0
POLYLINE
  5
74
330
1F
100
AcDbEntity
  8
DEFAULT
 62
    18
100
AcDb2dPolyline
 66
     1
 10
0.0
 20
0.0
 30
0.0
  0
VERTEX
  5
75
330
74
100
AcDbEntity
  8
DEFAULT
 62
    18
100
AcDbVertex
100
AcDb2dVertex
 10
182.5571025
 20
42.75574944444444
 30
0.0
  0
VERTEX
  5
76
330
74
100
AcDbEntity
  8
DEFAULT
 62
    18
100
AcDbVertex
100
AcDb2dVertex
 10
182.5571025
 20
43.84724388888888
 30
0.0
  0
SEQEND
  5
77
330
74
100
AcDbEntity
  8
DEFAULT
 62
    18
  0
SPLINE
  5
78
330
1F
100
AcDbEntity
  8
DEFAULT
 62
     1
100
AcDbSpline
210
0.0
220
0.0
230
1.0
 70
     8
 71
     3
 72
    56
 73
    52
 74
     0
 42
0.000000001
 43
0.0000000001
 40
0.0
 40
0.0
 40
0.0
 40
0.0
 40
1.0
 40
1.0
 40
1.0
 40
30.76999999999998
 40
30.76999999999998
 40
30.76999999999998
 40
31.76999999999998
 40
31.76999999999998
 40
31.76999999999998
 40
32.76999999999998
 40
32.76999999999998
 40
32.76999999999998
 40
33.76999999999998
 40
33.76999999999998
 40
33.76999999999998
 40
34.76999999999998
 40
34.76999999999998
 40
34.76999999999998
 40
35.76999999999998
 40
35.76999999999998
 40
35.76999999999998
 40
36.76999999999998
 40
36.76999999999998
 40
36.76999999999998
 40
37.76999999999998
 40
37.76999999999998
 40
37.76999999999998
 40
67.52999999999997
 40
67.52999999999997
 40
67.52999999999997
 40
68.52999999999997
 40
68.52999999999997
 40
68.52999999999997
 40
69.52999999999997
 40
69.52999999999997
 40
69.52999999999997
 40
75.2299999999999
 40
75.2299999999999
 40
75.2299999999999
 40
79.46999999999989
 40
79.46999999999989
 40
79.46999999999989
 40
88.51999999999995
 40
88.51999999999995
 40
88.51999999999995
 40
89.51999999999995
 40
89.51999999999995
 40
89.51999999999995
 40
90.51999999999995
 40
90.51999999999995
 40
90.51999999999995
 40
90.51999999999995
 10
186.0910891666666
 20
4.460416388888889
 30
0.0
 10
185.9358669444444
 20
3.828591388888889
 30
0.0
 10
186.4121169444444
 20
3.218285833333334
 30
0.0
 10
187.0612280555555
 20
3.218285833333334
 30
0.0
 10
190.561959537037
 20
3.218285833333334
 30
0.0
 10
194.0626910185185
 20
3.218285833333334
 30
0.0
 10
197.5634225
 20
3.218285833333334
 30
0.0
 10
198.4700613888889
 20
3.218285833333334
 30
0.0
 10
198.5794225
 20
3.973230277777778
 30
0.0
 10
199.2038391666666
 20
4.724999722222222
 30
0.0
 10
199.2673391666667
 20
4.724999722222222
 30
0.0
 10
199.7083113888889
 20
5.839777499999999
 30
0.0
 10
199.7153669444444
 20
7.222666388888888
 30
0.0
 10
199.7153669444444
 20
8.609083055555555
 30
0.0
 10
199.6624502777778
 20
9.384841388888887
 30
0.0
 10
199.6695058333333
 20
9.727388611111111
 30
0.0
 10
200.6678669444444
 20
9.724919166666666
 30
0.0
 10
201.6658752777778
 20
9.722802499999998
 30
0.0
 10
202.6642363888889
 20
9.720333055555555
 30
0.0
 10
202.6681169444444
 20
9.38131361111111
 30
0.0
 10
202.6152002777778
 20
8.605555277777778
 30
0.0
 10
202.6152002777778
 20
7.222666388888888
 30
0.0
 10
202.6152002777778
 20
5.846833055555556
 30
0.0
 10
203.0597002777778
 20
4.721119166666667
 30
0.0
 10
203.1161447222222
 20
4.721119166666667
 30
0.0
 10
203.7405613888889
 20
3.9697025
 30
0.0
 10
203.8499225
 20
3.218285833333334
 30
0.0
 10
204.7565613888889
 20
3.218285833333334
 30
0.0
 10
208.2561169444444
 20
3.218285833333334
 30
0.0
 10
211.7556724999999
 20
3.218285833333334
 30
0.0
 10
215.2552280555555
 20
3.218285833333334
 30
0.0
 10
215.9043391666666
 20
3.218285833333334
 30
0.0
 10
216.3805891666667
 20
3.832471944444445
 30
0.0
 10
216.2253669444444
 20
4.460416388888889
 30
0.0
 10
212.4058419444444
 20
19.77696916666667
 30
0.0
 10
208.5866697222222
 20
35.09316916666666
 30
0.0
 10
204.7671447222222
 20
50.40972194444443
 30
0.0
 10
204.0968669444444
 20
50.40972194444443
 30
0.0
 10
203.4265891666666
 20
50.40972194444443
 30
0.0
 10
202.7563113888889
 20
50.40972194444443
 30
0.0
 10
202.7563113888889
 20
49.91112935185185
 30
0.0
 10
202.7563113888889
 20
49.41253675925926
 30
0.0
 10
202.7563113888889
 20
48.91394416666667
 30
0.0
 10
201.6920984259259
 20
48.91394416666666
 30
0.0
 10
200.6278854629629
 20
48.91394416666666
 30
0.0
 10
199.5636725
 20
48.91394416666667
 30
0.0
 10
199.5626141666667
 20
49.41383027777778
 30
0.0
 10
199.5612030555555
 20
49.9133636111111
 30
0.0
 10
199.5601447222222
 20
50.41324972222221
 30
0.0
 10
198.8898669444444
 20
50.41219138888889
 30
0.0
 10
198.2192363888889
 20
50.41078027777777
 30
0.0
 10
197.5489586111111
 20
50.40972194444443
 30
0.0
  0
POLYLINE
  5
79
330
1F
100
AcDbEntity
  8
DEFAULT
 62
    18
100
AcDb2dPolyline
 66
     1
 10
0.0
 20
0.0
 30
0.0
  0
VERTEX
  5
7A
330
79
100
AcDbEntity
  8
DEFAULT
 62
    18
100
AcDbVertex
100
AcDb2dVertex
 10
200.0728366666666
 20
10.97784472222222
 30
0.0
  0
VERTEX
  5
7B
330
79
100
AcDbEntity
  8
DEFAULT
 62
    18
100
AcDbVertex
100
AcDb2dVertex
 10
200.0728366666666
 20
12.11449472222222
 30
0.0
  0
VERTEX
  5
7C
330
79
100
AcDbEntity
  8
DEFAULT
 62
    18
100
AcDbVertex
100
AcDb2dVertex
 10
202.0939005555555
 20
12.11449472222222
 30
0.0
  0
VERTEX
  5
7D
330
79
100
AcDbEntity
  8
DEFAULT
 62
    18
100
AcDbVertex
100
AcDb2dVertex
 10
202.0939005555555
 20
11.02300027777778
 30
0.0
  0
SEQEND
  5
7E
330
79
100
AcDbEntity
  8
DEFAULT
 62
    18
  0
POLYLINE
  5
7F
330
1F
100
AcDbEntity
  8
DEFAULT
 62
    18
100
AcDb2dPolyline
 66
     1
 10
0.0
 20
0.0
 30
0.0
  0
VERTEX
  5
80
330
7F
100
AcDbEntity
  8
DEFAULT
 62
    18
100
AcDbVertex
100
AcDb2dVertex
 10
201.0832627777778
 20
12.11438888888889
 30
0.0
  0
VERTEX
  5
81
330
7F
100
AcDbEntity
  8
DEFAULT
 62
    18
100
AcDbVertex
100
AcDb2dVertex
 10
201.0832627777778
 20
11.02289444444444
 30
0.0
  0
SEQEND
  5
82
330
7F
100
AcDbEntity
  8
DEFAULT
 62
    18
  0
SPLINE
  5
83
330
1F
100
AcDbEntity
  8
DEFAULT
 62
     1
100
AcDbSpline
210
0.0
220
0.0
230
1.0
 70
     8
 71
     3
 72
    56
 73
    52
 74
     0
 42
0.000000001
 43
0.0000000001
 40
0.0
 40
0.0
 40
0.0
 40
0.0
 40
5.700000000000045
 40
5.700000000000045
 40
5.700000000000045
 40
9.940000000000046
 40
9.940000000000046
 40
9.940000000000046
 40
18.99
 40
18.99
 40
18.99
 40
19.99
 40
19.99
 40
19.99
 40
20.99
 40
20.99
 40
20.99
 40
21.99
 40
21.99
 40
21.99
 40
22.99
 40
22.99
 40
22.99
 40
52.7600000000001
 40
52.7600000000001
 40
52.7600000000001
 40
53.7600000000001
 40
53.7600000000001
 40
53.7600000000001
 40
54.7600000000001
 40
54.7600000000001
 40
54.7600000000001
 40
55.7600000000001
 40
55.7600000000001
 40
55.7600000000001
 40
56.7600000000001
 40
56.7600000000001
 40
56.7600000000001
 40
57.7600000000001
 40
57.7600000000001
 40
57.7600000000001
 40
58.7600000000001
 40
58.7600000000001
 40
58.7600000000001
 40
59.7600000000001
 40
59.7600000000001
 40
59.7600000000001
 40
89.5200000000001
 40
89.5200000000001
 40
89.5200000000001
 40
90.5200000000001
 40
90.5200000000001
 40
90.5200000000001
 40
90.5200000000001
 10
216.2253316666666
 20
4.460416388888889
 30
0.0
 10
216.8956094444444
 20
4.460416388888889
 30
0.0
 10
217.5658872222222
 20
4.460416388888889
 30
0.0
 10
218.236165
 20
4.460416388888889
 30
0.0
 10
218.236165
 20
4.959008981481481
 30
0.0
 10
218.236165
 20
5.457601574074073
 30
0.0
 10
218.236165
 20
5.956194166666666
 30
0.0
 10
219.300377962963
 20
5.956194166666666
 30
0.0
 10
220.3645909259259
 20
5.956194166666666
 30
0.0
 10
221.4288038888889
 20
5.956194166666666
 30
0.0
 10
221.4298622222222
 20
5.456308055555556
 30
0.0
 10
221.4312733333333
 20
4.956774722222222
 30
0.0
 10
221.4323316666666
 20
4.456888611111111
 30
0.0
 10
222.1026094444444
 20
4.457946944444444
 30
0.0
 10
222.7728872222222
 20
4.459358055555556
 30
0.0
 10
223.443165
 20
4.460416388888889
 30
0.0
 10
227.26269
 20
19.77696916666667
 30
0.0
 10
231.0818622222222
 20
35.09316916666666
 30
0.0
 10
234.9013872222222
 20
50.40972194444443
 30
0.0
 10
235.0566094444444
 20
51.04154694444443
 30
0.0
 10
234.5803594444444
 20
51.65185249999999
 30
0.0
 10
233.9312483333333
 20
51.65185249999999
 30
0.0
 10
230.4305168518518
 20
51.65185249999999
 30
0.0
 10
226.9297853703704
 20
51.65185249999999
 30
0.0
 10
223.4290538888889
 20
51.65185249999999
 30
0.0
 10
222.522415
 20
51.65185249999999
 30
0.0
 10
222.4130538888888
 20
50.89690805555555
 30
0.0
 10
221.7886372222222
 20
50.14513861111111
 30
0.0
 10
221.7251372222222
 20
50.14513861111111
 30
0.0
 10
221.284165
 20
49.03036083333333
 30
0.0
 10
221.2771094444444
 20
47.64747194444445
 30
0.0
 10
221.2771094444444
 20
46.26105527777778
 30
0.0
 10
221.3300261111111
 20
45.48529694444444
 30
0.0
 10
221.3229705555555
 20
45.14274972222221
 30
0.0
 10
220.3246094444444
 20
45.14521916666666
 30
0.0
 10
219.3262483333333
 20
45.14733583333333
 30
0.0
 10
218.3278872222222
 20
45.14980527777777
 30
0.0
 10
218.3243594444444
 20
45.48882472222222
 30
0.0
 10
218.3772761111111
 20
46.26458305555555
 30
0.0
 10
218.3772761111111
 20
47.64747194444445
 30
0.0
 10
218.3772761111111
 20
49.02330527777777
 30
0.0
 10
217.9327761111111
 20
50.14901916666666
 30
0.0
 10
217.8763316666666
 20
50.14901916666666
 30
0.0
 10
217.251915
 20
50.90043583333333
 30
0.0
 10
217.1425538888889
 20
51.65185249999999
 30
0.0
 10
216.2359149999999
 20
51.65185249999999
 30
0.0
 10
212.7363594444444
 20
51.65185249999999
 30
0.0
 10
209.2368038888888
 20
51.65185249999999
 30
0.0
 10
205.7372483333333
 20
51.65185249999999
 30
0.0
 10
205.0881372222222
 20
51.65185249999999
 30
0.0
 10
204.6118872222222
 20
51.03766638888888
 30
0.0
 10
204.7671094444444
 20
50.40972194444443
 30
0.0
  0
POLYLINE
  5
84
330
1F
100
AcDbEntity
  8
DEFAULT
 62
    18
100
AcDb2dPolyline
 66
     1
 10
0.0
 20
0.0
 30
0.0
  0
VERTEX
  5
85
330
84
100
AcDbEntity
  8
DEFAULT
 62
    18
100
AcDbVertex
100
AcDb2dVertex
 10
220.9196044444444
 20
43.89229361111111
 30
0.0
  0
VERTEX
  5
86
330
84
100
AcDbEntity
  8
DEFAULT
 62
    18
100
AcDbVertex
100
AcDb2dVertex
 10
220.9196044444444
 20
42.75564361111111
 30
0.0
  0
VERTEX
  5
87
330
84
100
AcDbEntity
  8
DEFAULT
 62
    18
100
AcDbVertex
100
AcDb2dVertex
 10
218.8985405555555
 20
42.75564361111111
 30
0.0
  0
VERTEX
  5
88
330
84
100
AcDbEntity
  8
DEFAULT
 62
    18
100
AcDbVertex
100
AcDb2dVertex
 10
218.8985405555555
 20
43.84713805555555
 30
0.0
  0
SEQEND
  5
89
330
84
100
AcDbEntity
  8
DEFAULT
 62
    18
  0
POLYLINE
  5
8A
330
1F
100
AcDbEntity
  8
DEFAULT
 62
    18
100
AcDb2dPolyline
 66
     1
 10
0.0
 20
0.0
 30
0.0
  0
VERTEX
  5
8B
330
8A
100
AcDbEntity
  8
DEFAULT
 62
    18
100
AcDbVertex
100
AcDb2dVertex
 10
219.9091783333333
 20
42.75574944444444
 30
0.0
  0
VERTEX
  5
8C
330
8A
100
AcDbEntity
  8
DEFAULT
 62
    18
100
AcDbVertex
100
AcDb2dVertex
 10
219.9091783333333
 20
43.84724388888888
 30
0.0
  0
SEQEND
  5
8D
330
8A
100
AcDbEntity
  8
DEFAULT
 62
    18
  0
SPLINE
  5
8E
330
1F
100
AcDbEntity
  8
DEFAULT
 62
     1
100
AcDbSpline
210
0.0
220
0.0
230
1.0
 70
     8
 71
     3
 72
    56
 73
    52
 74
     0
 42
0.000000001
 43
0.0000000001
 40
0.0
 40
0.0
 40
0.0
 40
0.0
 40
1.0
 40
1.0
 40
1.0
 40
30.76999999999998
 40
30.76999999999998
 40
30.76999999999998
 40
31.76999999999998
 40
31.76999999999998
 40
31.76999999999998
 40
32.76999999999998
 40
32.76999999999998
 40
32.76999999999998
 40
33.76999999999998
 40
33.76999999999998
 40
33.76999999999998
 40
34.76999999999998
 40
34.76999999999998
 40
34.76999999999998
 40
35.76999999999998
 40
35.76999999999998
 40
35.76999999999998
 40
36.76999999999998
 40
36.76999999999998
 40
36.76999999999998
 40
37.76999999999998
 40
37.76999999999998
 40
37.76999999999998
 40
67.52999999999997
 40
67.52999999999997
 40
67.52999999999997
 40
68.52999999999997
 40
68.52999999999997
 40
68.52999999999997
 40
69.52999999999997
 40
69.52999999999997
 40
69.52999999999997
 40
75.23000000000002
 40
75.23000000000002
 40
75.23000000000002
 40
79.47
 40
79.47
 40
79.47
 40
88.51999999999995
 40
88.51999999999995
 40
88.51999999999995
 40
89.51999999999995
 40
89.51999999999995
 40
89.51999999999995
 40
90.51999999999995
 40
90.51999999999995
 40
90.51999999999995
 40
90.51999999999995
 10
223.443165
 20
4.460416388888889
 30
0.0
 10
223.2879427777777
 20
3.828591388888889
 30
0.0
 10
223.7641927777777
 20
3.218285833333334
 30
0.0
 10
224.4133038888889
 20
3.218285833333334
 30
0.0
 10
227.9140353703704
 20
3.218285833333334
 30
0.0
 10
231.4147668518519
 20
3.218285833333334
 30
0.0
 10
234.9154983333333
 20
3.218285833333334
 30
0.0
 10
235.8221372222222
 20
3.218285833333334
 30
0.0
 10
235.9314983333333
 20
3.973230277777778
 30
0.0
 10
236.555915
 20
4.724999722222222
 30
0.0
 10
236.619415
 20
4.724999722222222
 30
0.0
 10
237.0603872222222
 20
5.839777499999999
 30
0.0
 10
237.0674427777778
 20
7.222666388888888
 30
0.0
 10
237.0674427777778
 20
8.609083055555555
 30
0.0
 10
237.0145261111111
 20
9.384841388888887
 30
0.0
 10
237.0215816666667
 20
9.727388611111111
 30
0.0
 10
238.0199427777778
 20
9.724919166666666
 30
0.0
 10
239.0183038888889
 20
9.722802499999998
 30
0.0
 10
240.016665
 20
9.720333055555555
 30
0.0
 10
240.0201927777778
 20
9.38131361111111
 30
0.0
 10
239.9672761111111
 20
8.605555277777778
 30
0.0
 10
239.9672761111111
 20
7.222666388888888
 30
0.0
 10
239.9672761111111
 20
5.846833055555556
 30
0.0
 10
240.4117761111111
 20
4.721119166666667
 30
0.0
 10
240.4682205555555
 20
4.721119166666667
 30
0.0
 10
241.0926372222222
 20
3.9697025
 30
0.0
 10
241.2019983333333
 20
3.218285833333334
 30
0.0
 10
242.1086372222222
 20
3.218285833333334
 30
0.0
 10
245.6081927777778
 20
3.218285833333334
 30
0.0
 10
249.1077483333333
 20
3.218285833333334
 30
0.0
 10
252.6073038888889
 20
3.218285833333334
 30
0.0
 10
253.256415
 20
3.218285833333334
 30
0.0
 10
253.732665
 20
3.832471944444445
 30
0.0
 10
253.5774427777777
 20
4.460416388888889
 30
0.0
 10
249.7579177777777
 20
19.77696916666667
 30
0.0
 10
245.9387455555556
 20
35.09316916666666
 30
0.0
 10
242.1192205555556
 20
50.40972194444443
 30
0.0
 10
241.4489427777778
 20
50.40972194444443
 30
0.0
 10
240.778665
 20
50.40972194444443
 30
0.0
 10
240.1083872222222
 20
50.40972194444443
 30
0.0
 10
240.1083872222222
 20
49.91112935185185
 30
0.0
 10
240.1083872222222
 20
49.41253675925926
 30
0.0
 10
240.1083872222222
 20
48.91394416666667
 30
0.0
 10
239.0441742592592
 20
48.91394416666666
 30
0.0
 10
237.9799612962963
 20
48.91394416666666
 30
0.0
 10
236.9157483333333
 20
48.91394416666667
 30
0.0
 10
236.91469
 20
49.41383027777778
 30
0.0
 10
236.9132788888889
 20
49.9133636111111
 30
0.0
 10
236.9122205555555
 20
50.41324972222221
 30
0.0
 10
236.2419427777778
 20
50.41219138888889
 30
0.0
 10
235.571665
 20
50.41078027777777
 30
0.0
 10
234.9013872222222
 20
50.40972194444443
 30
0.0
  0
POLYLINE
  5
8F
330
1F
100
AcDbEntity
  8
DEFAULT
 62
    18
100
AcDb2dPolyline
 66
     1
 10
0.0
 20
0.0
 30
0.0
  0
VERTEX
  5
90
330
8F
100
AcDbEntity
  8
DEFAULT
 62
    18
100
AcDbVertex
100
AcDb2dVertex
 10
237.4249125
 20
10.97784472222222
 30
0.0
  0
VERTEX
  5
91
330
8F
100
AcDbEntity
  8
DEFAULT
 62
    18
100
AcDbVertex
100
AcDb2dVertex
 10
237.4249125
 20
12.11449472222222
 30
0.0
  0
VERTEX
  5
92
330
8F
100
AcDbEntity
  8
DEFAULT
 62
    18
100
AcDbVertex
100
AcDb2dVertex
 10
239.4459763888889
 20
12.11449472222222
 30
0.0
  0
VERTEX
  5
93
330
8F
100
AcDbEntity
  8
DEFAULT
 62
    18
100
AcDbVertex
100
AcDb2dVertex
 10
239.4459763888889
 20
11.02300027777778
 30
0.0
  0
SEQEND
  5
94
330
8F
100
AcDbEntity
  8
DEFAULT
 62
    18
  0
POLYLINE
  5
95
330
1F
100
AcDbEntity
  8
DEFAULT
 62
    18
100
AcDb2dPolyline
 66
     1
 10
0.0
 20
0.0
 30
0.0
  0
VERTEX
  5
96
330
95
100
AcDbEntity
  8
DEFAULT
 62
    18
100
AcDbVertex
100
AcDb2dVertex
 10
238.4353386111111
 20
12.11438888888889
 30
0.0
  0
VERTEX
  5
97
330
95
100
AcDbEntity
  8
DEFAULT
 62
    18
100
AcDbVertex
100
AcDb2dVertex
 10
238.4353386111111
 20
11.02289444444444
 30
0.0
  0
SEQEND
  5
98
330
95
100
AcDbEntity
  8
DEFAULT
 62
    18
  0
SPLINE
  5
99
330
1F
100
AcDbEntity
  8
DEFAULT
 62
     1
100
AcDbSpline
210
0.0
220
0.0
230
1.0
 70
     8
 71
     3
 72
    56
 73
    52
 74
     0
 42
0.000000001
 43
0.0000000001
 40
0.0
 40
0.0
 40
0.0
 40
0.0
 40
5.700000000000045
 40
5.700000000000045
 40
5.700000000000045
 40
9.940000000000046
 40
9.940000000000046
 40
9.940000000000046
 40
18.99
 40
18.99
 40
18.99
 40
19.99
 40
19.99
 40
19.99
 40
20.99
 40
20.99
 40
20.99
 40
21.99
 40
21.99
 40
21.99
 40
22.99
 40
22.99
 40
22.99
 40
52.75999999999998
 40
52.75999999999998
 40
52.75999999999998
 40
53.75999999999998
 40
53.75999999999998
 40
53.75999999999998
 40
54.75999999999998
 40
54.75999999999998
 40
54.75999999999998
 40
55.75999999999998
 40
55.75999999999998
 40
55.75999999999998
 40
56.75999999999998
 40
56.75999999999998
 40
56.75999999999998
 40
57.75999999999998
 40
57.75999999999998
 40
57.75999999999998
 40
58.75999999999998
 40
58.75999999999998
 40
58.75999999999998
 40
59.75999999999998
 40
59.75999999999998
 40
59.75999999999998
 40
89.51999999999998
 40
89.51999999999998
 40
89.51999999999998
 40
90.51999999999998
 40
90.51999999999998
 40
90.51999999999998
 40
90.51999999999998
 10
253.5774075
 20
4.460416388888889
 30
0.0
 10
254.2476852777777
 20
4.460416388888889
 30
0.0
 10
254.9179630555555
 20
4.460416388888889
 30
0.0
 10
255.5882408333333
 20
4.460416388888889
 30
0.0
 10
255.5882408333333
 20
4.959008981481481
 30
0.0
 10
255.5882408333333
 20
5.457601574074073
 30
0.0
 10
255.5882408333333
 20
5.956194166666666
 30
0.0
 10
256.6524537962963
 20
5.956194166666666
 30
0.0
 10
257.7166667592592
 20
5.956194166666666
 30
0.0
 10
258.7808797222222
 20
5.956194166666666
 30
0.0
 10
258.7819380555555
 20
5.456308055555556
 30
0.0
 10
258.7833491666666
 20
4.956774722222222
 30
0.0
 10
258.7844075
 20
4.456888611111111
 30
0.0
 10
259.4546852777777
 20
4.457946944444444
 30
0.0
 10
260.1249630555555
 20
4.459358055555556
 30
0.0
 10
260.7952408333333
 20
4.460416388888889
 30
0.0
 10
264.6147658333333
 20
19.77696916666667
 30
0.0
 10
268.4339380555555
 20
35.09316916666666
 30
0.0
 10
272.2534630555555
 20
50.40972194444443
 30
0.0
 10
272.4086852777777
 20
51.04154694444443
 30
0.0
 10
271.9324352777778
 20
51.65185249999999
 30
0.0
 10
271.2833241666666
 20
51.65185249999999
 30
0.0
 10
267.7825926851851
 20
51.65185249999999
 30
0.0
 10
264.2818612037036
 20
51.65185249999999
 30
0.0
 10
260.7811297222222
 20
51.65185249999999
 30
0.0
 10
259.8744908333333
 20
51.65185249999999
 30
0.0
 10
259.7651297222222
 20
50.89690805555555
 30
0.0
 10
259.1407130555555
 20
50.14513861111111
 30
0.0
 10
259.0772130555555
 20
50.14513861111111
 30
0.0
 10
258.6362408333333
 20
49.03036083333333
 30
0.0
 10
258.6291852777778
 20
47.64747194444445
 30
0.0
 10
258.6291852777778
 20
46.26105527777778
 30
0.0
 10
258.6821019444444
 20
45.48529694444444
 30
0.0
 10
258.6750463888889
 20
45.14274972222221
 30
0.0
 10
257.6766852777778
 20
45.14521916666666
 30
0.0
 10
256.6783241666666
 20
45.14733583333333
 30
0.0
 10
255.6799630555555
 20
45.14980527777777
 30
0.0
 10
255.6764352777778
 20
45.48882472222222
 30
0.0
 10
255.7293519444444
 20
46.26458305555555
 30
0.0
 10
255.7293519444444
 20
47.64747194444445
 30
0.0
 10
255.7293519444444
 20
49.02330527777777
 30
0.0
 10
255.2848519444444
 20
50.14901916666666
 30
0.0
 10
255.2284074999999
 20
50.14901916666666
 30
0.0
 10
254.6039908333333
 20
50.90043583333333
 30
0.0
 10
254.4946297222222
 20
51.65185249999999
 30
0.0
 10
253.5879908333333
 20
51.65185249999999
 30
0.0
 10
250.0884352777777
 20
51.65185249999999
 30
0.0
 10
246.5888797222222
 20
51.65185249999999
 30
0.0
 10
243.0893241666666
 20
51.65185249999999
 30
0.0
 10
242.4402130555555
 20
51.65185249999999
 30
0.0
 10
241.9639630555556
 20
51.03766638888888
 30
0.0
 10
242.1191852777777
 20
50.40972194444443
 30
0.0
  0
POLYLINE
  5
9A
330
1F
100
AcDbEntity
  8
DEFAULT
 62
    18
100
AcDb2dPolyline
 66
     1
 10
0.0
 20
0.0
 30
0.0
  0
VERTEX
  5
9B
330
9A
100
AcDbEntity
  8
DEFAULT
 62
    18
100
AcDbVertex
100
AcDb2dVertex
 10
258.2716802777778
 20
43.89229361111111
 30
0.0
  0
VERTEX
  5
9C
330
9A
100
AcDbEntity
  8
DEFAULT
 62
    18
100
AcDbVertex
100
AcDb2dVertex
 10
258.2716802777778
 20
42.75564361111111
 30
0.0
  0
VERTEX
  5
9D
330
9A
100
AcDbEntity
  8
DEFAULT
 62
    18
100
AcDbVertex
100
AcDb2dVertex
 10
256.2506163888888
 20
42.75564361111111
 30
0.0
  0
VERTEX
  5
9E
330
9A
100
AcDbEntity
  8
DEFAULT
 62
    18
100
AcDbVertex
100
AcDb2dVertex
 10
256.2506163888888
 20
43.84713805555555
 30
0.0
  0
SEQEND
  5
9F
330
9A
100
AcDbEntity
  8
DEFAULT
 62
    18
  0
POLYLINE
  5
A0
330
1F
100
AcDbEntity
  8
DEFAULT
 62
    18
100
AcDb2dPolyline
 66
     1
 10
0.0
 20
0.0
 30
0.0
  0
VERTEX
  5
A1
330
A0
100
AcDbEntity
  8
DEFAULT
 62
    18
100
AcDbVertex
100
AcDb2dVertex
 10
257.2612541666667
 20
42.75574944444444
 30
0.0
  0
VERTEX
  5
A2
330
A0
100
AcDbEntity
  8
DEFAULT
 62
    18
100
AcDbVertex
100
AcDb2dVertex
 10
257.2612541666667
 20
43.84724388888888
 30
0.0
  0
SEQEND
  5
A3
330
A0
100
AcDbEntity
  8
DEFAULT
 62
    18
  0
SPLINE
  5
A4
330
1F
100
AcDbEntity
  8
DEFAULT
 62
     1
100
AcDbSpline
210
0.0
220
0.0
230
1.0
 70
     8
 71
     3
 72
    56
 73
    52
 74
     0
 42
0.000000001
 43
0.0000000001
 40
0.0
 40
0.0
 40
0.0
 40
0.0
 40
1.0
 40
1.0
 40
1.0
 40
30.76999999999998
 40
30.76999999999998
 40
30.76999999999998
 40
31.76999999999998
 40
31.76999999999998
 40
31.76999999999998
 40
32.76999999999998
 40
32.76999999999998
 40
32.76999999999998
 40
33.76999999999998
 40
33.76999999999998
 40
33.76999999999998
 40
34.76999999999998
 40
34.76999999999998
 40
34.76999999999998
 40
35.76999999999998
 40
35.76999999999998
 40
35.76999999999998
 40
36.76999999999998
 40
36.76999999999998
 40
36.76999999999998
 40
37.76999999999998
 40
37.76999999999998
 40
37.76999999999998
 40
67.52999999999997
 40
67.52999999999997
 40
67.52999999999997
 40
68.52999999999997
 40
68.52999999999997
 40
68.52999999999997
 40
69.52999999999997
 40
69.52999999999997
 40
69.52999999999997
 40
75.23000000000002
 40
75.23000000000002
 40
75.23000000000002
 40
79.47
 40
79.47
 40
79.47
 40
88.51999999999995
 40
88.51999999999995
 40
88.51999999999995
 40
89.51999999999995
 40
89.51999999999995
 40
89.51999999999995
 40
90.51999999999995
 40
90.51999999999995
 40
90.51999999999995
 40
90.51999999999995
 10
260.7952055555555
 20
4.460416388888889
 30
0.0
 10
260.6399833333332
 20
3.828591388888889
 30
0.0
 10
261.1162333333333
 20
3.218285833333334
 30
0.0
 10
261.7653444444444
 20
3.218285833333334
 30
0.0
 10
265.2660759259259
 20
3.218285833333334
 30
0.0
 10
268.7668074074074
 20
3.218285833333334
 30
0.0
 10
272.2675388888889
 20
3.218285833333334
 30
0.0
 10
273.1741777777777
 20
3.218285833333334
 30
0.0
 10
273.2835388888888
 20
3.973230277777778
 30
0.0
 10
273.9079555555555
 20
4.724999722222222
 30
0.0
 10
273.9714555555555
 20
4.724999722222222
 30
0.0
 10
274.4124277777777
 20
5.839777499999999
 30
0.0
 10
274.4194833333333
 20
7.222666388888888
 30
0.0
 10
274.4194833333333
 20
8.609083055555555
 30
0.0
 10
274.3665666666666
 20
9.384841388888887
 30
0.0
 10
274.3736222222222
 20
9.727388611111111
 30
0.0
 10
275.3719833333333
 20
9.724919166666666
 30
0.0
 10
276.3703444444444
 20
9.722802499999998
 30
0.0
 10
277.3687055555555
 20
9.720333055555555
 30
0.0
 10
277.3722333333333
 20
9.38131361111111
 30
0.0
 10
277.3193166666666
 20
8.605555277777778
 30
0.0
 10
277.3193166666666
 20
7.222666388888888
 30
0.0
 10
277.3193166666666
 20
5.846833055555556
 30
0.0
 10
277.7638166666666
 20
4.721119166666667
 30
0.0
 10
277.8202611111111
 20
4.721119166666667
 30
0.0
 10
278.4446777777777
 20
3.9697025
 30
0.0
 10
278.5540388888888
 20
3.218285833333334
 30
0.0
 10
279.4606777777777
 20
3.218285833333334
 30
0.0
 10
282.9602333333333
 20
3.218285833333334
 30
0.0
 10
286.4597888888889
 20
3.218285833333334
 30
0.0
 10
289.9593444444444
 20
3.218285833333334
 30
0.0
 10
290.6084555555555
 20
3.218285833333334
 30
0.0
 10
291.0847055555555
 20
3.832471944444445
 30
0.0
 10
290.9294833333333
 20
4.460416388888889
 30
0.0
 10
287.1099583333333
 20
19.77696916666667
 30
0.0
 10
283.2907861111111
 20
35.09316916666666
 30
0.0
 10
279.4712611111111
 20
50.40972194444443
 30
0.0
 10
278.8009833333333
 20
50.40972194444443
 30
0.0
 10
278.1307055555556
 20
50.40972194444443
 30
0.0
 10
277.4604277777777
 20
50.40972194444443
 30
0.0
 10
277.4604277777777
 20
49.91112935185185
 30
0.0
 10
277.4604277777777
 20
49.41253675925926
 30
0.0
 10
277.4604277777777
 20
48.91394416666667
 30
0.0
 10
276.3962148148148
 20
48.91394416666666
 30
0.0
 10
275.3320018518518
 20
48.91394416666666
 30
0.0
 10
274.2677888888888
 20
48.91394416666667
 30
0.0
 10
274.2667305555555
 20
49.41383027777778
 30
0.0
 10
274.2653194444444
 20
49.9133636111111
 30
0.0
 10
274.2642611111111
 20
50.41324972222221
 30
0.0
 10
273.5939833333333
 20
50.41219138888889
 30
0.0
 10
272.9237055555555
 20
50.41078027777777
 30
0.0
 10
272.2534277777777
 20
50.40972194444443
 30
0.0
  0
POLYLINE
  5
A5
330
1F
100
AcDbEntity
  8
DEFAULT
 62
    18
100
AcDb2dPolyline
 66
     1
 10
0.0
 20
0.0
 30
0.0
  0
VERTEX
  5
A6
330
A5
100
AcDbEntity
  8
DEFAULT
 62
    18
100
AcDbVertex
100
AcDb2dVertex
 10
274.7769530555555
 20
10.97784472222222
 30
0.0
  0
VERTEX
  5
A7
330
A5
100
AcDbEntity
  8
DEFAULT
 62
    18
100
AcDbVertex
100
AcDb2dVertex
 10
274.7769530555555
 20
12.11449472222222
 30
0.0
  0
VERTEX
  5
A8
330
A5
100
AcDbEntity
  8
DEFAULT
 62
    18
100
AcDbVertex
100
AcDb2dVertex
 10
276.7980169444444
 20
12.11449472222222
 30
0.0
  0
VERTEX
  5
A9
330
A5
100
AcDbEntity
  8
DEFAULT
 62
    18
100
AcDbVertex
100
AcDb2dVertex
 10
276.7980169444444
 20
11.02300027777778
 30
0.0
  0
SEQEND
  5
AA
330
A5
100
AcDbEntity
  8
DEFAULT
 62
    18
  0
POLYLINE
  5
AB
330
1F
100
AcDbEntity
  8
DEFAULT
 62
    18
100
AcDb2dPolyline
 66
     1
 10
0.0
 20
0.0
 30
0.0
  0
VERTEX
  5
AC
330
AB
100
AcDbEntity
  8
DEFAULT
 62
    18
100
AcDbVertex
100
AcDb2dVertex
 10
275.7874144444444
 20
12.11438888888889
 30
0.0
  0
VERTEX
  5
AD
330
AB
100
AcDbEntity
  8
DEFAULT
 62
    18
100
AcDbVertex
100
AcDb2dVertex
 10
275.7874144444444
 20
11.02289444444444
 30
0.0
  0
SEQEND
  5
AE
330
AB
100
AcDbEntity
  8
DEFAULT
 62
    18
  0
SPLINE
  5
AF
330
1F
100
AcDbEntity
  8
DEFAULT
 62
     1
100
AcDbSpline
210
0.0
220
0.0
230
1.0
 70
     8
 71
     3
 72
    26
 73
    22
 74
     0
 42
0.000000001
 43
0.0000000001
 40
0.0
 40
0.0
 40
0.0
 40
0.0
 40
1.0
 40
1.0
 40
1.0
 40
2.0
 40
2.0
 40
2.0
 40
3.0
 40
3.0
 40
3.0
 40
4.0
 40
4.0
 40
4.0
 40
5.0
 40
5.0
 40
5.0
 40
6.0
 40
6.0
 40
6.0
 40
7.0
 40
7.0
 40
7.0
 40
7.0
 10
86.5457375
 20
153.5493147222222
 30
0.0
 10
85.65320972222221
 20
153.5563702777778
 30
0.0
 10
85.58970972222221
 20
154.3007313888889
 30
0.0
 10
84.96564583333333
 20
155.0486202777778
 30
0.0
 10
84.89473749999999
 20
155.0768425
 30
0.0
 10
84.46470138888888
 20
156.1810369444444
 30
0.0
 10
84.45729305555555
 20
157.5462869444444
 30
0.0
 10
84.45729305555555
 20
158.9327036111111
 30
0.0
 10
84.51020972222221
 20
159.7088147222222
 30
0.0
 10
84.50315416666666
 20
160.0510091666667
 30
0.0
 10
83.50585138888889
 20
160.0485397222222
 30
0.0
 10
82.50890138888889
 20
160.0464230555555
 30
0.0
 10
81.5115986111111
 20
160.0439536111111
 30
0.0
 10
81.50454305555556
 20
159.7049341666666
 30
0.0
 10
81.55745972222222
 20
158.9291758333333
 30
0.0
 10
81.55745972222222
 20
157.5462869444444
 30
0.0
 10
81.55745972222222
 20
156.1704536111111
 30
0.0
 10
81.10943194444444
 20
155.0450925
 30
0.0
 10
81.05651527777778
 20
155.0450925
 30
0.0
 10
80.42857083333332
 20
154.3007313888889
 30
0.0
 10
80.2733486111111
 20
153.5528425
 30
0.0
 10
79.37376527777778
 20
153.5493147222222
 30
0.0
  0
SPLINE
  5
B0
330
1F
100
AcDbEntity
  8
DEFAULT
 62
     1
100
AcDbSpline
210
0.0
220
0.0
230
1.0
 70
     8
 71
     3
 72
    44
 73
    40
 74
     0
 42
0.000000001
 43
0.0000000001
 40
0.0
 40
0.0
 40
0.0
 40
0.0
 40
1.0
 40
1.0
 40
1.0
 40
2.0
 40
2.0
 40
2.0
 40
3.0
 40
3.0
 40
3.0
 40
39.63
 40
39.63
 40
39.63
 40
43.88
 40
43.88
 40
43.88
 40
52.941
 40
52.941
 40
52.941
 40
57.191
 40
57.191
 40
57.191
 40
58.191
 40
58.191
 40
58.191
 40
59.191
 40
59.191
 40
59.191
 40
60.191
 40
60.191
 40
60.191
 40
61.191
 40
61.191
 40
61.191
 40
62.191
 40
62.191
 40
62.191
 40
63.191
 40
63.191
 40
63.191
 40
63.191
 10
60.94454833333333
 20
153.5527719444444
 30
0.0
 10
60.32718722222222
 20
153.5527719444444
 30
0.0
 10
59.854465
 20
154.1066330555555
 30
0.0
 10
59.95677055555555
 20
154.7169386111111
 30
0.0
 10
62.47913166666666
 20
169.7816080555555
 30
0.0
 10
65.00149277777777
 20
184.8466302777778
 30
0.0
 10
67.5238538888889
 20
199.9112997222222
 30
0.0
 10
67.60534555555556
 20
200.3910775
 30
0.0
 10
68.02162333333334
 20
200.7438552777778
 30
0.0
 10
68.50810388888888
 20
200.7438552777778
 30
0.0
 10
72.81552055555555
 20
200.7438552777777
 30
0.0
 10
77.12293722222222
 20
200.7438552777777
 30
0.0
 10
81.43035388888889
 20
200.7438552777778
 30
0.0
 10
81.43035388888889
 20
200.2440867592592
 30
0.0
 10
81.43035388888889
 20
199.7443182407407
 30
0.0
 10
81.43035388888889
 20
199.2445497222222
 30
0.0
 10
82.49586037037035
 20
199.2445497222222
 30
0.0
 10
83.56136685185184
 20
199.2445497222222
 30
0.0
 10
84.62687333333332
 20
199.2445497222222
 30
0.0
 10
84.62687333333332
 20
199.7443182407407
 30
0.0
 10
84.62687333333332
 20
200.2440867592592
 30
0.0
 10
84.62687333333332
 20
200.7438552777778
 30
0.0
 10
88.93428999999999
 20
200.7427969444444
 30
0.0
 10
93.24170666666667
 20
200.7413858333333
 30
0.0
 10
97.54912333333333
 20
200.7403275
 30
0.0
 10
98.03595666666666
 20
200.7403275
 30
0.0
 10
98.45188166666665
 20
200.3875497222222
 30
0.0
 10
98.53337333333333
 20
199.9077719444444
 30
0.0
 10
100.5043427777778
 20
188.1355775
 30
0.0
 10
102.4749594444444
 20
176.3633830555555
 30
0.0
 10
104.4459288888889
 20
164.5911886111111
 30
0.0
 10
103.4401594444444
 20
164.2525219444444
 30
0.0
 10
102.462965
 20
163.7903830555555
 30
0.0
 10
101.5281038888889
 20
163.1977163888889
 30
0.0
 10
98.02184555555556
 20
160.9681608333333
 30
0.0
 10
95.9051788888889
 20
157.3768830555555
 30
0.0
 10
95.42152055555555
 20
153.5527719444444
 30
0.0
 10
95.3664872222222
 20
153.5531247222222
 30
0.0
 10
95.3111011111111
 20
153.5534775
 30
0.0
 10
95.25606777777777
 20
153.5538302777778
 30
0.0
  0
SPLINE
  5
B1
330
1F
100
AcDbEntity
  8
DEFAULT
 62
    18
100
AcDbSpline
210
0.0
220
0.0
230
1.0
 70
    11
 71
     3
 72
    26
 73
    22
 74
     0
 42
0.000000001
 43
0.0000000001
 40
0.0
 40
0.0
 40
0.0
 40
0.0
 40
1.0
 40
1.0
 40
1.0
 40
2.0
 40
2.0
 40
2.0
 40
3.0
 40
3.0
 40
3.0
 40
4.0
 40
4.0
 40
4.0
 40
5.0
 40
5.0
 40
5.0
 40
6.0
 40
6.0
 40
6.0
 40
11.63499999999999
 40
11.63499999999999
 40
11.63499999999999
 40
11.63499999999999
 10
82.04125916666665
 20
162.5871991666666
 30
0.0
 10
82.01727027777777
 20
162.7463019444444
 30
0.0
 10
81.9992786111111
 20
162.9350380555555
 30
0.0
 10
81.9992786111111
 20
163.1417658333333
 30
0.0
 10
81.9992786111111
 20
163.5167686111111
 30
0.0
 10
82.08606194444444
 20
163.7838213888889
 30
0.0
 10
82.25116194444443
 20
163.9605630555555
 30
0.0
 10
82.41590916666667
 20
164.1401269444444
 30
0.0
 10
82.64980083333332
 20
164.2456075
 30
0.0
 10
82.97647305555554
 20
164.2456075
 30
0.0
 10
83.30632027777777
 20
164.2456075
 30
0.0
 10
83.57654805555555
 20
164.1436547222222
 30
0.0
 10
83.76210916666666
 20
163.9545658333333
 30
0.0
 10
83.95119805555554
 20
163.7658297222222
 30
0.0
 10
84.05279805555554
 20
163.4539741666667
 30
0.0
 10
84.05279805555554
 20
163.0613325
 30
0.0
 10
84.05279805555554
 20
162.8750658333333
 30
0.0
 10
84.0439786111111
 20
162.7194908333333
 30
0.0
 10
84.02916194444443
 20
162.5871991666666
 30
0.0
 10
83.36652768518518
 20
162.5871991666666
 30
0.0
 10
82.70389342592591
 20
162.5871991666666
 30
0.0
 10
82.04125916666665
 20
162.5871991666666
 30
0.0
  0
SPLINE
  5
B2
330
1F
100
AcDbEntity
  8
DEFAULT
 62
    18
100
AcDbSpline
210
0.0
220
0.0
230
1.0
 70
     8
 71
     3
 72
    17
 73
    13
 74
     0
 42
0.000000001
 43
0.0000000001
 40
0.0
 40
0.0
 40
0.0
 40
0.0
 40
1.0
 40
1.0
 40
1.0
 40
2.0
 40
2.0
 40
2.0
 40
3.0
 40
3.0
 40
3.0
 40
6.52800000000002
 40
6.52800000000002
 40
6.52800000000002
 40
6.52800000000002
 10
82.51980222222221
 20
164.816155
 30
0.0
 10
82.15256055555555
 20
164.816155
 30
0.0
 10
82.03508555555555
 20
165.14318
 30
0.0
 10
82.03508555555555
 20
165.3678994444444
 30
0.0
 10
82.03508555555555
 20
165.787705
 30
0.0
 10
82.240755
 20
165.9647994444444
 30
0.0
 10
82.51944944444443
 20
165.9647994444444
 30
0.0
 10
82.87963555555555
 20
165.9647994444444
 30
0.0
 10
84.01699111111111
 20
164.7681772222222
 30
0.0
 10
84.01699111111111
 20
164.7681772222222
 30
0.0
 10
84.01699111111111
 20
165.1830438888889
 30
0.0
 10
84.01699111111111
 20
165.5979105555556
 30
0.0
 10
84.01699111111111
 20
166.0127772222222
 30
0.0
  0
POLYLINE
  5
B3
330
1F
100
AcDbEntity
  8
DEFAULT
 62
    18
100
AcDb2dPolyline
 66
     1
 10
0.0
 20
0.0
 30
0.0
  0
VERTEX
  5
B4
330
B3
100
AcDbEntity
  8
DEFAULT
 62
    18
100
AcDbVertex
100
AcDb2dVertex
 10
84.79183222222221
 20
165.6953477777778
 30
0.0
  0
VERTEX
  5
B5
330
B3
100
AcDbEntity
  8
DEFAULT
 62
    18
100
AcDbVertex
100
AcDb2dVertex
 10
84.79183222222221
 20
162.2702283333333
 30
0.0
  0
SEQEND
  5
B6
330
B3
100
AcDbEntity
  8
DEFAULT
 62
    18
  0
SPLINE
  5
B7
330
1F
100
AcDbEntity
  8
DEFAULT
 62
     1
100
AcDbSpline
210
0.0
220
0.0
230
1.0
 70
     8
 71
     3
 72
    26
 73
    22
 74
     0
 42
0.000000001
 43
0.0000000001
 40
0.0
 40
0.0
 40
0.0
 40
0.0
 40
1.0
 40
1.0
 40
1.0
 40
2.0
 40
2.0
 40
2.0
 40
3.0
 40
3.0
 40
3.0
 40
4.0
 40
4.0
 40
4.0
 40
5.0
 40
5.0
 40
5.0
 40
6.0
 40
6.0
 40
6.0
 40
7.0
 40
7.0
 40
7.0
 40
7.0
 10
86.38691694444444
 20
106.36631
 30
0.0
 10
85.6429086111111
 20
106.4580322222222
 30
0.0
 10
85.5508336111111
 20
107.1565322222222
 30
0.0
 10
84.96557527777777
 20
107.855385
 30
0.0
 10
84.8950197222222
 20
107.8832544444444
 30
0.0
 10
84.46463083333332
 20
108.9874488888889
 30
0.0
 10
84.45722249999999
 20
110.3526988888889
 30
0.0
 10
84.45722249999999
 20
111.7391155555556
 30
0.0
 10
84.51049194444444
 20
112.5152266666667
 30
0.0
 10
84.5030836111111
 20
112.8574211111111
 30
0.0
 10
83.5061336111111
 20
112.8549516666667
 30
0.0
 10
82.50883083333332
 20
112.852835
 30
0.0
 10
81.51188083333332
 20
112.8503655555556
 30
0.0
 10
81.50447249999999
 20
112.5116988888889
 30
0.0
 10
81.55774194444443
 20
111.7359405555556
 30
0.0
 10
81.55774194444443
 20
110.3526988888889
 30
0.0
 10
81.55774194444443
 20
108.9768655555555
 30
0.0
 10
81.10936138888887
 20
107.8515044444444
 30
0.0
 10
81.05679749999999
 20
107.8515044444444
 30
0.0
 10
80.47436138888888
 20
107.16006
 30
0.0
 10
80.29797249999999
 20
106.4650877777778
 30
0.0
 10
79.55361138888888
 20
106.36631
 30
0.0
  0
SPLINE
  5
B8
330
1F
100
AcDbEntity
  8
DEFAULT
 62
     1
100
AcDbSpline
210
0.0
220
0.0
230
1.0
 70
     8
 71
     3
 72
    47
 73
    43
 74
     0
 42
0.000000001
 43
0.0000000001
 40
0.0
 40
0.0
 40
0.0
 40
0.0
 40
1.0
 40
1.0
 40
1.0
 40
2.0
 40
2.0
 40
2.0
 40
3.0
 40
3.0
 40
3.0
 40
4.0
 40
4.0
 40
4.0
 40
5.0
 40
5.0
 40
5.0
 40
6.0
 40
6.0
 40
6.0
 40
10.25
 40
10.25
 40
10.25
 40
19.31
 40
19.31
 40
19.31
 40
23.54900000000004
 40
23.54900000000004
 40
23.54900000000004
 40
24.54900000000004
 40
24.54900000000004
 40
24.54900000000004
 40
25.54900000000004
 40
25.54900000000004
 40
25.54900000000004
 40
26.54900000000004
 40
26.54900000000004
 40
26.54900000000004
 40
27.54900000000004
 40
27.54900000000004
 40
27.54900000000004
 40
28.54900000000004
 40
28.54900000000004
 40
28.54900000000004
 40
28.54900000000004
 10
77.04899499999999
 20
106.3456725
 30
0.0
 10
76.91740888888889
 20
106.3537863888889
 30
0.0
 10
76.78546999999999
 20
106.3615475
 30
0.0
 10
76.65388388888888
 20
106.3696613888889
 30
0.0
 10
74.29732833333333
 20
113.3479586111111
 30
0.0
 10
67.11830055555555
 20
117.7259308333333
 30
0.0
 10
59.66057833333333
 20
116.3673836111111
 30
0.0
 10
59.07143944444444
 20
116.2615502777778
 30
0.0
 10
58.49993944444444
 20
116.1207919444444
 30
0.0
 10
57.94255055555555
 20
115.9514586111111
 30
0.0
 10
58.54580055555554
 20
128.1737975
 30
0.0
 10
59.14905055555555
 20
140.3964891666666
 30
0.0
 10
59.75230055555555
 20
152.6188280555555
 30
0.0
 10
59.77699499999999
 20
153.1518752777778
 30
0.0
 10
60.21796722222221
 20
153.5678002777778
 30
0.0
 10
60.75066166666665
 20
153.5678002777778
 30
0.0
 10
67.650995
 20
153.5656836111111
 30
0.0
 10
74.55132833333332
 20
153.5632141666666
 30
0.0
 10
81.45166166666665
 20
153.5610975
 30
0.0
 10
81.45166166666665
 20
153.0613289814815
 30
0.0
 10
81.45166166666665
 20
152.5615604629629
 30
0.0
 10
81.45166166666665
 20
152.0617919444444
 30
0.0
 10
82.51705055555554
 20
152.0617919444444
 30
0.0
 10
83.58243944444443
 20
152.0617919444444
 30
0.0
 10
84.64782833333332
 20
152.0617919444444
 30
0.0
 10
84.64782833333332
 20
152.5602669444444
 30
0.0
 10
84.64782833333332
 20
153.0587419444444
 30
0.0
 10
84.64782833333332
 20
153.5572169444444
 30
0.0
 10
88.18372
 20
153.5561586111111
 30
0.0
 10
91.71996444444444
 20
153.5547475
 30
0.0
 10
95.2558561111111
 20
153.5536891666667
 30
0.0
 10
95.00538388888889
 20
152.1005975
 30
0.0
 10
94.99832833333333
 20
150.5833002777777
 30
0.0
 10
95.27702277777776
 20
149.0490697222222
 30
0.0
 10
96.34946722222222
 20
143.1502725
 30
0.0
 10
101.305995
 20
138.9349308333333
 30
0.0
 10
107.0280505555555
 20
138.5606336111111
 30
0.0
 10
107.5300533333333
 20
128.1748558333333
 30
0.0
 10
108.0324088888889
 20
117.7890780555555
 30
0.0
 10
108.5344116666667
 20
107.4033002777778
 30
0.0
 10
108.5626338888889
 20
106.8321530555556
 30
0.0
 10
108.1075505555555
 20
106.3559030555555
 30
0.0
 10
107.5360505555555
 20
106.3559030555555
 30
0.0
  0
SPLINE
  5
B9
330
1F
100
AcDbEntity
  8
DEFAULT
 62
    18
100
AcDbSpline
210
0.0
220
0.0
230
1.0
 70
     8
 71
     3
 72
    17
 73
    13
 74
     0
 42
0.000000001
 43
0.0000000001
 40
0.0
 40
0.0
 40
0.0
 40
0.0
 40
1.0
 40
1.0
 40
1.0
 40
2.0
 40
2.0
 40
2.0
 40
3.0
 40
3.0
 40
3.0
 40
4.0
 40
4.0
 40
4.0
 40
4.0
 10
83.97395222222221
 20
116.9848152777778
 30
0.0
 10
84.02192999999998
 20
116.8892125
 30
0.0
 10
84.06955499999998
 20
116.6969486111111
 30
0.0
 10
84.06955499999998
 20
116.4510625
 30
0.0
 10
84.06955499999998
 20
115.8816791666667
 30
0.0
 10
83.70936888888887
 20
115.4530541666667
 30
0.0
 10
83.0468522222222
 20
115.4530541666667
 30
0.0
 10
82.41432166666665
 20
115.4534069444444
 30
0.0
 10
81.98569666666666
 20
115.8823847222222
 30
0.0
 10
81.98569666666666
 20
116.5089180555556
 30
0.0
 10
81.98604944444443
 20
116.7608013888889
 30
0.0
 10
82.04037722222222
 20
116.9195513888889
 30
0.0
 10
82.07600777777776
 20
116.9890486111111
 30
0.0
  0
SPLINE
  5
BA
330
1F
100
AcDbEntity
  8
DEFAULT
 62
    18
100
AcDbSpline
210
0.0
220
0.0
230
1.0
 70
     8
 71
     3
 72
    17
 73
    13
 74
     0
 42
0.000000001
 43
0.0000000001
 40
0.0
 40
0.0
 40
0.0
 40
0.0
 40
1.0
 40
1.0
 40
1.0
 40
2.0
 40
2.0
 40
2.0
 40
3.0
 40
3.0
 40
3.0
 40
4.0
 40
4.0
 40
4.0
 40
4.0
 10
82.5222011111111
 20
117.6207677777778
 30
0.0
 10
82.15460666666665
 20
117.6211205555555
 30
0.0
 10
82.03748444444444
 20
117.9481455555556
 30
0.0
 10
82.03748444444444
 20
118.172865
 30
0.0
 10
82.03783722222222
 20
118.5923177777778
 30
0.0
 10
82.24350666666666
 20
118.7694122222222
 30
0.0
 10
82.5222011111111
 20
118.7694122222222
 30
0.0
 10
82.8823872222222
 20
118.7690594444444
 30
0.0
 10
84.01903722222221
 20
117.5720844444444
 30
0.0
 10
84.01903722222221
 20
117.5720844444444
 30
0.0
 10
84.01938999999999
 20
117.9869511111111
 30
0.0
 10
84.01938999999999
 20
118.4018177777778
 30
0.0
 10
84.01974277777776
 20
118.8166844444444
 30
0.0
  0
POLYLINE
  5
BB
330
1F
100
AcDbEntity
  8
DEFAULT
 62
    18
100
AcDb2dPolyline
 66
     1
 10
0.0
 20
0.0
 30
0.0
  0
VERTEX
  5
BC
330
BB
100
AcDbEntity
  8
DEFAULT
 62
    18
100
AcDbVertex
100
AcDb2dVertex
 10
84.79183222222221
 20
118.6825583333333
 30
0.0
  0
VERTEX
  5
BD
330
BB
100
AcDbEntity
  8
DEFAULT
 62
    18
100
AcDbVertex
100
AcDb2dVertex
 10
84.79183222222221
 20
115.2574388888889
 30
0.0
  0
SEQEND
  5
BE
330
BB
100
AcDbEntity
  8
DEFAULT
 62
    18
  0
SPLINE
  5
BF
330
1F
100
AcDbEntity
  8
DEFAULT
 62
     1
100
AcDbSpline
210
0.0
220
0.0
230
1.0
 70
     8
 71
     3
 72
    26
 73
    22
 74
     0
 42
0.000000001
 43
0.0000000001
 40
0.0
 40
0.0
 40
0.0
 40
0.0
 40
1.0
 40
1.0
 40
1.0
 40
2.0
 40
2.0
 40
2.0
 40
3.0
 40
3.0
 40
3.0
 40
4.0
 40
4.0
 40
4.0
 40
5.0
 40
5.0
 40
5.0
 40
6.0
 40
6.0
 40
6.0
 40
7.0
 40
7.0
 40
7.0
 40
7.0
 10
86.4892225
 20
59.1543775
 30
0.0
 10
85.64961138888889
 20
59.18965527777777
 30
0.0
 10
85.57552805555555
 20
59.91990527777777
 30
0.0
 10
84.96557527777777
 20
60.65015527777778
 30
0.0
 10
84.89466694444444
 20
60.6783775
 30
0.0
 10
84.46463083333333
 20
61.78257194444443
 30
0.0
 10
84.4572225
 20
63.14782194444444
 30
0.0
 10
84.4572225
 20
64.5342386111111
 30
0.0
 10
84.51049194444444
 20
65.31034972222221
 30
0.0
 10
84.50308361111111
 20
65.65254416666666
 30
0.0
 10
83.50613361111111
 20
65.65007472222223
 30
0.0
 10
82.50883083333333
 20
65.64795805555555
 30
0.0
 10
81.51188083333332
 20
65.6454886111111
 30
0.0
 10
81.50447249999999
 20
65.30682194444444
 30
0.0
 10
81.55774194444443
 20
64.53071083333333
 30
0.0
 10
81.55774194444443
 20
63.14782194444444
 30
0.0
 10
81.55774194444443
 20
61.77198861111111
 30
0.0
 10
81.10936138888889
 20
60.64662749999999
 30
0.0
 10
81.05679749999999
 20
60.64662749999999
 30
0.0
 10
80.45354749999998
 20
59.92696083333333
 30
0.0
 10
80.28386138888888
 20
59.20729416666666
 30
0.0
 10
79.46541694444444
 20
59.1543775
 30
0.0
  0
SPLINE
  5
C0
330
1F
100
AcDbEntity
  8
DEFAULT
 62
     1
100
AcDbSpline
210
0.0
220
0.0
230
1.0
 70
     8
 71
     3
 72
    56
 73
    52
 74
     0
 42
0.000000001
 43
0.0000000001
 40
0.0
 40
0.0
 40
0.0
 40
0.0
 40
1.0
 40
1.0
 40
1.0
 40
2.0
 40
2.0
 40
2.0
 40
3.0
 40
3.0
 40
3.0
 40
4.0
 40
4.0
 40
4.0
 40
5.0
 40
5.0
 40
5.0
 40
17.65000000000001
 40
17.65000000000001
 40
17.65000000000001
 40
21.89000000000001
 40
21.89000000000001
 40
21.89000000000001
 40
30.95000000000002
 40
30.95000000000002
 40
30.95000000000002
 40
35.19000000000003
 40
35.19000000000003
 40
35.19000000000003
 40
36.19000000000003
 40
36.19000000000003
 40
36.19000000000003
 40
37.19000000000003
 40
37.19000000000003
 40
37.19000000000003
 40
38.19000000000003
 40
38.19000000000003
 40
38.19000000000003
 40
39.19000000000003
 40
39.19000000000003
 40
39.19000000000003
 40
40.19000000000003
 40
40.19000000000003
 40
40.19000000000003
 40
41.19000000000003
 40
41.19000000000003
 40
41.19000000000003
 40
42.19000000000003
 40
42.19000000000003
 40
42.19000000000003
 40
43.19000000000003
 40
43.19000000000003
 40
43.19000000000003
 40
43.19000000000003
 10
62.68395444444444
 20
59.16471388888889
 30
0.0
 10
62.573535
 20
59.16365555555556
 30
0.0
 10
62.46276277777777
 20
59.16259722222222
 30
0.0
 10
62.35234333333333
 20
59.16153888888889
 30
0.0
 10
61.83023222222222
 20
59.16153888888889
 30
0.0
 10
61.39949055555555
 20
59.56017777777778
 30
0.0
 10
61.35362944444444
 20
60.07523333333333
 30
0.0
 10
60.65160166666666
 20
68.4657
 30
0.0
 10
59.94992666666666
 20
76.85581388888889
 30
0.0
 10
59.24789888888888
 20
85.24628055555556
 30
0.0
 10
67.03370444444444
 20
83.59845555555555
 30
0.0
 10
74.95321277777776
 20
88.09284444444444
 30
0.0
 10
77.41595444444444
 20
95.83984444444444
 30
0.0
 10
78.5515461111111
 20
99.42053888888888
 30
0.0
 10
78.33282388888888
 20
103.1070666666667
 30
0.0
 10
77.04906555555554
 20
106.3455666666667
 30
0.0
 10
78.53661185185184
 20
106.3455666666667
 30
0.0
 10
80.02415814814815
 20
106.3455666666667
 30
0.0
 10
81.51170444444445
 20
106.3455666666667
 30
0.0
 10
81.51170444444445
 20
105.8469740740741
 30
0.0
 10
81.51170444444445
 20
105.3483814814815
 30
0.0
 10
81.51170444444445
 20
104.8497888888889
 30
0.0
 10
82.57709333333332
 20
104.8497888888889
 30
0.0
 10
83.64248222222221
 20
104.8497888888889
 30
0.0
 10
84.7078711111111
 20
104.8497888888889
 30
0.0
 10
84.7078711111111
 20
105.3483814814815
 30
0.0
 10
84.7078711111111
 20
105.8469740740741
 30
0.0
 10
84.7078711111111
 20
106.3455666666667
 30
0.0
 10
92.35609333333333
 20
106.3441555555555
 30
0.0
 10
100.0043155555556
 20
106.3430972222222
 30
0.0
 10
107.6525377777778
 20
106.3416861111111
 30
0.0
 10
108.2381488888889
 20
106.3416861111111
 30
0.0
 10
108.69676
 20
105.8410944444445
 30
0.0
 10
108.6473711111111
 20
105.2590111111111
 30
0.0
 10
108.1464266666667
 20
99.30518055555555
 30
0.0
 10
107.6451294444444
 20
93.35170277777777
 30
0.0
 10
107.144185
 20
87.39787222222222
 30
0.0
 10
104.8126766666667
 20
85.94795555555555
 30
0.0
 10
102.9711766666667
 20
83.69370555555555
 30
0.0
 10
102.0751211111111
 20
80.87148333333333
 30
0.0
 10
100.60051
 20
76.2254
 30
0.0
 10
102.1103988888889
 20
71.34295555555556
 30
0.0
 10
105.5358711111111
 20
68.30165833333334
 30
0.0
 10
105.3040961111111
 20
65.55704722222222
 30
0.0
 10
105.0726738888889
 20
62.81278888888889
 30
0.0
 10
104.8408988888889
 20
60.06817777777778
 30
0.0
 10
104.7985655555555
 20
59.54959444444444
 30
0.0
 10
104.3642961111111
 20
59.15095555555556
 30
0.0
 10
103.8460655555556
 20
59.15095555555556
 30
0.0
 10
103.6883738888889
 20
59.15095555555556
 30
0.0
 10
103.531035
 20
59.15060277777778
 30
0.0
 10
103.3733433333333
 20
59.15060277777778
 30
0.0
  0
SPLINE
  5
C1
330
1F
100
AcDbEntity
  8
DEFAULT
 62
    18
100
AcDbSpline
210
0.0
220
0.0
230
1.0
 70
    11
 71
     3
 72
    32
 73
    28
 74
     0
 42
0.000000001
 43
0.0000000001
 40
1.0
 40
1.0
 40
1.0
 40
1.0
 40
2.0
 40
2.0
 40
2.0
 40
3.0
 40
3.0
 40
3.0
 40
4.0
 40
4.0
 40
4.0
 40
5.0
 40
5.0
 40
5.0
 40
6.0
 40
6.0
 40
6.0
 40
7.0
 40
7.0
 40
7.0
 40
8.0
 40
8.0
 40
8.0
 40
9.0
 40
9.0
 40
9.0
 40
10.0
 40
10.0
 40
10.0
 40
10.0
 10
82.11259083333333
 20
68.36004305555555
 30
0.0
 10
82.08895472222221
 20
68.47399027777777
 30
0.0
 10
82.07061027777777
 20
68.65390694444444
 30
0.0
 10
82.07061027777777
 20
68.83664583333332
 30
0.0
 10
82.07061027777777
 20
69.09770138888888
 30
0.0
 10
82.11576583333331
 20
69.26562361111111
 30
0.0
 10
82.2177186111111
 20
69.39156527777777
 30
0.0
 10
82.29603527777778
 20
69.49669305555555
 30
0.0
 10
82.41562694444444
 20
69.55913472222221
 30
0.0
 10
82.57472972222222
 20
69.55913472222221
 30
0.0
 10
82.76946305555555
 20
69.55913472222221
 30
0.0
 10
82.94056027777778
 20
69.30231249999999
 30
0.0
 10
83.01817138888889
 20
69.08923472222222
 30
0.0
 10
83.01817138888889
 20
69.08923472222222
 30
0.0
 10
83.23124916666666
 20
69.63427638888888
 30
0.0
 10
83.53111027777776
 20
69.6339236111111
 30
0.0
 10
83.70502972222222
 20
69.6339236111111
 30
0.0
 10
83.8369686111111
 20
69.56477916666665
 30
0.0
 10
83.93574638888889
 20
69.46282638888889
 30
0.0
 10
84.06451027777776
 20
69.32242083333333
 30
0.0
 10
84.12448249999998
 20
69.0941736111111
 30
0.0
 10
84.12448249999998
 20
68.76432638888888
 30
0.0
 10
84.12448249999998
 20
68.58440972222222
 30
0.0
 10
84.11248805555554
 20
68.4464736111111
 30
0.0
 10
84.1004936111111
 20
68.35969027777777
 30
0.0
 10
83.43797694444444
 20
68.35969027777777
 30
0.0
 10
82.77510749999999
 20
68.36004305555555
 30
0.0
 10
82.11259083333333
 20
68.36004305555555
 30
0.0
  0
SPLINE
  5
C2
330
1F
100
AcDbEntity
  8
DEFAULT
 62
    18
100
AcDbSpline
210
0.0
220
0.0
230
1.0
 70
     8
 71
     3
 72
    17
 73
    13
 74
     0
 42
0.000000001
 43
0.0000000001
 40
0.0
 40
0.0
 40
0.0
 40
0.0
 40
1.0
 40
1.0
 40
1.0
 40
2.0
 40
2.0
 40
2.0
 40
3.0
 40
3.0
 40
3.0
 40
4.0
 40
4.0
 40
4.0
 40
4.0
 10
82.59180416666666
 20
70.39712305555555
 30
0.0
 10
82.22420972222221
 20
70.39712305555555
 30
0.0
 10
82.10708749999999
 20
70.72414805555555
 30
0.0
 10
82.10708749999999
 20
70.94886749999999
 30
0.0
 10
82.10708749999999
 20
71.36867305555555
 30
0.0
 10
82.31275694444444
 20
71.54541472222222
 30
0.0
 10
82.59145138888888
 20
71.54541472222222
 30
0.0
 10
82.9516375
 20
71.54541472222222
 30
0.0
 10
84.08864027777777
 20
70.3487925
 30
0.0
 10
84.08864027777777
 20
70.3487925
 30
0.0
 10
84.08899305555555
 20
70.76365916666666
 30
0.0
 10
84.08899305555555
 20
71.17852583333334
 30
0.0
 10
84.08934583333333
 20
71.5933925
 30
0.0
  0
POLYLINE
  5
C3
330
1F
100
AcDbEntity
  8
DEFAULT
 62
    18
100
AcDb2dPolyline
 66
     1
 10
0.0
 20
0.0
 30
0.0
  0
VERTEX
  5
C4
330
C3
100
AcDbEntity
  8
DEFAULT
 62
    18
100
AcDbVertex
100
AcDb2dVertex
 10
84.79183222222221
 20
71.6697336111111
 30
0.0
  0
VERTEX
  5
C5
330
C3
100
AcDbEntity
  8
DEFAULT
 62
    18
100
AcDbVertex
100
AcDb2dVertex
 10
84.79183222222221
 20
68.24461416666666
 30
0.0
  0
SEQEND
  5
C6
330
C3
100
AcDbEntity
  8
DEFAULT
 62
    18
  0
SPLINE
  5
C7
330
1F
100
AcDbEntity
  8
DEFAULT
 62
     1
100
AcDbSpline
210
0.0
220
0.0
230
1.0
 70
    11
 71
     3
 72
    77
 73
    73
 74
     0
 42
0.000000001
 43
0.0000000001
 40
4.25
 40
4.25
 40
4.25
 40
4.25
 40
13.31100000000001
 40
13.31100000000001
 40
13.31100000000001
 40
17.55100000000002
 40
17.55100000000002
 40
17.55100000000002
 40
18.55100000000002
 40
18.55100000000002
 40
18.55100000000002
 40
19.55100000000002
 40
19.55100000000002
 40
19.55100000000002
 40
20.55100000000002
 40
20.55100000000002
 40
20.55100000000002
 40
21.55100000000002
 40
21.55100000000002
 40
21.55100000000002
 40
22.55100000000002
 40
22.55100000000002
 40
22.55100000000002
 40
23.55100000000002
 40
23.55100000000002
 40
23.55100000000002
 40
24.55100000000002
 40
24.55100000000002
 40
24.55100000000002
 40
25.55100000000002
 40
25.55100000000002
 40
25.55100000000002
 40
26.55100000000002
 40
26.55100000000002
 40
26.55100000000002
 40
27.55100000000002
 40
27.55100000000002
 40
27.55100000000002
 40
28.55100000000002
 40
28.55100000000002
 40
28.55100000000002
 40
29.55100000000002
 40
29.55100000000002
 40
29.55100000000002
 40
30.55100000000002
 40
30.55100000000002
 40
30.55100000000002
 40
31.55100000000002
 40
31.55100000000002
 40
31.55100000000002
 40
32.55100000000002
 40
32.55100000000002
 40
32.55100000000002
 40
33.55100000000002
 40
33.55100000000002
 40
33.55100000000002
 40
34.55100000000002
 40
34.55100000000002
 40
34.55100000000002
 40
35.55100000000002
 40
35.55100000000002
 40
35.55100000000002
 40
36.55100000000002
 40
36.55100000000002
 40
36.55100000000002
 40
37.55100000000002
 40
37.55100000000002
 40
37.55100000000002
 40
38.55100000000002
 40
38.55100000000002
 40
38.55100000000002
 40
42.80100000000002
 40
42.80100000000002
 40
42.80100000000002
 40
42.80100000000002
 10
81.43045972222222
 20
57.66198638888888
 30
0.0
 10
82.4959662037037
 20
57.66198638888888
 30
0.0
 10
83.5614726851852
 20
57.66198638888888
 30
0.0
 10
84.62697916666667
 20
57.66198638888888
 30
0.0
 10
84.62697916666667
 20
58.16057898148148
 30
0.0
 10
84.62697916666667
 20
58.65917157407407
 30
0.0
 10
84.62697916666667
 20
59.15776416666667
 30
0.0
 10
90.87573194444444
 20
59.15529472222222
 30
0.0
 10
97.12448472222222
 20
59.15317805555555
 30
0.0
 10
103.3732375
 20
59.15070861111111
 30
0.0
 10
104.0011819444444
 20
59.15070861111111
 30
0.0
 10
104.4739041666667
 20
58.57920861111111
 30
0.0
 10
104.3539597222222
 20
57.96184749999999
 30
0.0
 10
101.4199069444444
 20
42.8901225
 30
0.0
 10
98.48620694444443
 20
27.81804472222222
 30
0.0
 10
95.55215416666665
 20
12.74631972222222
 30
0.0
 10
95.46078472222223
 20
12.27712527777778
 30
0.0
 10
95.04803472222221
 20
11.93845861111111
 30
0.0
 10
94.57143194444444
 20
11.93845861111111
 30
0.0
 10
91.87973749999999
 20
11.93951694444445
 30
0.0
 10
89.18804305555555
 20
11.94092805555555
 30
0.0
 10
86.49634861111112
 20
11.94198638888889
 30
0.0
 10
85.64968194444444
 20
11.97373638888889
 30
0.0
 10
85.57912638888888
 20
12.70398638888889
 30
0.0
 10
84.96564583333334
 20
13.43776416666667
 30
0.0
 10
84.89473749999999
 20
13.46598638888889
 30
0.0
 10
84.46470138888888
 20
14.57018083333333
 30
0.0
 10
84.45729305555555
 20
15.93543083333333
 30
0.0
 10
84.45729305555555
 20
17.3218475
 30
0.0
 10
84.51020972222221
 20
18.09795861111111
 30
0.0
 10
84.50315416666666
 20
18.44015305555555
 30
0.0
 10
83.50585138888889
 20
18.43768361111111
 30
0.0
 10
82.50890138888889
 20
18.43556694444445
 30
0.0
 10
81.5115986111111
 20
18.4330975
 30
0.0
 10
81.50454305555556
 20
18.09443083333333
 30
0.0
 10
81.55745972222222
 20
17.31831972222222
 30
0.0
 10
81.55745972222222
 20
15.93543083333333
 30
0.0
 10
81.55745972222222
 20
14.5595975
 30
0.0
 10
81.10943194444444
 20
13.43423638888889
 30
0.0
 10
81.05651527777778
 20
13.43423638888889
 30
0.0
 10
80.45326527777777
 20
12.71456972222222
 30
0.0
 10
80.28393194444445
 20
11.99490305555556
 30
0.0
 10
79.4654875
 20
11.94198638888889
 30
0.0
 10
76.79495972222222
 20
11.94304472222222
 30
0.0
 10
74.12443194444444
 20
11.94445583333334
 30
0.0
 10
71.45390416666666
 20
11.94551416666667
 30
0.0
 10
70.97765416666667
 20
11.94551416666667
 30
0.0
 10
70.56490416666666
 20
12.28418083333334
 30
0.0
 10
70.47318194444443
 20
12.75690305555555
 30
0.0
 10
69.63815694444445
 20
17.06079194444444
 30
0.0
 10
68.80348472222222
 20
21.36468083333333
 30
0.0
 10
67.96845972222222
 20
25.66856972222222
 30
0.0
 10
69.67943194444445
 20
26.3070975
 30
0.0
 10
71.22812638888888
 20
27.43598638888889
 30
0.0
 10
72.39582083333333
 20
29.01290305555556
 30
0.0
 10
75.60609861111111
 20
33.36970861111111
 30
0.0
 10
74.68182083333333
 20
39.50098638888889
 30
0.0
 10
70.32854305555556
 20
42.71126416666667
 30
0.0
 10
68.51526527777777
 20
44.04829194444444
 30
0.0
 10
66.39154305555556
 20
44.66565305555555
 30
0.0
 10
64.29251527777778
 20
44.61979194444444
 30
0.0
 10
63.42820972222222
 20
49.07078916666666
 30
0.0
 10
62.56390416666667
 20
53.52143361111111
 30
0.0
 10
61.69959861111111
 20
57.97243083333333
 30
0.0
 10
61.57965416666666
 20
58.58979194444444
 30
0.0
 10
62.05590416666666
 20
59.16481972222221
 30
0.0
 10
62.68384861111112
 20
59.16481972222221
 30
0.0
 10
68.93260138888888
 20
59.16376138888889
 30
0.0
 10
75.18170694444444
 20
59.16235027777777
 30
0.0
 10
81.43045972222222
 20
59.16129194444444
 30
0.0
 10
81.43045972222222
 20
58.66152342592593
 30
0.0
 10
81.43045972222222
 20
58.16175490740741
 30
0.0
 10
81.43045972222222
 20
57.66198638888888
 30
0.0
  0
POLYLINE
  5
C8
330
1F
100
AcDbEntity
  8
DEFAULT
 62
    18
100
AcDb2dPolyline
 66
     1
 10
0.0
 20
0.0
 30
0.0
  0
VERTEX
  5
C9
330
C8
100
AcDbEntity
  8
DEFAULT
 62
    18
100
AcDbVertex
100
AcDb2dVertex
 10
83.3889761111111
 20
22.36180722222222
 30
0.0
  0
VERTEX
  5
CA
330
C8
100
AcDbEntity
  8
DEFAULT
 62
    18
100
AcDbVertex
100
AcDb2dVertex
 10
83.38862333333333
 20
21.20116833333333
 30
0.0
  0
SEQEND
  5
CB
330
C8
100
AcDbEntity
  8
DEFAULT
 62
    18
  0
POLYLINE
  5
CC
330
1F
100
AcDbEntity
  8
DEFAULT
 62
    18
100
AcDb2dPolyline
 66
     1
 10
0.0
 20
0.0
 30
0.0
  0
VERTEX
  5
CD
330
CC
100
AcDbEntity
  8
DEFAULT
 62
    18
100
AcDbVertex
100
AcDb2dVertex
 10
84.02323527777777
 20
20.93725527777777
 30
0.0
  0
VERTEX
  5
CE
330
CC
100
AcDbEntity
  8
DEFAULT
 62
    18
100
AcDbVertex
100
AcDb2dVertex
 10
82.00287694444444
 20
21.77580805555555
 30
0.0
  0
VERTEX
  5
CF
330
CC
100
AcDbEntity
  8
DEFAULT
 62
    18
100
AcDbVertex
100
AcDb2dVertex
 10
84.02394083333333
 20
22.62811916666667
 30
0.0
  0
SEQEND
  5
D0
330
CC
100
AcDbEntity
  8
DEFAULT
 62
    18
  0
SPLINE
  5
D1
330
1F
100
AcDbEntity
  8
DEFAULT
 62
    18
100
AcDbSpline
210
0.0
220
0.0
230
1.0
 70
     8
 71
     3
 72
    17
 73
    13
 74
     0
 42
0.000000001
 43
0.0000000001
 40
0.0
 40
0.0
 40
0.0
 40
0.0
 40
1.0
 40
1.0
 40
1.0
 40
2.0
 40
2.0
 40
2.0
 40
3.0
 40
3.0
 40
3.0
 40
4.0
 40
4.0
 40
4.0
 40
4.0
 10
82.50738444444444
 20
23.184485
 30
0.0
 10
82.14014277777777
 20
23.184485
 30
0.0
 10
82.02266777777777
 20
23.51151
 30
0.0
 10
82.02302055555555
 20
23.73622944444445
 30
0.0
 10
82.02302055555555
 20
24.156035
 30
0.0
 10
82.22869
 20
24.33277666666666
 30
0.0
 10
82.50738444444444
 20
24.33277666666666
 30
0.0
 10
82.86757055555555
 20
24.33277666666666
 30
0.0
 10
84.00457333333333
 20
23.13580166666667
 30
0.0
 10
84.00457333333333
 20
23.13580166666667
 30
0.0
 10
84.00457333333333
 20
23.55066833333333
 30
0.0
 10
84.0049261111111
 20
23.965535
 30
0.0
 10
84.0049261111111
 20
24.38040166666667
 30
0.0
  0
POLYLINE
  5
D2
330
1F
100
AcDbEntity
  8
DEFAULT
 62
    18
100
AcDb2dPolyline
 66
     1
 10
0.0
 20
0.0
 30
0.0
  0
VERTEX
  5
D3
330
D2
100
AcDbEntity
  8
DEFAULT
 62
    18
100
AcDbVertex
100
AcDb2dVertex
 10
84.79183222222221
 20
24.35687138888888
 30
0.0
  0
VERTEX
  5
D4
330
D2
100
AcDbEntity
  8
DEFAULT
 62
    18
100
AcDbVertex
100
AcDb2dVertex
 10
84.79183222222221
 20
20.93175194444444
 30
0.0
  0
SEQEND
  5
D5
330
D2
100
AcDbEntity
  8
DEFAULT
 62
    18
  0
SPLINE
  5
D6
330
1F
100
AcDbEntity
  8
DEFAULT
 62
     1
100
AcDbSpline
210
0.0
220
0.0
230
1.0
 70
     8
 71
     3
 72
    29
 73
    25
 74
     0
 42
0.000000001
 43
0.0000000001
 40
0.0
 40
0.0
 40
0.0
 40
0.0
 40
1.0
 40
1.0
 40
1.0
 40
2.0
 40
2.0
 40
2.0
 40
3.0
 40
3.0
 40
3.0
 40
4.0
 40
4.0
 40
4.0
 40
5.0
 40
5.0
 40
5.0
 40
6.0
 40
6.0
 40
6.0
 40
7.0
 40
7.0
 40
7.0
 40
8.0
 40
8.0
 40
8.0
 40
8.0
 10
140.6769827777778
 20
153.5493147222222
 30
0.0
 10
139.8408994444444
 20
153.5877675
 30
0.0
 10
139.7668161111111
 20
154.3148425
 30
0.0
 10
139.1561577777778
 20
155.0450925
 30
0.0
 10
139.1247605555556
 20
155.0450925
 30
0.0
 10
139.0012883333333
 20
155.3237869444444
 30
0.0
 10
138.8813438888889
 20
155.7756952777778
 30
0.0
 10
138.7610466666667
 20
156.2268980555555
 30
0.0
 10
138.6520383333333
 20
156.8509619444444
 30
0.0
 10
138.6485105555556
 20
157.5427591666667
 30
0.0
 10
138.6485105555556
 20
158.9291758333333
 30
0.0
 10
138.6978994444444
 20
159.7052869444444
 30
0.0
 10
138.6943716666667
 20
160.0474813888889
 30
0.0
 10
137.6960105555555
 20
160.0450119444444
 30
0.0
 10
136.6976494444444
 20
160.0428952777777
 30
0.0
 10
135.6992883333333
 20
160.0404258333333
 30
0.0
 10
135.6957605555556
 20
159.7014063888889
 30
0.0
 10
135.7483244444444
 20
158.9256480555555
 30
0.0
 10
135.7483244444444
 20
157.5427591666667
 30
0.0
 10
135.7483244444444
 20
156.1669258333333
 30
0.0
 10
135.3006494444444
 20
155.0415647222222
 30
0.0
 10
135.24738
 20
155.0415647222222
 30
0.0
 10
134.640955
 20
154.3183702777778
 30
0.0
 10
134.4751494444444
 20
153.5916480555555
 30
0.0
 10
133.6390661111111
 20
153.5493147222222
 30
0.0
  0
SPLINE
  5
D7
330
1F
100
AcDbEntity
  8
DEFAULT
 62
     1
100
AcDbSpline
210
0.0
220
0.0
230
1.0
 70
     8
 71
     3
 72
    44
 73
    40
 74
     0
 42
0.000000001
 43
0.0000000001
 40
0.0
 40
0.0
 40
0.0
 40
0.0
 40
1.0
 40
1.0
 40
1.0
 40
2.0
 40
2.0
 40
2.0
 40
3.0
 40
3.0
 40
3.0
 40
4.0
 40
4.0
 40
4.0
 40
5.0
 40
5.0
 40
5.0
 40
41.62
 40
41.62
 40
41.62
 40
45.85900000000004
 40
45.85900000000004
 40
45.85900000000004
 40
54.90800000000007
 40
54.90800000000007
 40
54.90800000000007
 40
55.90800000000007
 40
55.90800000000007
 40
55.90800000000007
 40
56.90800000000007
 40
56.90800000000007
 40
56.90800000000007
 40
57.90800000000007
 40
57.90800000000007
 40
57.90800000000007
 40
58.90800000000007
 40
58.90800000000007
 40
58.90800000000007
 40
59.90800000000007
 40
59.90800000000007
 40
59.90800000000007
 40
59.90800000000007
 10
129.0211697222222
 20
153.5606741666666
 30
0.0
 10
128.9153363888889
 20
153.5567936111111
 30
0.0
 10
128.8095030555556
 20
153.5532658333333
 30
0.0
 10
128.7036697222222
 20
153.5493852777778
 30
0.0
 10
128.6966141666666
 20
153.6234686111111
 30
0.0
 10
128.6825030555556
 20
153.6940241666667
 30
0.0
 10
128.6719197222222
 20
153.7681075
 30
0.0
 10
127.5783086111111
 20
160.1921908333333
 30
0.0
 10
122.0181780555556
 20
164.7359686111111
 30
0.0
 10
115.7143919444445
 20
164.7641908333333
 30
0.0
 10
117.6768947222222
 20
176.4788825
 30
0.0
 10
119.6397502777778
 20
188.1932213888889
 30
0.0
 10
121.6022530555555
 20
199.9079130555555
 30
0.0
 10
121.6833919444444
 20
200.3873380555555
 30
0.0
 10
122.0996697222222
 20
200.7401158333333
 30
0.0
 10
122.5900308333333
 20
200.7401158333333
 30
0.0
 10
126.8962715740741
 20
200.7401158333333
 30
0.0
 10
131.2025123148148
 20
200.7401158333333
 30
0.0
 10
135.5087530555556
 20
200.7401158333333
 30
0.0
 10
135.5087530555556
 20
200.2416408333333
 30
0.0
 10
135.5087530555556
 20
199.7431658333333
 30
0.0
 10
135.5087530555556
 20
199.2446908333333
 30
0.0
 10
136.5728484259259
 20
199.2446908333333
 30
0.0
 10
137.6369437962963
 20
199.2446908333333
 30
0.0
 10
138.7010391666667
 20
199.2446908333333
 30
0.0
 10
138.7024502777778
 20
199.7431658333333
 30
0.0
 10
138.7035086111111
 20
200.2416408333333
 30
0.0
 10
138.7049197222222
 20
200.7401158333333
 30
0.0
 10
143.0123363888889
 20
200.7390575
 30
0.0
 10
147.3197530555556
 20
200.7379991666666
 30
0.0
 10
151.6271697222222
 20
200.7369408333333
 30
0.0
 10
152.1140030555555
 20
200.7369408333333
 30
0.0
 10
152.5302808333333
 20
200.3841630555555
 30
0.0
 10
152.6114197222222
 20
199.9008575
 30
0.0
 10
155.1313113888889
 20
184.8372463888888
 30
0.0
 10
157.6515558333333
 20
169.7736352777778
 30
0.0
 10
160.1714475
 20
154.7100241666666
 30
0.0
 10
160.2737530555555
 20
154.0997186111111
 30
0.0
 10
159.8010308333333
 20
153.5458575
 30
0.0
 10
159.1836697222222
 20
153.5458575
 30
0.0
  0
SPLINE
  5
D8
330
1F
100
AcDbEntity
  8
DEFAULT
 62
    18
100
AcDbSpline
210
0.0
220
0.0
230
1.0
 70
    11
 71
     3
 72
    26
 73
    22
 74
     0
 42
0.000000001
 43
0.0000000001
 40
0.0
 40
0.0
 40
0.0
 40
0.0
 40
1.0
 40
1.0
 40
1.0
 40
2.0
 40
2.0
 40
2.0
 40
3.0
 40
3.0
 40
3.0
 40
4.0
 40
4.0
 40
4.0
 40
5.0
 40
5.0
 40
5.0
 40
6.0
 40
6.0
 40
6.0
 40
11.63499999999999
 40
11.63499999999999
 40
11.63499999999999
 40
11.63499999999999
 10
136.1180708333333
 20
162.5844122222222
 30
0.0
 10
136.0944347222222
 20
162.7431622222222
 30
0.0
 10
136.0760902777778
 20
162.9322511111111
 30
0.0
 10
136.0760902777778
 20
163.1389788888889
 30
0.0
 10
136.0760902777778
 20
163.5139816666666
 30
0.0
 10
136.1632263888889
 20
163.7806816666667
 30
0.0
 10
136.3283263888889
 20
163.9577761111111
 30
0.0
 10
136.4927208333333
 20
164.13734
 30
0.0
 10
136.7269652777778
 20
164.2424677777778
 30
0.0
 10
137.0536375
 20
164.242115
 30
0.0
 10
137.3834847222222
 20
164.242115
 30
0.0
 10
137.6533597222222
 20
164.1401622222222
 30
0.0
 10
137.8392736111111
 20
163.9514261111111
 30
0.0
 10
138.0280097222222
 20
163.76269
 30
0.0
 10
138.1299625
 20
163.4504816666666
 30
0.0
 10
138.1299625
 20
163.05784
 30
0.0
 10
138.1299625
 20
162.8719261111111
 30
0.0
 10
138.1211430555555
 20
162.7159983333333
 30
0.0
 10
138.1059736111111
 20
162.5844122222222
 30
0.0
 10
137.4433393518518
 20
162.5844122222222
 30
0.0
 10
136.7807050925926
 20
162.5844122222222
 30
0.0
 10
136.1180708333333
 20
162.5844122222222
 30
0.0
  0
POLYLINE
  5
D9
330
1F
100
AcDbEntity
  8
DEFAULT
 62
    18
100
AcDb2dPolyline
 66
     1
 10
0.0
 20
0.0
 30
0.0
  0
VERTEX
  5
DA
330
D9
100
AcDbEntity
  8
DEFAULT
 62
    18
100
AcDbVertex
100
AcDb2dVertex
 10
136.6569036111111
 20
165.3591152777778
 30
0.0
  0
VERTEX
  5
DB
330
D9
100
AcDbEntity
  8
DEFAULT
 62
    18
100
AcDbVertex
100
AcDb2dVertex
 10
136.1291480555556
 20
166.0096375
 30
0.0
  0
VERTEX
  5
DC
330
D9
100
AcDbEntity
  8
DEFAULT
 62
    18
100
AcDbVertex
100
AcDb2dVertex
 10
138.0775397222222
 20
166.0096375
 30
0.0
  0
SEQEND
  5
DD
330
D9
100
AcDbEntity
  8
DEFAULT
 62
    18
  0
POLYLINE
  5
DE
330
1F
100
AcDbEntity
  8
DEFAULT
 62
    18
100
AcDb2dPolyline
 66
     1
 10
0.0
 20
0.0
 30
0.0
  0
VERTEX
  5
DF
330
DE
100
AcDbEntity
  8
DEFAULT
 62
    18
100
AcDbVertex
100
AcDb2dVertex
 10
138.9732072222222
 20
165.6953477777778
 30
0.0
  0
VERTEX
  5
E0
330
DE
100
AcDbEntity
  8
DEFAULT
 62
    18
100
AcDbVertex
100
AcDb2dVertex
 10
138.9732072222222
 20
162.2702283333333
 30
0.0
  0
SEQEND
  5
E1
330
DE
100
AcDbEntity
  8
DEFAULT
 62
    18
  0
SPLINE
  5
E2
330
1F
100
AcDbEntity
  8
DEFAULT
 62
     1
100
AcDbSpline
210
0.0
220
0.0
230
1.0
 70
     8
 71
     3
 72
    44
 73
    40
 74
     0
 42
0.000000001
 43
0.0000000001
 40
0.0
 40
0.0
 40
0.0
 40
0.0
 40
1.0
 40
1.0
 40
1.0
 40
2.0
 40
2.0
 40
2.0
 40
3.0
 40
3.0
 40
3.0
 40
4.0
 40
4.0
 40
4.0
 40
5.0
 40
5.0
 40
5.0
 40
23.41000000000003
 40
23.41000000000003
 40
23.41000000000003
 40
24.41000000000003
 40
24.41000000000003
 40
24.41000000000003
 40
33.47100000000006
 40
33.47100000000006
 40
33.47100000000006
 40
34.47100000000006
 40
34.47100000000006
 40
34.47100000000006
 40
35.47100000000006
 40
35.47100000000006
 40
35.47100000000006
 40
36.47100000000006
 40
36.47100000000006
 40
36.47100000000006
 40
37.47100000000006
 40
37.47100000000006
 40
37.47100000000006
 40
38.47100000000006
 40
38.47100000000006
 40
38.47100000000006
 40
38.47100000000006
 10
112.5887455555555
 20
106.3732244444444
 30
0.0
 10
112.0172455555555
 20
106.3732244444444
 30
0.0
 10
111.5621622222222
 20
106.8530022222222
 30
0.0
 10
111.5903844444444
 20
107.4213272222222
 30
0.0
 10
112.0994427777778
 20
117.7668883333333
 30
0.0
 10
112.6088538888889
 20
128.1128022222222
 30
0.0
 10
113.1179122222222
 20
138.4583633333333
 30
0.0
 10
114.5678288888889
 20
138.2078911111111
 30
0.0
 10
116.0847733333333
 20
138.1867244444444
 30
0.0
 10
117.6440511111111
 20
138.4407244444444
 30
0.0
 10
124.7948566666667
 20
139.59078
 30
0.0
 10
129.82194
 20
146.2723911111111
 30
0.0
 10
129.0317177777778
 20
153.4725855555555
 30
0.0
 10
129.02819
 20
153.5008077777778
 30
0.0
 10
129.0246622222222
 20
153.5325577777778
 30
0.0
 10
129.0211344444444
 20
153.56078
 30
0.0
 10
131.1860140740741
 20
153.56078
 30
0.0
 10
133.3508937037037
 20
153.56078
 30
0.0
 10
135.5157733333333
 20
153.56078
 30
0.0
 10
135.5143622222222
 20
153.0608938888889
 30
0.0
 10
135.5133038888889
 20
152.5613605555556
 30
0.0
 10
135.5118927777778
 20
152.0614744444444
 30
0.0
 10
136.5773992592592
 20
152.0614744444444
 30
0.0
 10
137.6429057407407
 20
152.0614744444444
 30
0.0
 10
138.7084122222222
 20
152.0614744444444
 30
0.0
 10
138.7094705555556
 20
152.5613605555556
 30
0.0
 10
138.7108816666666
 20
153.0608938888889
 30
0.0
 10
138.71194
 20
153.56078
 30
0.0
 10
145.611215
 20
153.5583105555555
 30
0.0
 10
152.5101372222222
 20
153.5561938888889
 30
0.0
 10
159.4094122222222
 20
153.5537244444444
 30
0.0
 10
159.9417538888889
 20
153.5537244444444
 30
0.0
 10
160.3827261111111
 20
153.1342716666666
 30
0.0
 10
160.4077733333333
 20
152.6012244444444
 30
0.0
 10
161.1426094444444
 20
137.5376133333333
 30
0.0
 10
161.8777983333333
 20
122.4740022222222
 30
0.0
 10
162.6126344444444
 20
107.4103911111111
 30
0.0
 10
162.6373288888889
 20
106.8388911111111
 30
0.0
 10
162.1822455555555
 20
106.3594661111111
 30
0.0
 10
161.6107455555555
 20
106.3594661111111
 30
0.0
  0
SPLINE
  5
E3
330
1F
100
AcDbEntity
  8
DEFAULT
 62
     1
100
AcDbSpline
210
0.0
220
0.0
230
1.0
 70
     8
 71
     3
 72
    29
 73
    25
 74
     0
 42
0.000000001
 43
0.0000000001
 40
0.0
 40
0.0
 40
0.0
 40
0.0
 40
1.0
 40
1.0
 40
1.0
 40
2.0
 40
2.0
 40
2.0
 40
3.0
 40
3.0
 40
3.0
 40
4.0
 40
4.0
 40
4.0
 40
5.0
 40
5.0
 40
5.0
 40
6.0
 40
6.0
 40
6.0
 40
7.0
 40
7.0
 40
7.0
 40
8.0
 40
8.0
 40
8.0
 40
8.0
 10
140.6028994444444
 20
106.36631
 30
0.0
 10
139.8476022222222
 20
106.4545044444444
 30
0.0
 10
139.7452966666667
 20
107.1530044444444
 30
0.0
 10
139.1561577777778
 20
107.85856
 30
0.0
 10
139.1247605555555
 20
107.85856
 30
0.0
 10
139.0012883333333
 20
108.1372544444444
 30
0.0
 10
138.8813438888889
 20
108.58881
 30
0.0
 10
138.7610466666667
 20
109.0403655555556
 30
0.0
 10
138.6520383333333
 20
109.6647822222222
 30
0.0
 10
138.6485105555555
 20
110.3562266666667
 30
0.0
 10
138.6485105555555
 20
111.7426433333333
 30
0.0
 10
138.6978994444444
 20
112.5184016666667
 30
0.0
 10
138.6943716666666
 20
112.8609488888889
 30
0.0
 10
137.6960105555555
 20
112.8584794444444
 30
0.0
 10
136.6976494444444
 20
112.8563627777778
 30
0.0
 10
135.6992883333333
 20
112.8538933333333
 30
0.0
 10
135.6957605555555
 20
112.5152266666667
 30
0.0
 10
135.7483244444444
 20
111.7391155555556
 30
0.0
 10
135.7483244444444
 20
110.3562266666667
 30
0.0
 10
135.7483244444444
 20
108.9803933333333
 30
0.0
 10
135.3006494444444
 20
107.8550322222222
 30
0.0
 10
135.24738
 20
107.8550322222222
 30
0.0
 10
134.6582411111111
 20
107.1565322222222
 30
0.0
 10
134.4818522222222
 20
106.4545044444444
 30
0.0
 10
133.7198522222222
 20
106.36631
 30
0.0
  0
SPLINE
  5
E4
330
1F
100
AcDbEntity
  8
DEFAULT
 62
    18
100
AcDbSpline
210
0.0
220
0.0
230
1.0
 70
     8
 71
     3
 72
    17
 73
    13
 74
     0
 42
0.000000001
 43
0.0000000001
 40
0.0
 40
0.0
 40
0.0
 40
0.0
 40
1.0
 40
1.0
 40
1.0
 40
2.0
 40
2.0
 40
2.0
 40
3.0
 40
3.0
 40
3.0
 40
4.0
 40
4.0
 40
4.0
 40
4.0
 10
138.0449077777778
 20
116.9854855555555
 30
0.0
 10
138.0928855555555
 20
116.88953
 30
0.0
 10
138.1408633333333
 20
116.6976188888889
 30
0.0
 10
138.1408633333333
 20
116.45138
 30
0.0
 10
138.1405105555556
 20
115.8819966666667
 30
0.0
 10
137.7806772222222
 20
115.4530188888889
 30
0.0
 10
137.1185133333333
 20
115.4533716666666
 30
0.0
 10
136.48563
 20
115.4537244444444
 30
0.0
 10
136.0566522222222
 20
115.8823494444444
 30
0.0
 10
136.057005
 20
116.5088827777778
 30
0.0
 10
136.057005
 20
116.7607661111111
 30
0.0
 10
136.1113327777778
 20
116.9195161111111
 30
0.0
 10
136.1469633333333
 20
116.9890133333333
 30
0.0
  0
POLYLINE
  5
E5
330
1F
100
AcDbEntity
  8
DEFAULT
 62
    18
100
AcDb2dPolyline
 66
     1
 10
0.0
 20
0.0
 30
0.0
  0
VERTEX
  5
E6
330
E5
100
AcDbEntity
  8
DEFAULT
 62
    18
100
AcDbVertex
100
AcDb2dVertex
 10
136.6527408333334
 20
118.1667972222223
 30
0.0
  0
VERTEX
  5
E7
330
E5
100
AcDbEntity
  8
DEFAULT
 62
    18
100
AcDbVertex
100
AcDb2dVertex
 10
136.1249852777778
 20
118.8176722222222
 30
0.0
  0
VERTEX
  5
E8
330
E5
100
AcDbEntity
  8
DEFAULT
 62
    18
100
AcDbVertex
100
AcDb2dVertex
 10
138.0737297222222
 20
118.8169666666667
 30
0.0
  0
SEQEND
  5
E9
330
E5
100
AcDbEntity
  8
DEFAULT
 62
    18
  0
POLYLINE
  5
EA
330
1F
100
AcDbEntity
  8
DEFAULT
 62
    18
100
AcDb2dPolyline
 66
     1
 10
0.0
 20
0.0
 30
0.0
  0
VERTEX
  5
EB
330
EA
100
AcDbEntity
  8
DEFAULT
 62
    18
100
AcDbVertex
100
AcDb2dVertex
 10
138.9732072222222
 20
118.6825583333333
 30
0.0
  0
VERTEX
  5
EC
330
EA
100
AcDbEntity
  8
DEFAULT
 62
    18
100
AcDbVertex
100
AcDb2dVertex
 10
138.9732072222222
 20
115.2574388888889
 30
0.0
  0
SEQEND
  5
ED
330
EA
100
AcDbEntity
  8
DEFAULT
 62
    18
  0
SPLINE
  5
EE
330
1F
100
AcDbEntity
  8
DEFAULT
 62
     1
100
AcDbSpline
210
0.0
220
0.0
230
1.0
 70
    11
 71
     3
 72
    83
 73
    79
 74
     0
 42
0.000000001
 43
0.0000000001
 40
4.25
 40
4.25
 40
4.25
 40
4.25
 40
13.30000000000001
 40
13.30000000000001
 40
13.30000000000001
 40
17.55000000000001
 40
17.55000000000001
 40
17.55000000000001
 40
18.55000000000001
 40
18.55000000000001
 40
18.55000000000001
 40
19.55000000000001
 40
19.55000000000001
 40
19.55000000000001
 40
20.55000000000001
 40
20.55000000000001
 40
20.55000000000001
 40
21.55000000000001
 40
21.55000000000001
 40
21.55000000000001
 40
22.55000000000001
 40
22.55000000000001
 40
22.55000000000001
 40
23.55000000000001
 40
23.55000000000001
 40
23.55000000000001
 40
24.55000000000001
 40
24.55000000000001
 40
24.55000000000001
 40
25.55000000000001
 40
25.55000000000001
 40
25.55000000000001
 40
26.55000000000001
 40
26.55000000000001
 40
26.55000000000001
 40
27.55000000000001
 40
27.55000000000001
 40
27.55000000000001
 40
28.55000000000001
 40
28.55000000000001
 40
28.55000000000001
 40
29.55000000000001
 40
29.55000000000001
 40
29.55000000000001
 40
30.55000000000001
 40
30.55000000000001
 40
30.55000000000001
 40
31.55000000000001
 40
31.55000000000001
 40
31.55000000000001
 40
32.55000000000001
 40
32.55000000000001
 40
32.55000000000001
 40
33.55000000000001
 40
33.55000000000001
 40
33.55000000000001
 40
34.55000000000001
 40
34.55000000000001
 40
34.55000000000001
 40
35.55000000000001
 40
35.55000000000001
 40
35.55000000000001
 40
36.55000000000001
 40
36.55000000000001
 40
36.55000000000001
 40
37.55000000000001
 40
37.55000000000001
 40
37.55000000000001
 40
38.55000000000001
 40
38.55000000000001
 40
38.55000000000001
 40
39.55000000000001
 40
39.55000000000001
 40
39.55000000000001
 40
40.55000000000001
 40
40.55000000000001
 40
40.55000000000001
 40
44.80000000000001
 40
44.80000000000001
 40
44.80000000000001
 40
44.80000000000001
 10
135.5193011111111
 20
104.8298216666666
 30
0.0
 10
136.5835140740741
 20
104.8298216666666
 30
0.0
 10
137.647727037037
 20
104.8298216666666
 30
0.0
 10
138.71194
 20
104.8298216666666
 30
0.0
 10
138.71194
 20
105.3295901851852
 30
0.0
 10
138.71194
 20
105.8293587037037
 30
0.0
 10
138.71194
 20
106.3291272222222
 30
0.0
 10
146.3612205555555
 20
106.3266577777778
 30
0.0
 10
154.0108538888889
 20
106.3241883333333
 30
0.0
 10
161.6601344444444
 20
106.3217188888889
 30
0.0
 10
162.2457455555555
 20
106.3217188888889
 30
0.0
 10
162.7043566666667
 20
105.8211272222222
 30
0.0
 10
162.6549677777778
 20
105.2386911111111
 30
0.0
 10
161.3849677777778
 20
90.17543277777777
 30
0.0
 10
160.1149677777778
 20
75.11182166666666
 30
0.0
 10
158.8449677777778
 20
60.04856333333333
 30
0.0
 10
158.8026344444444
 20
59.52962722222221
 30
0.0
 10
158.3687177777778
 20
59.13098833333333
 30
0.0
 10
157.8501344444444
 20
59.13098833333333
 30
0.0
 10
152.0963288888889
 20
59.13345777777777
 30
0.0
 10
146.3425233333333
 20
59.13557444444444
 30
0.0
 10
140.5887177777778
 20
59.13804388888887
 30
0.0
 10
139.8334205555555
 20
59.22623833333332
 30
0.0
 10
139.7452261111111
 20
59.92473833333332
 30
0.0
 10
139.15644
 20
60.63029388888887
 30
0.0
 10
139.12469
 20
60.63029388888887
 30
0.0
 10
139.0012177777778
 20
60.90898833333333
 30
0.0
 10
138.8812733333333
 20
61.36054388888888
 30
0.0
 10
138.7609761111111
 20
61.81245222222221
 30
0.0
 10
138.6519677777778
 20
62.43616333333333
 30
0.0
 10
138.64844
 20
63.12760777777776
 30
0.0
 10
138.64844
 20
64.51472999999999
 30
0.0
 10
138.6978288888889
 20
65.29013555555554
 30
0.0
 10
138.6943011111111
 20
65.63268277777776
 30
0.0
 10
137.69594
 20
65.63021333333332
 30
0.0
 10
136.6975788888889
 20
65.62774388888889
 30
0.0
 10
135.6992177777778
 20
65.62527444444443
 30
0.0
 10
135.69569
 20
65.28660777777776
 30
0.0
 10
135.7482538888889
 20
64.51049666666665
 30
0.0
 10
135.7482538888889
 20
63.12760777777776
 30
0.0
 10
135.7482538888889
 20
61.75248
 30
0.0
 10
135.3005788888889
 20
60.6267661111111
 30
0.0
 10
135.2473094444444
 20
60.6267661111111
 30
0.0
 10
134.6585233333333
 20
59.92861888888888
 30
0.0
 10
134.4856622222222
 20
59.22623833333332
 30
0.0
 10
133.7236622222222
 20
59.13804388888887
 30
0.0
 10
133.7197816666666
 20
59.14157166666666
 30
0.0
 10
116.3564122222222
 20
59.14509944444443
 30
0.0
 10
116.3564122222222
 20
59.14509944444443
 30
0.0
 10
115.8378288888889
 20
59.14509944444443
 30
0.0
 10
115.4035594444444
 20
59.54373833333332
 30
0.0
 10
115.3615788888889
 20
60.05879388888888
 30
0.0
 10
115.1604955555556
 20
62.46473833333332
 30
0.0
 10
114.9590594444444
 20
64.87068277777777
 30
0.0
 10
114.7579761111111
 20
67.27662722222222
 30
0.0
 10
116.4269677777778
 20
66.37704388888888
 30
0.0
 10
118.32844
 20
65.83764666666666
 30
0.0
 10
120.3745511111111
 20
65.77732166666667
 30
0.0
 10
126.6539955555556
 20
65.59352444444443
 30
0.0
 10
132.1890788888889
 20
70.18316333333331
 30
0.0
 10
133.1627455555555
 20
76.38852444444444
 30
0.0
 10
134.3057455555555
 20
83.68432166666665
 30
0.0
 10
129.0246622222222
 20
90.29537722222221
 30
0.0
 10
121.7962455555556
 20
90.91273833333332
 30
0.0
 10
118.5118844444444
 20
91.19107999999999
 30
0.0
 10
115.40744
 20
90.18566333333332
 30
0.0
 10
112.9979677777778
 20
88.30535777777776
 30
0.0
 10
112.5241872222222
 20
93.9547411111111
 30
0.0
 10
112.0500538888889
 20
99.60377166666665
 30
0.0
 10
111.5762733333333
 20
105.253155
 30
0.0
 10
111.5304122222222
 20
105.8348855555555
 30
0.0
 10
111.9890233333333
 20
106.33583
 30
0.0
 10
112.5746344444444
 20
106.33583
 30
0.0
 10
120.2228566666667
 20
106.3337133333333
 30
0.0
 10
127.8710788888889
 20
106.3312438888889
 30
0.0
 10
135.5193011111111
 20
106.3291272222222
 30
0.0
 10
135.5193011111111
 20
105.8293587037037
 30
0.0
 10
135.5193011111111
 20
105.3295901851852
 30
0.0
 10
135.5193011111111
 20
104.8298216666666
 30
0.0
  0
SPLINE
  5
EF
330
1F
100
AcDbEntity
  8
DEFAULT
 62
    18
100
AcDbSpline
210
0.0
220
0.0
230
1.0
 70
    11
 71
     3
 72
    32
 73
    28
 74
     0
 42
0.000000001
 43
0.0000000001
 40
1.0
 40
1.0
 40
1.0
 40
1.0
 40
2.0
 40
2.0
 40
2.0
 40
3.0
 40
3.0
 40
3.0
 40
4.0
 40
4.0
 40
4.0
 40
5.0
 40
5.0
 40
5.0
 40
6.0
 40
6.0
 40
6.0
 40
7.0
 40
7.0
 40
7.0
 40
8.0
 40
8.0
 40
8.0
 40
9.0
 40
9.0
 40
9.0
 40
10.0
 40
10.0
 40
10.0
 40
10.0
 10
136.116695
 20
68.34247472222222
 30
0.0
 10
136.0927061111111
 20
68.45606916666667
 30
0.0
 10
136.0747144444444
 20
68.6363386111111
 30
0.0
 10
136.0747144444444
 20
68.81943027777777
 30
0.0
 10
136.0747144444444
 20
69.08013305555555
 30
0.0
 10
136.1202227777778
 20
69.24770249999999
 30
0.0
 10
136.2218227777778
 20
69.37434972222222
 30
0.0
 10
136.3001394444444
 20
69.47877194444443
 30
0.0
 10
136.4197311111111
 20
69.54156638888888
 30
0.0
 10
136.5788338888889
 20
69.54156638888888
 30
0.0
 10
136.7735672222222
 20
69.54156638888888
 30
0.0
 10
136.9443116666667
 20
69.28439138888888
 30
0.0
 10
137.0222755555556
 20
69.07131361111111
 30
0.0
 10
137.0222755555556
 20
69.07131361111111
 30
0.0
 10
137.2353533333333
 20
69.61670805555555
 30
0.0
 10
137.5352144444444
 20
69.61670805555555
 30
0.0
 10
137.7091338888889
 20
69.6160025
 30
0.0
 10
137.8410727777778
 20
69.54685805555555
 30
0.0
 10
137.9398505555556
 20
69.44490527777776
 30
0.0
 10
138.0686144444444
 20
69.30449972222222
 30
0.0
 10
138.1285866666666
 20
69.0762525
 30
0.0
 10
138.1285866666666
 20
68.74675805555555
 30
0.0
 10
138.1285866666666
 20
68.5664886111111
 30
0.0
 10
138.1165922222222
 20
68.4285525
 30
0.0
 10
138.1045977777778
 20
68.34176916666665
 30
0.0
 10
137.4420811111111
 20
68.34212194444443
 30
0.0
 10
136.7792116666666
 20
68.34212194444443
 30
0.0
 10
136.116695
 20
68.34247472222222
 30
0.0
  0
POLYLINE
  5
F0
330
1F
100
AcDbEntity
  8
DEFAULT
 62
    18
100
AcDb2dPolyline
 66
     1
 10
0.0
 20
0.0
 30
0.0
  0
VERTEX
  5
F1
330
F0
100
AcDbEntity
  8
DEFAULT
 62
    18
100
AcDbVertex
100
AcDb2dVertex
 10
136.6558452777778
 20
70.9249138888889
 30
0.0
  0
VERTEX
  5
F2
330
F0
100
AcDbEntity
  8
DEFAULT
 62
    18
100
AcDbVertex
100
AcDb2dVertex
 10
136.1280897222222
 20
71.57614166666667
 30
0.0
  0
VERTEX
  5
F3
330
F0
100
AcDbEntity
  8
DEFAULT
 62
    18
100
AcDbVertex
100
AcDb2dVertex
 10
138.0768341666667
 20
71.5754361111111
 30
0.0
  0
SEQEND
  5
F4
330
F0
100
AcDbEntity
  8
DEFAULT
 62
    18
  0
POLYLINE
  5
F5
330
1F
100
AcDbEntity
  8
DEFAULT
 62
    18
100
AcDb2dPolyline
 66
     1
 10
0.0
 20
0.0
 30
0.0
  0
VERTEX
  5
F6
330
F5
100
AcDbEntity
  8
DEFAULT
 62
    18
100
AcDbVertex
100
AcDb2dVertex
 10
138.9732072222222
 20
71.6697336111111
 30
0.0
  0
VERTEX
  5
F7
330
F5
100
AcDbEntity
  8
DEFAULT
 62
    18
100
AcDbVertex
100
AcDb2dVertex
 10
138.9732072222222
 20
68.24461416666666
 30
0.0
  0
SEQEND
  5
F8
330
F5
100
AcDbEntity
  8
DEFAULT
 62
    18
  0
POLYLINE
  5
F9
330
1F
100
AcDbEntity
  8
DEFAULT
 62
    18
100
AcDb2dPolyline
 66
     1
 10
0.0
 20
0.0
 30
0.0
  0
VERTEX
  5
FA
330
F9
100
AcDbEntity
  8
DEFAULT
 62
    18
100
AcDbVertex
100
AcDb2dVertex
 10
137.5243488888889
 20
22.34699055555555
 30
0.0
  0
VERTEX
  5
FB
330
F9
100
AcDbEntity
  8
DEFAULT
 62
    18
100
AcDbVertex
100
AcDb2dVertex
 10
137.52576
 20
21.18635166666667
 30
0.0
  0
SEQEND
  5
FC
330
F9
100
AcDbEntity
  8
DEFAULT
 62
    18
  0
POLYLINE
  5
FD
330
1F
100
AcDbEntity
  8
DEFAULT
 62
    18
100
AcDb2dPolyline
 66
     1
 10
0.0
 20
0.0
 30
0.0
  0
VERTEX
  5
FE
330
FD
100
AcDbEntity
  8
DEFAULT
 62
    18
100
AcDbVertex
100
AcDb2dVertex
 10
138.1610069444444
 20
20.92314416666665
 30
0.0
  0
VERTEX
  5
FF
330
FD
100
AcDbEntity
  8
DEFAULT
 62
    18
100
AcDbVertex
100
AcDb2dVertex
 10
136.1395902777777
 20
21.75887472222222
 30
0.0
  0
VERTEX
  5
100
330
FD
100
AcDbEntity
  8
DEFAULT
 62
    18
100
AcDbVertex
100
AcDb2dVertex
 10
138.1592430555555
 20
22.61436083333333
 30
0.0
  0
SEQEND
  5
101
330
FD
100
AcDbEntity
  8
DEFAULT
 62
    18
  0
POLYLINE
  5
102
330
1F
100
AcDbEntity
  8
DEFAULT
 62
    18
100
AcDb2dPolyline
 66
     1
 10
0.0
 20
0.0
 30
0.0
  0
VERTEX
  5
103
330
102
100
AcDbEntity
  8
DEFAULT
 62
    18
100
AcDbVertex
100
AcDb2dVertex
 10
136.7010008333333
 20
23.71506277777777
 30
0.0
  0
VERTEX
  5
104
330
102
100
AcDbEntity
  8
DEFAULT
 62
    18
100
AcDbVertex
100
AcDb2dVertex
 10
136.1725397222222
 20
24.36487944444443
 30
0.0
  0
VERTEX
  5
105
330
102
100
AcDbEntity
  8
DEFAULT
 62
    18
100
AcDbVertex
100
AcDb2dVertex
 10
138.1209313888889
 20
24.36699611111111
 30
0.0
  0
SEQEND
  5
106
330
102
100
AcDbEntity
  8
DEFAULT
 62
    18
  0
POLYLINE
  5
107
330
1F
100
AcDbEntity
  8
DEFAULT
 62
    18
100
AcDb2dPolyline
 66
     1
 10
0.0
 20
0.0
 30
0.0
  0
VERTEX
  5
108
330
107
100
AcDbEntity
  8
DEFAULT
 62
    18
100
AcDbVertex
100
AcDb2dVertex
 10
138.9732072222222
 20
24.35687138888888
 30
0.0
  0
VERTEX
  5
109
330
107
100
AcDbEntity
  8
DEFAULT
 62
    18
100
AcDbVertex
100
AcDb2dVertex
 10
138.9732072222222
 20
20.93175194444444
 30
0.0
  0
SEQEND
  5
10A
330
107
100
AcDbEntity
  8
DEFAULT
 62
    18
  0
SPLINE
  5
10B
330
1F
100
AcDbEntity
  8
DEFAULT
 62
     1
100
AcDbSpline
210
0.0
220
0.0
230
1.0
 70
     8
 71
     3
 72
    56
 73
    52
 74
     0
 42
0.000000001
 43
0.0000000001
 40
0.0
 40
0.0
 40
0.0
 40
0.0
 40
1.0
 40
1.0
 40
1.0
 40
2.0
 40
2.0
 40
2.0
 40
3.0
 40
3.0
 40
3.0
 40
4.0
 40
4.0
 40
4.0
 40
5.0
 40
5.0
 40
5.0
 40
6.0
 40
6.0
 40
6.0
 40
7.0
 40
7.0
 40
7.0
 40
8.0
 40
8.0
 40
8.0
 40
9.0
 40
9.0
 40
9.0
 40
10.0
 40
10.0
 40
10.0
 40
11.0
 40
11.0
 40
11.0
 40
12.0
 40
12.0
 40
12.0
 40
13.0
 40
13.0
 40
13.0
 40
14.0
 40
14.0
 40
14.0
 40
15.0
 40
15.0
 40
15.0
 40
16.0
 40
16.0
 40
16.0
 40
17.0
 40
17.0
 40
17.0
 40
17.0
 10
157.4690638888889
 20
59.16471388888889
 30
0.0
 10
158.022925
 20
59.16471388888889
 30
0.0
 10
158.5732583333333
 20
58.71315833333333
 30
0.0
 10
158.467425
 20
58.16635277777777
 30
0.0
 10
158.1534527777778
 20
56.54004722222222
 30
0.0
 10
157.8394805555556
 20
54.91374166666666
 30
0.0
 10
157.5255083333333
 20
53.28743611111111
 30
0.0
 10
153.0593416666667
 20
30.54385277777778
 30
0.0
 10
146.8292861111111
 20
26.72326944444445
 30
0.0
 10
145.8027027777778
 20
12.855575
 30
0.0
 10
145.767425
 20
12.33699166666667
 30
0.0
 10
145.3299805555556
 20
11.93482500000001
 30
0.0
 10
144.8078694444444
 20
11.93482500000001
 30
0.0
 10
143.386175
 20
11.93376666666667
 30
0.0
 10
141.9648333333333
 20
11.93235555555556
 30
0.0
 10
140.5431388888889
 20
11.93129722222223
 30
0.0
 10
139.830175
 20
12.03713055555556
 30
0.0
 10
139.7313972222222
 20
12.72504722222223
 30
0.0
 10
139.1563694444445
 20
13.41331666666667
 30
0.0
 10
139.1246194444444
 20
13.41331666666667
 30
0.0
 10
139.0011472222222
 20
13.69201111111111
 30
0.0
 10
138.8815555555555
 20
14.14321388888889
 30
0.0
 10
138.7612583333333
 20
14.59476944444445
 30
0.0
 10
138.6518972222222
 20
15.21953888888889
 30
0.0
 10
138.6483694444444
 20
15.91098333333334
 30
0.0
 10
138.6483694444444
 20
17.29704722222222
 30
0.0
 10
138.6977583333333
 20
18.07351111111111
 30
0.0
 10
138.6942305555555
 20
18.41535277777778
 30
0.0
 10
137.6958694444444
 20
18.41288333333334
 30
0.0
 10
136.6975083333333
 20
18.41076666666667
 30
0.0
 10
135.6991472222222
 20
18.40829722222222
 30
0.0
 10
135.6956194444444
 20
18.06963055555556
 30
0.0
 10
135.7485361111111
 20
17.29387222222223
 30
0.0
 10
135.7485361111111
 20
15.91098333333334
 30
0.0
 10
135.7485361111111
 20
14.53479722222222
 30
0.0
 10
135.3005083333333
 20
13.40943611111112
 30
0.0
 10
135.2475916666667
 20
13.40943611111112
 30
0.0
 10
134.6623333333333
 20
12.71093611111111
 30
0.0
 10
134.4785361111111
 20
12.01243611111112
 30
0.0
 10
133.7200638888889
 20
11.9207138888889
 30
0.0
 10
131.0132
 20
11.91859722222223
 30
0.0
 10
128.3059833333333
 20
11.91612777777778
 30
0.0
 10
125.5991194444444
 20
11.91401111111112
 30
0.0
 10
125.1232222222222
 20
11.91401111111112
 30
0.0
 10
124.7065916666667
 20
12.25267777777778
 30
0.0
 10
124.6148694444445
 20
12.72187222222223
 30
0.0
 10
121.669175
 20
27.79112777777778
 30
0.0
 10
118.7234805555556
 20
42.86073611111111
 30
0.0
 10
115.7777861111111
 20
57.92999166666667
 30
0.0
 10
115.6578416666667
 20
58.54382500000001
 30
0.0
 10
116.1305638888889
 20
59.11885277777778
 30
0.0
 10
116.7588611111111
 20
59.11885277777778
 30
0.0
  0
POLYLINE
  5
10C
330
1F
100
AcDbEntity
  8
DEFAULT
 62
     1
100
AcDb2dPolyline
 66
     1
 10
0.0
 20
0.0
 30
0.0
  0
VERTEX
  5
10D
330
10C
100
AcDbEntity
  8
DEFAULT
 62
     1
100
AcDbVertex
100
AcDb2dVertex
 10
133.7237327777777
 20
59.13818499999997
 30
0.0
  0
VERTEX
  5
10E
330
10C
100
AcDbEntity
  8
DEFAULT
 62
     1
100
AcDbVertex
100
AcDb2dVertex
 10
135.5052605555555
 20
59.14030166666664
 30
0.0
  0
VERTEX
  5
10F
330
10C
100
AcDbEntity
  8
DEFAULT
 62
     1
100
AcDbVertex
100
AcDb2dVertex
 10
135.5052605555555
 20
57.6409961111111
 30
0.0
  0
VERTEX
  5
110
330
10C
100
AcDbEntity
  8
DEFAULT
 62
     1
100
AcDbVertex
100
AcDb2dVertex
 10
138.7010744444444
 20
57.64769888888888
 30
0.0
  0
VERTEX
  5
111
330
10C
100
AcDbEntity
  8
DEFAULT
 62
     1
100
AcDbVertex
100
AcDb2dVertex
 10
138.7010744444444
 20
59.14382944444444
 30
0.0
  0
VERTEX
  5
112
330
10C
100
AcDbEntity
  8
DEFAULT
 62
     1
100
AcDbVertex
100
AcDb2dVertex
 10
140.5887883333333
 20
59.13818499999999
 30
0.0
  0
SEQEND
  5
113
330
10C
100
AcDbEntity
  8
DEFAULT
 62
     1
  0
SPLINE
  5
114
330
1F
100
AcDbEntity
  8
DEFAULT
 62
     1
100
AcDbSpline
210
0.0
220
0.0
230
1.0
 70
     8
 71
     3
 72
    50
 73
    46
 74
     0
 42
0.000000001
 43
0.0000000001
 40
0.0
 40
0.0
 40
0.0
 40
0.0
 40
1.0
 40
1.0
 40
1.0
 40
2.0
 40
2.0
 40
2.0
 40
3.0
 40
3.0
 40
3.0
 40
4.0
 40
4.0
 40
4.0
 40
5.0
 40
5.0
 40
5.0
 40
6.0
 40
6.0
 40
6.0
 40
7.0
 40
7.0
 40
7.0
 40
43.63
 40
43.63
 40
43.63
 40
44.63
 40
44.63
 40
44.63
 40
53.69999999999999
 40
53.69999999999999
 40
53.69999999999999
 40
57.94999999999999
 40
57.94999999999999
 40
57.94999999999999
 40
58.94999999999999
 40
58.94999999999999
 40
58.94999999999999
 40
59.94999999999999
 40
59.94999999999999
 40
59.94999999999999
 40
60.94999999999999
 40
60.94999999999999
 40
60.94999999999999
 40
61.94999999999999
 40
61.94999999999999
 40
61.94999999999999
 40
61.94999999999999
 10
7.607405833333332
 20
153.5596511111111
 30
0.0
 10
6.990044722222222
 20
153.5596511111111
 30
0.0
 10
6.520850277777776
 20
154.1135122222222
 30
0.0
 10
6.619628055555554
 20
154.7241705555555
 30
0.0
 10
7.200653055555555
 20
158.1930344444444
 30
0.0
 10
7.781325277777777
 20
161.6622511111111
 30
0.0
 10
8.362350277777777
 20
165.131115
 30
0.0
 10
14.02090583333333
 20
164.1747344444444
 30
0.0
 10
19.80646138888889
 20
167.3395038888889
 30
0.0
 10
21.85962805555555
 20
173.0506233333333
 30
0.0
 10
24.03979472222222
 20
179.1222816666667
 30
0.0
 10
20.99885027777777
 20
185.9587622222222
 30
0.0
 10
15.03690583333333
 20
188.4211511111111
 30
0.0
 10
14.16554472222222
 20
188.7809844444444
 30
0.0
 10
13.28360027777778
 20
189.0318094444444
 30
0.0
 10
12.39460027777777
 20
189.1799761111111
 30
0.0
 10
12.99538083333333
 20
192.7582011111111
 30
0.0
 10
13.59651416666667
 20
196.3364261111111
 30
0.0
 10
14.19729472222222
 20
199.9146511111111
 30
0.0
 10
14.27490583333333
 20
200.3983094444444
 30
0.0
 10
14.69471138888889
 20
200.7510872222222
 30
0.0
 10
15.18154472222222
 20
200.7510872222222
 30
0.0
 10
19.48896138888889
 20
200.7510872222222
 30
0.0
 10
23.79637805555555
 20
200.7510872222222
 30
0.0
 10
28.10379472222222
 20
200.7510872222222
 30
0.0
 10
28.10273638888889
 20
200.2501427777778
 30
0.0
 10
28.10132527777778
 20
199.7491983333333
 30
0.0
 10
28.10026694444445
 20
199.2482538888889
 30
0.0
 10
29.16683175925926
 20
199.2482538888889
 30
0.0
 10
30.23339657407407
 20
199.2482538888889
 30
0.0
 10
31.29996138888889
 20
199.2482538888889
 30
0.0
 10
31.29996138888889
 20
199.7480224074074
 30
0.0
 10
31.29996138888889
 20
200.2477909259259
 30
0.0
 10
31.29996138888889
 20
200.7475594444444
 30
0.0
 10
35.60737805555556
 20
200.7461483333333
 30
0.0
 10
39.91479472222222
 20
200.74509
 30
0.0
 10
44.22221138888889
 20
200.7436788888889
 30
0.0
 10
44.70904472222222
 20
200.7436788888889
 30
0.0
 10
45.1253225
 20
200.3909011111111
 30
0.0
 10
45.20646138888888
 20
199.9079483333333
 30
0.0
 10
47.72282527777777
 20
184.8432788888889
 30
0.0
 10
50.23954194444443
 20
169.7782566666666
 30
0.0
 10
52.75590583333332
 20
154.7135872222222
 30
0.0
 10
52.85821138888889
 20
154.1032816666666
 30
0.0
 10
52.38901694444444
 20
153.5494205555555
 30
0.0
 10
51.77165583333333
 20
153.5494205555555
 30
0.0
  0
SPLINE
  5
115
330
1F
100
AcDbEntity
  8
DEFAULT
 62
     1
100
AcDbSpline
210
0.0
220
0.0
230
1.0
 70
     8
 71
     3
 72
    26
 73
    22
 74
     0
 42
0.000000001
 43
0.0000000001
 40
0.0
 40
0.0
 40
0.0
 40
0.0
 40
1.0
 40
1.0
 40
1.0
 40
2.0
 40
2.0
 40
2.0
 40
3.0
 40
3.0
 40
3.0
 40
4.0
 40
4.0
 40
4.0
 40
5.0
 40
5.0
 40
5.0
 40
6.0
 40
6.0
 40
6.0
 40
7.0
 40
7.0
 40
7.0
 40
7.0
 10
33.28610027777777
 20
153.5561938888889
 30
0.0
 10
32.37593361111111
 20
153.5561938888889
 30
0.0
 10
32.31948916666666
 20
154.3079633333333
 30
0.0
 10
31.69154472222222
 20
155.0554994444444
 30
0.0
 10
31.6315725
 20
155.0554994444444
 30
0.0
 10
31.1870725
 20
156.1702772222222
 30
0.0
 10
31.18354472222222
 20
157.5531661111111
 30
0.0
 10
31.18354472222222
 20
158.9395827777778
 30
0.0
 10
31.23293361111111
 20
159.7160466666667
 30
0.0
 10
31.22940583333333
 20
160.0578883333333
 30
0.0
 10
30.23104472222222
 20
160.0554188888889
 30
0.0
 10
29.23268361111111
 20
160.0533022222222
 30
0.0
 10
28.2343225
 20
160.0508327777778
 30
0.0
 10
28.23079472222222
 20
159.7121661111111
 30
0.0
 10
28.28371138888888
 20
158.936055
 30
0.0
 10
28.28371138888888
 20
157.5531661111111
 30
0.0
 10
28.28371138888888
 20
156.1808605555555
 30
0.0
 10
27.8356836111111
 20
155.0554994444444
 30
0.0
 10
27.78276694444444
 20
155.0554994444444
 30
0.0
 10
27.1548225
 20
154.3040827777778
 30
0.0
 10
26.99960027777778
 20
153.5526661111111
 30
0.0
 10
26.09296138888888
 20
153.5526661111111
 30
0.0
  0
SPLINE
  5
116
330
1F
100
AcDbEntity
  8
DEFAULT
 62
    18
100
AcDbSpline
210
0.0
220
0.0
230
1.0
 70
    11
 71
     3
 72
    26
 73
    22
 74
     0
 42
0.000000001
 43
0.0000000001
 40
0.0
 40
0.0
 40
0.0
 40
0.0
 40
1.0
 40
1.0
 40
1.0
 40
2.0
 40
2.0
 40
2.0
 40
3.0
 40
3.0
 40
3.0
 40
4.0
 40
4.0
 40
4.0
 40
5.0
 40
5.0
 40
5.0
 40
6.0
 40
6.0
 40
6.0
 40
11.63500000000001
 40
11.63500000000001
 40
11.63500000000001
 40
11.63500000000001
 10
28.79612111111111
 20
162.2702283333333
 30
0.0
 10
28.772485
 20
162.4293311111111
 30
0.0
 10
28.75414055555555
 20
162.6180672222222
 30
0.0
 10
28.75449333333333
 20
162.8251477777777
 30
0.0
 10
28.75449333333333
 20
163.2001505555556
 30
0.0
 10
28.84162944444444
 20
163.4672033333333
 30
0.0
 10
29.00637666666667
 20
163.6435922222222
 30
0.0
 10
29.17112388888889
 20
163.8231561111111
 30
0.0
 10
29.40536833333333
 20
163.9286366666666
 30
0.0
 10
29.73204055555556
 20
163.9282838888889
 30
0.0
 10
30.06188777777777
 20
163.9282838888889
 30
0.0
 10
30.33211555555555
 20
163.8263311111111
 30
0.0
 10
30.51767666666666
 20
163.6372422222222
 30
0.0
 10
30.70641277777778
 20
163.4485061111111
 30
0.0
 10
30.80801277777778
 20
163.1362977777777
 30
0.0
 10
30.80801277777778
 20
162.7436561111111
 30
0.0
 10
30.80801277777778
 20
162.5577422222222
 30
0.0
 10
30.79919333333333
 20
162.4018144444444
 30
0.0
 10
30.78402388888889
 20
162.2702283333333
 30
0.0
 10
30.12138962962963
 20
162.2702283333333
 30
0.0
 10
29.45875537037037
 20
162.2702283333333
 30
0.0
 10
28.79612111111111
 20
162.2702283333333
 30
0.0
  0
SPLINE
  5
117
330
1F
100
AcDbEntity
  8
DEFAULT
 62
    18
100
AcDbSpline
210
0.0
220
0.0
230
1.0
 70
     8
 71
     3
 72
    23
 73
    19
 74
     0
 42
0.000000001
 43
0.0000000001
 40
0.0
 40
0.0
 40
0.0
 40
0.0
 40
1.0
 40
1.0
 40
1.0
 40
2.0
 40
2.0
 40
2.0
 40
3.0
 40
3.0
 40
3.0
 40
4.0
 40
4.0
 40
4.0
 40
5.0
 40
5.0
 40
5.0
 40
6.0
 40
6.0
 40
6.0
 40
6.0
 10
28.92428527777777
 20
164.5536530555555
 30
0.0
 10
28.84914361111111
 20
164.6556058333333
 30
0.0
 10
28.77400194444444
 20
164.8535141666667
 30
0.0
 10
28.77435472222222
 20
165.0630641666667
 30
0.0
 10
28.77435472222222
 20
165.4468863888889
 30
0.0
 10
29.00224916666667
 20
165.6208058333333
 30
0.0
 10
29.23931583333333
 20
165.6208058333333
 30
0.0
 10
29.44039916666666
 20
165.6208058333333
 30
0.0
 10
29.61114361111111
 20
165.5012141666666
 30
0.0
 10
29.70392416666666
 20
165.2609725
 30
0.0
 10
29.75190194444444
 20
165.5008613888889
 30
0.0
 10
29.9318186111111
 20
165.6952419444444
 30
0.0
 10
30.20486861111111
 20
165.6952419444444
 30
0.0
 10
30.51672416666666
 20
165.6952419444444
 30
0.0
 10
30.78942138888889
 20
165.4525308333333
 30
0.0
 10
30.78906861111111
 20
164.9851002777778
 30
0.0
 10
30.78906861111111
 20
164.7660252777777
 30
0.0
 10
30.72027694444444
 20
164.5741141666666
 30
0.0
 10
30.65712972222222
 20
164.4778058333333
 30
0.0
  0
POLYLINE
  5
118
330
1F
100
AcDbEntity
  8
DEFAULT
 62
    18
100
AcDb2dPolyline
 66
     1
 10
0.0
 20
0.0
 30
0.0
  0
VERTEX
  5
119
330
118
100
AcDbEntity
  8
DEFAULT
 62
    18
100
AcDbVertex
100
AcDb2dVertex
 10
31.61058222222222
 20
165.6953477777778
 30
0.0
  0
VERTEX
  5
11A
330
118
100
AcDbEntity
  8
DEFAULT
 62
    18
100
AcDbVertex
100
AcDb2dVertex
 10
31.61058222222222
 20
162.2702283333333
 30
0.0
  0
SEQEND
  5
11B
330
118
100
AcDbEntity
  8
DEFAULT
 62
    18
  0
SPLINE
  5
11C
330
1F
100
AcDbEntity
  8
DEFAULT
 62
     1
100
AcDbSpline
210
0.0
220
0.0
230
1.0
 70
    11
 71
     3
 72
    68
 73
    64
 74
     0
 42
0.000000001
 43
0.0000000001
 40
1.0
 40
1.0
 40
1.0
 40
1.0
 40
2.0
 40
2.0
 40
2.0
 40
3.0
 40
3.0
 40
3.0
 40
4.0
 40
4.0
 40
4.0
 40
5.0
 40
5.0
 40
5.0
 40
42.78999999999999
 40
42.78999999999999
 40
42.78999999999999
 40
43.78999999999999
 40
43.78999999999999
 40
43.78999999999999
 40
44.78999999999999
 40
44.78999999999999
 40
44.78999999999999
 40
45.78999999999999
 40
45.78999999999999
 40
45.78999999999999
 40
46.78999999999999
 40
46.78999999999999
 40
46.78999999999999
 40
47.78999999999999
 40
47.78999999999999
 40
47.78999999999999
 40
48.78999999999999
 40
48.78999999999999
 40
48.78999999999999
 40
49.78999999999999
 40
49.78999999999999
 40
49.78999999999999
 40
50.78999999999999
 40
50.78999999999999
 40
50.78999999999999
 40
51.78999999999999
 40
51.78999999999999
 40
51.78999999999999
 40
52.78999999999999
 40
52.78999999999999
 40
52.78999999999999
 40
53.78999999999999
 40
53.78999999999999
 40
53.78999999999999
 40
54.78999999999999
 40
54.78999999999999
 40
54.78999999999999
 40
59.03999999999999
 40
59.03999999999999
 40
59.03999999999999
 40
60.03999999999999
 40
60.03999999999999
 40
60.03999999999999
 40
64.28
 40
64.28
 40
64.28
 40
65.28
 40
65.28
 40
65.28
 40
65.28
 10
51.97626694444445
 20
153.5527719444444
 30
0.0
 10
52.50896138888888
 20
153.5527719444444
 30
0.0
 10
52.94993361111111
 20
153.1364941666666
 30
0.0
 10
52.97462805555556
 20
152.6041525
 30
0.0
 10
53.59198916666667
 20
140.0332691666667
 30
0.0
 10
54.20935027777778
 20
127.4627386111111
 30
0.0
 10
54.8267113888889
 20
114.8918552777778
 30
0.0
 10
53.87068361111111
 20
114.5108552777778
 30
0.0
 10
52.9358225
 20
114.0204941666667
 30
0.0
 10
52.0468225
 20
113.4172441666667
 30
0.0
 10
49.42921138888889
 20
111.6360691666666
 30
0.0
 10
47.59123916666667
 20
109.1348747222222
 30
0.0
 10
46.6175725
 20
106.3585136111111
 30
0.0
 10
42.17374842592593
 20
106.3585136111111
 30
0.0
 10
37.72992435185186
 20
106.3585136111111
 30
0.0
 10
33.28610027777778
 20
106.3585136111111
 30
0.0
 10
32.37946138888889
 20
106.3585136111111
 30
0.0
 10
32.31948916666667
 20
107.1064025
 30
0.0
 10
31.69154472222223
 20
107.8578191666667
 30
0.0
 10
31.6315725
 20
107.8578191666667
 30
0.0
 10
31.1870725
 20
108.9725969444444
 30
0.0
 10
31.18354472222223
 20
110.3554858333333
 30
0.0
 10
31.18354472222223
 20
111.7415497222222
 30
0.0
 10
31.23293361111111
 20
112.5180136111111
 30
0.0
 10
31.22940583333333
 20
112.8598552777778
 30
0.0
 10
30.23104472222222
 20
112.8577386111111
 30
0.0
 10
29.23268361111111
 20
112.8552691666667
 30
0.0
 10
28.2343225
 20
112.8531525
 30
0.0
 10
28.23079472222222
 20
112.5141330555555
 30
0.0
 10
28.28371138888889
 20
111.7383747222222
 30
0.0
 10
28.28371138888889
 20
110.3554858333333
 30
0.0
 10
28.28371138888889
 20
108.9792997222222
 30
0.0
 10
27.83568361111111
 20
107.8542913888889
 30
0.0
 10
27.78276694444445
 20
107.8542913888889
 30
0.0
 10
27.1548225
 20
107.1025219444444
 30
0.0
 10
26.99960027777778
 20
106.3549858333333
 30
0.0
 10
26.09296138888889
 20
106.3549858333333
 30
0.0
 10
19.12207250000001
 20
106.3539275
 30
0.0
 10
12.15118361111112
 20
106.3525163888889
 30
0.0
 10
5.180294722222224
 20
106.3514580555556
 30
0.0
 10
4.605266944444448
 20
106.3514580555556
 30
0.0
 10
4.150183611111117
 20
106.8277080555555
 30
0.0
 10
4.178405833333334
 20
107.3988552777778
 30
0.0
 10
4.912183611111116
 20
122.4638775
 30
0.0
 10
5.645961388888889
 20
137.5285469444444
 30
0.0
 10
6.379739166666671
 20
152.5935691666666
 30
0.0
 10
6.404433611111113
 20
153.1262636111111
 30
0.0
 10
6.845405833333335
 20
153.5457163888889
 30
0.0
 10
7.378100277777781
 20
153.5457163888889
 30
0.0
 10
14.27949194444445
 20
153.5467747222222
 30
0.0
 10
21.18123638888889
 20
153.5481858333333
 30
0.0
 10
28.08262805555556
 20
153.5492441666667
 30
0.0
 10
28.08262805555556
 20
153.0494756481481
 30
0.0
 10
28.08262805555556
 20
152.5497071296296
 30
0.0
 10
28.08262805555556
 20
152.0499386111111
 30
0.0
 10
29.14695861111112
 20
152.0509969444444
 30
0.0
 10
30.21093638888889
 20
152.0524080555555
 30
0.0
 10
31.27526694444444
 20
152.0534663888889
 30
0.0
 10
31.27526694444444
 20
152.5520589814815
 30
0.0
 10
31.27526694444444
 20
153.0506515740741
 30
0.0
 10
31.27526694444444
 20
153.5492441666667
 30
0.0
 10
38.17560027777778
 20
153.5503025
 30
0.0
 10
45.07593361111111
 20
153.5517136111111
 30
0.0
 10
51.97626694444445
 20
153.5527719444444
 30
0.0
  0
SPLINE
  5
11D
330
1F
100
AcDbEntity
  8
DEFAULT
 62
    18
100
AcDbSpline
210
0.0
220
0.0
230
1.0
 70
     8
 71
     3
 72
    17
 73
    13
 74
     0
 42
0.000000001
 43
0.0000000001
 40
0.0
 40
0.0
 40
0.0
 40
0.0
 40
1.0
 40
1.0
 40
1.0
 40
2.0
 40
2.0
 40
2.0
 40
3.0
 40
3.0
 40
3.0
 40
4.0
 40
4.0
 40
4.0
 40
4.0
 10
30.7260625
 20
116.6661158333333
 30
0.0
 10
30.77404027777777
 20
116.5701602777778
 30
0.0
 10
30.82166527777778
 20
116.3782491666667
 30
0.0
 10
30.82166527777778
 20
116.1320102777778
 30
0.0
 10
30.82201805555555
 20
115.5626269444444
 30
0.0
 10
30.46218472222222
 20
115.1336491666667
 30
0.0
 10
29.80002083333333
 20
115.1336491666667
 30
0.0
 10
29.1671375
 20
115.1336491666667
 30
0.0
 10
28.73815972222222
 20
115.5622741666667
 30
0.0
 10
28.73815972222222
 20
116.1884547222222
 30
0.0
 10
28.73815972222222
 20
116.4406908333333
 30
0.0
 10
28.79213472222222
 20
116.5997936111111
 30
0.0
 10
28.82776527777778
 20
116.6689380555555
 30
0.0
  0
SPLINE
  5
11E
330
1F
100
AcDbEntity
  8
DEFAULT
 62
    18
100
AcDbSpline
210
0.0
220
0.0
230
1.0
 70
     8
 71
     3
 72
    23
 73
    19
 74
     0
 42
0.000000001
 43
0.0000000001
 40
0.0
 40
0.0
 40
0.0
 40
0.0
 40
1.0
 40
1.0
 40
1.0
 40
2.0
 40
2.0
 40
2.0
 40
3.0
 40
3.0
 40
3.0
 40
4.0
 40
4.0
 40
4.0
 40
5.0
 40
5.0
 40
5.0
 40
6.0
 40
6.0
 40
6.0
 40
6.0
 10
28.92220388888889
 20
117.3551613888889
 30
0.0
 10
28.847415
 20
117.4571141666667
 30
0.0
 10
28.77227333333333
 20
117.6550225
 30
0.0
 10
28.77227333333333
 20
117.8645725
 30
0.0
 10
28.77192055555555
 20
118.2483947222222
 30
0.0
 10
29.00016777777778
 20
118.4223141666667
 30
0.0
 10
29.23723444444444
 20
118.4223141666667
 30
0.0
 10
29.437965
 20
118.4223141666667
 30
0.0
 10
29.60870944444444
 20
118.3027225
 30
0.0
 10
29.70184277777777
 20
118.0628336111111
 30
0.0
 10
29.74982055555556
 20
118.3027225
 30
0.0
 10
29.92938444444444
 20
118.4974558333333
 30
0.0
 10
30.20243444444444
 20
118.4974558333333
 30
0.0
 10
30.51429
 20
118.4974558333333
 30
0.0
 10
30.78698722222222
 20
118.2550975
 30
0.0
 10
30.78698722222222
 20
117.7873141666667
 30
0.0
 10
30.78734
 20
117.5682391666667
 30
0.0
 10
30.71854833333333
 20
117.3766808333333
 30
0.0
 10
30.65540111111111
 20
117.2803725
 30
0.0
  0
POLYLINE
  5
11F
330
1F
100
AcDbEntity
  8
DEFAULT
 62
    18
100
AcDb2dPolyline
 66
     1
 10
0.0
 20
0.0
 30
0.0
  0
VERTEX
  5
120
330
11F
100
AcDbEntity
  8
DEFAULT
 62
    18
100
AcDbVertex
100
AcDb2dVertex
 10
31.61058222222222
 20
118.6825583333333
 30
0.0
  0
VERTEX
  5
121
330
11F
100
AcDbEntity
  8
DEFAULT
 62
    18
100
AcDbVertex
100
AcDb2dVertex
 10
31.61058222222222
 20
115.2574388888889
 30
0.0
  0
SEQEND
  5
122
330
11F
100
AcDbEntity
  8
DEFAULT
 62
    18
  0
SPLINE
  5
123
330
1F
100
AcDbEntity
  8
DEFAULT
 62
     1
100
AcDbSpline
210
0.0
220
0.0
230
1.0
 70
     8
 71
     3
 72
    53
 73
    49
 74
     0
 42
0.000000001
 43
0.0000000001
 40
0.0
 40
0.0
 40
0.0
 40
0.0
 40
1.0
 40
1.0
 40
1.0
 40
2.0
 40
2.0
 40
2.0
 40
3.0
 40
3.0
 40
3.0
 40
4.0
 40
4.0
 40
4.0
 40
5.0
 40
5.0
 40
5.0
 40
6.0
 40
6.0
 40
6.0
 40
7.0
 40
7.0
 40
7.0
 40
8.0
 40
8.0
 40
8.0
 40
9.0
 40
9.0
 40
9.0
 40
10.0
 40
10.0
 40
10.0
 40
11.0
 40
11.0
 40
11.0
 40
12.0
 40
12.0
 40
12.0
 40
13.0
 40
13.0
 40
13.0
 40
14.0
 40
14.0
 40
14.0
 40
15.0
 40
15.0
 40
15.0
 40
16.0
 40
16.0
 40
16.0
 40
16.0
 10
45.91187583333333
 20
106.36631
 30
0.0
 10
43.06143138888888
 20
101.3219405555556
 30
0.0
 10
43.47770916666666
 20
94.82730166666666
 30
0.0
 10
47.43940361111111
 20
90.14241277777778
 30
0.0
 10
49.13626472222222
 20
88.13475444444444
 30
0.0
 10
51.27057027777777
 20
86.709885
 30
0.0
 10
53.5847925
 20
85.89814333333332
 30
0.0
 10
52.86618416666666
 20
77.29636277777777
 30
0.0
 10
52.14792861111111
 20
68.69422944444445
 30
0.0
 10
51.42932027777778
 20
60.0924488888889
 30
0.0
 10
51.38698694444444
 20
59.57386555555556
 30
0.0
 10
50.95307027777777
 20
59.17522666666667
 30
0.0
 10
50.43448694444444
 20
59.17522666666667
 30
0.0
 10
44.71842861111111
 20
59.17169888888889
 30
0.0
 10
39.00201749999999
 20
59.16817111111111
 30
0.0
 10
33.28595916666666
 20
59.16464333333333
 30
0.0
 10
32.37932027777778
 20
59.16464333333333
 30
0.0
 10
32.31934805555555
 20
59.91253222222222
 30
0.0
 10
31.69140361111111
 20
60.66430166666667
 30
0.0
 10
31.63143138888889
 20
60.66430166666667
 30
0.0
 10
31.18693138888888
 20
61.77907944444444
 30
0.0
 10
31.18340361111111
 20
63.16196833333333
 30
0.0
 10
31.18340361111111
 20
64.54838500000001
 30
0.0
 10
31.2327925
 20
65.32414333333334
 30
0.0
 10
31.22926472222222
 20
65.66669055555556
 30
0.0
 10
30.23090361111111
 20
65.6642211111111
 30
0.0
 10
29.2325425
 20
65.66210444444444
 30
0.0
 10
28.23418138888889
 20
65.659635
 30
0.0
 10
28.23065361111111
 20
65.32061555555556
 30
0.0
 10
28.28357027777778
 20
64.54485722222222
 30
0.0
 10
28.28357027777778
 20
63.16196833333333
 30
0.0
 10
28.28357027777778
 20
61.786135
 30
0.0
 10
27.8355425
 20
60.66042111111111
 30
0.0
 10
27.78262583333333
 20
60.66042111111111
 30
0.0
 10
27.15468138888889
 20
59.91253222222222
 30
0.0
 10
26.99945916666666
 20
59.16464333333333
 30
0.0
 10
26.09282027777777
 20
59.16464333333333
 30
0.0
 10
20.37535083333333
 20
59.16111555555555
 30
0.0
 10
14.65823416666666
 20
59.15794055555556
 30
0.0
 10
8.940764722222223
 20
59.15441277777778
 30
0.0
 10
8.422181388888891
 20
59.15053222222222
 30
0.0
 10
7.988264722222223
 20
59.54917111111111
 30
0.0
 10
7.945931388888887
 20
60.06810722222222
 30
0.0
 10
6.673461944444443
 20
75.13277666666667
 30
0.0
 10
5.401345277777779
 20
90.19779888888888
 30
0.0
 10
4.128875833333335
 20
105.2624683333333
 30
0.0
 10
4.079486944444445
 20
105.8445516666667
 30
0.0
 10
4.538098055555555
 20
106.3451433333333
 30
0.0
 10
5.123709166666665
 20
106.3451433333333
 30
0.0
  0
POLYLINE
  5
124
330
1F
100
AcDbEntity
  8
DEFAULT
 62
     1
100
AcDb2dPolyline
 66
     1
 10
0.0
 20
0.0
 30
0.0
  0
VERTEX
  5
125
330
124
100
AcDbEntity
  8
DEFAULT
 62
     1
100
AcDbVertex
100
AcDb2dVertex
 10
26.09292611111112
 20
106.3549505555555
 30
0.0
  0
VERTEX
  5
126
330
124
100
AcDbEntity
  8
DEFAULT
 62
     1
100
AcDbVertex
100
AcDb2dVertex
 10
28.06848166666667
 20
106.3560088888889
 30
0.0
  0
VERTEX
  5
127
330
124
100
AcDbEntity
  8
DEFAULT
 62
     1
100
AcDbVertex
100
AcDb2dVertex
 10
28.06848166666666
 20
104.8602311111111
 30
0.0
  0
VERTEX
  5
128
330
124
100
AcDbEntity
  8
DEFAULT
 62
     1
100
AcDbVertex
100
AcDb2dVertex
 10
31.26464833333333
 20
104.8602311111111
 30
0.0
  0
VERTEX
  5
129
330
124
100
AcDbEntity
  8
DEFAULT
 62
     1
100
AcDbVertex
100
AcDb2dVertex
 10
31.26112055555556
 20
106.3560088888889
 30
0.0
  0
VERTEX
  5
12A
330
124
100
AcDbEntity
  8
DEFAULT
 62
     1
100
AcDbVertex
100
AcDb2dVertex
 10
33.286065
 20
106.3584783333333
 30
0.0
  0
SEQEND
  5
12B
330
124
100
AcDbEntity
  8
DEFAULT
 62
     1
  0
SPLINE
  5
12C
330
1F
100
AcDbEntity
  8
DEFAULT
 62
    18
100
AcDbSpline
210
0.0
220
0.0
230
1.0
 70
    11
 71
     3
 72
    32
 73
    28
 74
     0
 42
0.000000001
 43
0.0000000001
 40
1.0
 40
1.0
 40
1.0
 40
1.0
 40
2.0
 40
2.0
 40
2.0
 40
3.0
 40
3.0
 40
3.0
 40
4.0
 40
4.0
 40
4.0
 40
5.0
 40
5.0
 40
5.0
 40
6.0
 40
6.0
 40
6.0
 40
7.0
 40
7.0
 40
7.0
 40
8.0
 40
8.0
 40
8.0
 40
9.0
 40
9.0
 40
9.0
 40
10.0
 40
10.0
 40
10.0
 40
10.0
 10
28.78991222222222
 20
68.07203527777777
 30
0.0
 10
28.76627611111111
 20
68.18562972222222
 30
0.0
 10
28.74793166666667
 20
68.36589916666667
 30
0.0
 10
28.74793166666667
 20
68.54899083333333
 30
0.0
 10
28.74793166666667
 20
68.80969361111111
 30
0.0
 10
28.79273444444444
 20
68.97726305555555
 30
0.0
 10
28.89468722222222
 20
69.1035575
 30
0.0
 10
28.97265111111111
 20
69.2083325
 30
0.0
 10
29.09224277777778
 20
69.27147972222222
 30
0.0
 10
29.25134555555556
 20
69.27147972222222
 30
0.0
 10
29.44607888888889
 20
69.27147972222222
 30
0.0
 10
29.61717611111111
 20
69.01501027777778
 30
0.0
 10
29.69514
 20
68.80193249999999
 30
0.0
 10
29.69514
 20
68.80193249999999
 30
0.0
 10
29.907865
 20
69.34662138888889
 30
0.0
 10
30.20772611111111
 20
69.34697416666667
 30
0.0
 10
30.38164555555555
 20
69.34732694444445
 30
0.0
 10
30.51358444444444
 20
69.2781825
 30
0.0
 10
30.61236222222222
 20
69.17622972222222
 30
0.0
 10
30.74147888888889
 20
69.0351186111111
 30
0.0
 10
30.80145111111111
 20
68.80757694444445
 30
0.0
 10
30.80180388888889
 20
68.47772972222222
 30
0.0
 10
30.80180388888889
 20
68.29816583333333
 30
0.0
 10
30.79016222222222
 20
68.16022972222223
 30
0.0
 10
30.77816777777777
 20
68.0730936111111
 30
0.0
 10
30.11529833333333
 20
68.07274083333334
 30
0.0
 10
29.45278166666667
 20
68.07238805555555
 30
0.0
 10
28.78991222222222
 20
68.07203527777777
 30
0.0
  0
SPLINE
  5
12D
330
1F
100
AcDbEntity
  8
DEFAULT
 62
    18
100
AcDbSpline
210
0.0
220
0.0
230
1.0
 70
     8
 71
     3
 72
    23
 73
    19
 74
     0
 42
0.000000001
 43
0.0000000001
 40
0.0
 40
0.0
 40
0.0
 40
0.0
 40
1.0
 40
1.0
 40
1.0
 40
2.0
 40
2.0
 40
2.0
 40
3.0
 40
3.0
 40
3.0
 40
4.0
 40
4.0
 40
4.0
 40
5.0
 40
5.0
 40
5.0
 40
6.0
 40
6.0
 40
6.0
 40
6.0
 10
28.91670055555555
 20
70.1631961111111
 30
0.0
 10
28.84155888888889
 20
70.26514888888887
 30
0.0
 10
28.76641722222222
 20
70.46305722222222
 30
0.0
 10
28.76606444444444
 20
70.67260722222221
 30
0.0
 10
28.76571166666666
 20
71.05642944444445
 30
0.0
 10
28.99395888888888
 20
71.23034888888888
 30
0.0
 10
29.23067277777777
 20
71.23070166666666
 30
0.0
 10
29.43140333333333
 20
71.23070166666666
 30
0.0
 10
29.60250055555555
 20
71.11146277777776
 30
0.0
 10
29.69563388888889
 20
70.87122111111111
 30
0.0
 10
29.74361166666666
 20
71.11146277777776
 30
0.0
 10
29.92352833333333
 20
71.3061961111111
 30
0.0
 10
30.19622555555555
 20
71.3061961111111
 30
0.0
 10
30.50772833333333
 20
71.3061961111111
 30
0.0
 10
30.78077833333333
 20
71.06383777777776
 30
0.0
 10
30.7811311111111
 20
70.59605444444443
 30
0.0
 10
30.7811311111111
 20
70.37662666666665
 30
0.0
 10
30.71233944444444
 20
70.18506833333333
 30
0.0
 10
30.649545
 20
70.08911277777777
 30
0.0
  0
POLYLINE
  5
12E
330
1F
100
AcDbEntity
  8
DEFAULT
 62
    18
100
AcDb2dPolyline
 66
     1
 10
0.0
 20
0.0
 30
0.0
  0
VERTEX
  5
12F
330
12E
100
AcDbEntity
  8
DEFAULT
 62
    18
100
AcDbVertex
100
AcDb2dVertex
 10
31.61058222222222
 20
71.46992027777777
 30
0.0
  0
VERTEX
  5
130
330
12E
100
AcDbEntity
  8
DEFAULT
 62
    18
100
AcDbVertex
100
AcDb2dVertex
 10
31.61058222222222
 20
68.04480083333333
 30
0.0
  0
SEQEND
  5
131
330
12E
100
AcDbEntity
  8
DEFAULT
 62
    18
  0
POLYLINE
  5
132
330
1F
100
AcDbEntity
  8
DEFAULT
 62
     1
100
AcDb2dPolyline
 66
     1
 10
0.0
 20
0.0
 30
0.0
  0
VERTEX
  5
133
330
132
100
AcDbEntity
  8
DEFAULT
 62
     1
100
AcDbVertex
100
AcDb2dVertex
 10
26.09292611111112
 20
59.1647138888889
 30
0.0
  0
VERTEX
  5
134
330
132
100
AcDbEntity
  8
DEFAULT
 62
     1
100
AcDbVertex
100
AcDb2dVertex
 10
28.08964833333334
 20
59.14037222222223
 30
0.0
  0
VERTEX
  5
135
330
132
100
AcDbEntity
  8
DEFAULT
 62
     1
100
AcDbVertex
100
AcDb2dVertex
 10
28.09317611111111
 20
57.64424166666667
 30
0.0
  0
VERTEX
  5
136
330
132
100
AcDbEntity
  8
DEFAULT
 62
     1
100
AcDbVertex
100
AcDb2dVertex
 10
31.28934277777778
 20
57.64424166666667
 30
0.0
  0
VERTEX
  5
137
330
132
100
AcDbEntity
  8
DEFAULT
 62
     1
100
AcDbVertex
100
AcDb2dVertex
 10
31.285815
 20
59.14354722222222
 30
0.0
  0
VERTEX
  5
138
330
132
100
AcDbEntity
  8
DEFAULT
 62
     1
100
AcDbVertex
100
AcDb2dVertex
 10
33.286065
 20
59.16471388888889
 30
0.0
  0
SEQEND
  5
139
330
132
100
AcDbEntity
  8
DEFAULT
 62
     1
  0
SPLINE
  5
13A
330
1F
100
AcDbEntity
  8
DEFAULT
 62
     1
100
AcDbSpline
210
0.0
220
0.0
230
1.0
 70
     8
 71
     3
 72
    59
 73
    55
 74
     0
 42
0.000000001
 43
0.0000000001
 40
0.0
 40
0.0
 40
0.0
 40
0.0
 40
1.0
 40
1.0
 40
1.0
 40
2.0
 40
2.0
 40
2.0
 40
3.0
 40
3.0
 40
3.0
 40
4.0
 40
4.0
 40
4.0
 40
5.0
 40
5.0
 40
5.0
 40
6.0
 40
6.0
 40
6.0
 40
7.0
 40
7.0
 40
7.0
 40
8.0
 40
8.0
 40
8.0
 40
9.0
 40
9.0
 40
9.0
 40
10.0
 40
10.0
 40
10.0
 40
11.0
 40
11.0
 40
11.0
 40
12.0
 40
12.0
 40
12.0
 40
13.0
 40
13.0
 40
13.0
 40
14.0
 40
14.0
 40
14.0
 40
15.0
 40
15.0
 40
15.0
 40
16.0
 40
16.0
 40
16.0
 40
17.0
 40
17.0
 40
17.0
 40
18.0
 40
18.0
 40
18.0
 40
18.0
 10
50.03235555555555
 20
59.16471388888889
 30
0.0
 10
50.6603
 20
59.16471388888889
 30
0.0
 10
51.13302222222222
 20
58.58968611111111
 30
0.0
 10
51.01660555555555
 20
57.972325
 30
0.0
 10
50.17240833333333
 20
53.60035
 30
0.0
 10
49.32785833333333
 20
49.22802222222222
 30
0.0
 10
48.48366111111112
 20
44.85604722222222
 30
0.0
 10
46.57866111111112
 20
45.37463055555556
 30
0.0
 10
44.5008
 20
45.32559444444445
 30
0.0
 10
42.50055
 20
44.59851944444445
 30
0.0
 10
37.34999444444444
 20
42.71821388888889
 30
0.0
 10
34.69710555555556
 20
37.017325
 30
0.0
 10
36.57741111111111
 20
31.86324166666667
 30
0.0
 10
37.90385555555556
 20
28.23315833333333
 30
0.0
 10
41.12824444444445
 20
25.83779722222222
 30
0.0
 10
44.72657777777778
 20
25.41093611111111
 30
0.0
 10
43.91060277777778
 20
21.18924444444444
 30
0.0
 10
43.094275
 20
16.96790555555556
 30
0.0
 10
42.2783
 20
12.74621388888889
 30
0.0
 10
42.18657777777778
 20
12.27701944444445
 30
0.0
 10
41.77382777777778
 20
11.93835277777778
 30
0.0
 10
41.29757777777778
 20
11.93835277777778
 30
0.0
 10
38.64363055555555
 20
11.93482500000001
 30
0.0
 10
35.98933055555555
 20
11.93165
 30
0.0
 10
33.33538333333333
 20
11.92812222222222
 30
0.0
 10
32.42874444444444
 20
11.92812222222222
 30
0.0
 10
32.31938333333333
 20
12.67565833333334
 30
0.0
 10
31.69143888888889
 20
13.42742777777778
 30
0.0
 10
31.63146666666667
 20
13.42742777777778
 30
0.0
 10
31.18696666666667
 20
14.54185277777778
 30
0.0
 10
31.18343888888889
 20
15.92509444444445
 30
0.0
 10
31.18343888888889
 20
17.31115833333333
 30
0.0
 10
31.23282777777778
 20
18.08762222222223
 30
0.0
 10
31.2293
 20
18.42946388888889
 30
0.0
 10
30.23093888888889
 20
18.42699444444445
 30
0.0
 10
29.23257777777778
 20
18.42487777777778
 30
0.0
 10
28.23421666666667
 20
18.42240833333334
 30
0.0
 10
28.23068888888889
 20
18.08374166666667
 30
0.0
 10
28.28360555555556
 20
17.30798333333334
 30
0.0
 10
28.28360555555556
 20
15.92509444444445
 30
0.0
 10
28.28360555555556
 20
14.54890833333334
 30
0.0
 10
27.83557777777778
 20
13.42354722222223
 30
0.0
 10
27.78266111111111
 20
13.42354722222223
 30
0.0
 10
25.1968
 20
13.42001944444445
 30
0.0
 10
23.09777222222223
 20
5.38021388888889
 30
0.0
 10
19.78518888888889
 20
5.376686111111115
 30
0.0
 10
19.30541111111112
 20
5.376686111111115
 30
0.0
 10
18.35643888888889
 20
5.979936111111118
 30
0.0
 10
18.35643888888889
 20
6.812844444444448
 30
0.0
 10
18.32821666666667
 20
30.50504722222222
 30
0.0
 10
12.46857777777778
 20
36.92560277777778
 30
0.0
 10
8.362244444444446
 20
57.92646388888889
 30
0.0
 10
8.242300000000006
 20
58.54382500000001
 30
0.0
 10
8.71149444444445
 20
59.11532500000001
 30
0.0
 10
9.342966666666669
 20
59.11532500000001
 30
0.0
  0
POLYLINE
  5
13B
330
1F
100
AcDbEntity
  8
DEFAULT
 62
    18
100
AcDb2dPolyline
 66
     1
 10
0.0
 20
0.0
 30
0.0
  0
VERTEX
  5
13C
330
13B
100
AcDbEntity
  8
DEFAULT
 62
    18
100
AcDbVertex
100
AcDb2dVertex
 10
30.20239916666667
 20
22.04762333333334
 30
0.0
  0
VERTEX
  5
13D
330
13B
100
AcDbEntity
  8
DEFAULT
 62
    18
100
AcDbVertex
100
AcDb2dVertex
 10
30.20381027777778
 20
20.88698444444445
 30
0.0
  0
SEQEND
  5
13E
330
13B
100
AcDbEntity
  8
DEFAULT
 62
    18
  0
POLYLINE
  5
13F
330
1F
100
AcDbEntity
  8
DEFAULT
 62
    18
100
AcDb2dPolyline
 66
     1
 10
0.0
 20
0.0
 30
0.0
  0
VERTEX
  5
140
330
13F
100
AcDbEntity
  8
DEFAULT
 62
    18
100
AcDbVertex
100
AcDb2dVertex
 10
30.83905722222222
 20
20.62409444444445
 30
0.0
  0
VERTEX
  5
141
330
13F
100
AcDbEntity
  8
DEFAULT
 62
    18
100
AcDbVertex
100
AcDb2dVertex
 10
28.81728777777778
 20
21.45947222222223
 30
0.0
  0
VERTEX
  5
142
330
13F
100
AcDbEntity
  8
DEFAULT
 62
    18
100
AcDbVertex
100
AcDb2dVertex
 10
30.83694055555555
 20
22.31495833333333
 30
0.0
  0
SEQEND
  5
143
330
13F
100
AcDbEntity
  8
DEFAULT
 62
    18
  0
SPLINE
  5
144
330
1F
100
AcDbEntity
  8
DEFAULT
 62
    18
100
AcDbSpline
210
0.0
220
0.0
230
1.0
 70
     8
 71
     3
 72
    23
 73
    19
 74
     0
 42
0.000000001
 43
0.0000000001
 40
0.0
 40
0.0
 40
0.0
 40
0.0
 40
1.0
 40
1.0
 40
1.0
 40
2.0
 40
2.0
 40
2.0
 40
3.0
 40
3.0
 40
3.0
 40
4.0
 40
4.0
 40
4.0
 40
5.0
 40
5.0
 40
5.0
 40
6.0
 40
6.0
 40
6.0
 40
6.0
 10
28.9683825
 20
22.92131277777777
 30
0.0
 10
28.89324083333333
 20
23.02326555555555
 30
0.0
 10
28.81809916666666
 20
23.22117388888888
 30
0.0
 10
28.81774638888888
 20
23.43072388888889
 30
0.0
 10
28.81739361111111
 20
23.81454611111111
 30
0.0
 10
29.04493527777777
 20
23.98881833333333
 30
0.0
 10
29.28200194444444
 20
23.98917111111111
 30
0.0
 10
29.4827325
 20
23.98917111111111
 30
0.0
 10
29.65382972222222
 20
23.86957944444444
 30
0.0
 10
29.74696305555555
 20
23.62969055555555
 30
0.0
 10
29.79494083333333
 20
23.86957944444444
 30
0.0
 10
29.97450472222222
 20
24.06466555555555
 30
0.0
 10
30.24720194444444
 20
24.06501833333333
 30
0.0
 10
30.5590575
 20
24.06537111111111
 30
0.0
 10
30.8321075
 20
23.82301277777777
 30
0.0
 10
30.83281305555555
 20
23.35522944444444
 30
0.0
 10
30.83281305555555
 20
23.13615444444444
 30
0.0
 10
30.76437416666666
 20
22.94424333333333
 30
0.0
 10
30.70157972222222
 20
22.84828777777778
 30
0.0
  0
POLYLINE
  5
145
330
1F
100
AcDbEntity
  8
DEFAULT
 62
    18
100
AcDb2dPolyline
 66
     1
 10
0.0
 20
0.0
 30
0.0
  0
VERTEX
  5
146
330
145
100
AcDbEntity
  8
DEFAULT
 62
    18
100
AcDbVertex
100
AcDb2dVertex
 10
31.61058222222222
 20
23.95689194444444
 30
0.0
  0
VERTEX
  5
147
330
145
100
AcDbEntity
  8
DEFAULT
 62
    18
100
AcDbVertex
100
AcDb2dVertex
 10
31.61058222222222
 20
20.5317725
 30
0.0
  0
SEQEND
  5
148
330
145
100
AcDbEntity
  8
DEFAULT
 62
    18
  0
SPLINE
  5
149
330
1F
100
AcDbEntity
  8
DEFAULT
 62
     1
100
AcDbSpline
210
0.0
220
0.0
230
1.0
 70
     8
 71
     3
 72
    26
 73
    22
 74
     0
 42
0.000000001
 43
0.0000000001
 40
0.0
 40
0.0
 40
0.0
 40
0.0
 40
1.0
 40
1.0
 40
1.0
 40
2.0
 40
2.0
 40
2.0
 40
3.0
 40
3.0
 40
3.0
 40
4.0
 40
4.0
 40
4.0
 40
5.0
 40
5.0
 40
5.0
 40
6.0
 40
6.0
 40
6.0
 40
7.0
 40
7.0
 40
7.0
 40
7.0
 10
86.5457375
 20
247.9525422222222
 30
0.0
 10
85.65320972222221
 20
247.9454866666667
 30
0.0
 10
85.58970972222221
 20
247.2011255555556
 30
0.0
 10
84.96564583333333
 20
246.4532366666667
 30
0.0
 10
84.89473749999999
 20
246.4250144444444
 30
0.0
 10
84.46470138888888
 20
245.32082
 30
0.0
 10
84.45729305555555
 20
243.95557
 30
0.0
 10
84.45729305555555
 20
242.5691533333333
 30
0.0
 10
84.51020972222221
 20
241.7930422222222
 30
0.0
 10
84.50315416666666
 20
241.4508477777778
 30
0.0
 10
83.50585138888889
 20
241.4533172222222
 30
0.0
 10
82.50890138888889
 20
241.4554338888889
 30
0.0
 10
81.5115986111111
 20
241.4579033333333
 30
0.0
 10
81.50454305555556
 20
241.7969227777778
 30
0.0
 10
81.55745972222222
 20
242.5726811111111
 30
0.0
 10
81.55745972222222
 20
243.95557
 30
0.0
 10
81.55745972222222
 20
245.3314033333334
 30
0.0
 10
81.10943194444444
 20
246.4567644444444
 30
0.0
 10
81.05651527777778
 20
246.4567644444444
 30
0.0
 10
80.42857083333332
 20
247.2011255555556
 30
0.0
 10
80.2733486111111
 20
247.9490144444444
 30
0.0
 10
79.37376527777778
 20
247.9525422222222
 30
0.0
  0
SPLINE
  5
14A
330
1F
100
AcDbEntity
  8
DEFAULT
 62
     1
100
AcDbSpline
210
0.0
220
0.0
230
1.0
 70
     8
 71
     3
 72
    20
 73
    16
 74
     0
 42
0.000000001
 43
0.0000000001
 40
0.0
 40
0.0
 40
0.0
 40
0.0
 40
1.0
 40
1.0
 40
1.0
 40
2.0
 40
2.0
 40
2.0
 40
3.0
 40
3.0
 40
3.0
 40
4.0
 40
4.0
 40
4.0
 40
5.0
 40
5.0
 40
5.0
 40
5.0
 10
97.5490175
 20
200.7616
 30
0.0
 10
98.03585083333333
 20
200.7616
 30
0.0
 10
98.4521286111111
 20
201.1143777777777
 30
0.0
 10
98.53326750000001
 20
201.5938027777778
 30
0.0
 10
100.5042369444444
 20
213.3659972222222
 30
0.0
 10
102.4748536111111
 20
225.1385444444444
 30
0.0
 10
104.4458230555556
 20
236.9107388888889
 30
0.0
 10
103.4400536111111
 20
237.2494055555555
 30
0.0
 10
102.4632119444444
 20
237.7115444444444
 30
0.0
 10
101.5279980555556
 20
238.3042111111111
 30
0.0
 10
98.02173972222221
 20
240.5337666666666
 30
0.0
 10
95.90507305555555
 20
244.1250444444444
 30
0.0
 10
95.4217675
 20
247.9491555555555
 30
0.0
 10
95.36638138888888
 20
247.9488027777778
 30
0.0
 10
95.31134805555554
 20
247.94845
 30
0.0
 10
95.25596194444444
 20
247.9480972222222
 30
0.0
  0
POLYLINE
  5
14B
330
1F
100
AcDbEntity
  8
DEFAULT
 62
     1
100
AcDb2dPolyline
 66
     1
 10
0.0
 20
0.0
 30
0.0
  0
VERTEX
  5
14C
330
14B
100
AcDbEntity
  8
DEFAULT
 62
     1
100
AcDbVertex
100
AcDb2dVertex
 10
81.43045972222222
 20
200.7581780555555
 30
0.0
  0
VERTEX
  5
14D
330
14B
100
AcDbEntity
  8
DEFAULT
 62
     1
100
AcDbVertex
100
AcDb2dVertex
 10
81.43045972222222
 20
202.2574836111111
 30
0.0
  0
VERTEX
  5
14E
330
14B
100
AcDbEntity
  8
DEFAULT
 62
     1
100
AcDbVertex
100
AcDb2dVertex
 10
84.62697916666667
 20
202.2574836111111
 30
0.0
  0
VERTEX
  5
14F
330
14B
100
AcDbEntity
  8
DEFAULT
 62
     1
100
AcDbVertex
100
AcDb2dVertex
 10
84.62697916666667
 20
200.7581780555555
 30
0.0
  0
SEQEND
  5
150
330
14B
100
AcDbEntity
  8
DEFAULT
 62
     1
  0
SPLINE
  5
151
330
1F
100
AcDbEntity
  8
DEFAULT
 62
     1
100
AcDbSpline
210
0.0
220
0.0
230
1.0
 70
     8
 71
     3
 72
    14
 73
    10
 74
     0
 42
0.000000001
 43
0.0000000001
 40
0.0
 40
0.0
 40
0.0
 40
0.0
 40
1.0
 40
1.0
 40
1.0
 40
2.0
 40
2.0
 40
2.0
 40
3.0
 40
3.0
 40
3.0
 40
3.0
 10
60.94454833333333
 20
247.949085
 30
0.0
 10
60.32718722222222
 20
247.949085
 30
0.0
 10
59.854465
 20
247.3952238888889
 30
0.0
 10
59.95677055555555
 20
246.7849183333333
 30
0.0
 10
62.47913166666666
 20
231.7202488888888
 30
0.0
 10
65.00149277777777
 20
216.6552266666667
 30
0.0
 10
67.5238538888889
 20
201.5905572222222
 30
0.0
 10
67.60534555555556
 20
201.1107794444444
 30
0.0
 10
68.02162333333334
 20
200.7580016666666
 30
0.0
 10
68.50810388888888
 20
200.7580016666666
 30
0.0
  0
SPLINE
  5
152
330
1F
100
AcDbEntity
  8
DEFAULT
 62
    18
100
AcDbSpline
210
0.0
220
0.0
230
1.0
 70
    11
 71
     3
 72
    26
 73
    22
 74
     0
 42
0.000000001
 43
0.0000000001
 40
0.0
 40
0.0
 40
0.0
 40
0.0
 40
1.0
 40
1.0
 40
1.0
 40
2.0
 40
2.0
 40
2.0
 40
3.0
 40
3.0
 40
3.0
 40
4.0
 40
4.0
 40
4.0
 40
5.0
 40
5.0
 40
5.0
 40
6.0
 40
6.0
 40
6.0
 40
11.63499999999999
 40
11.63499999999999
 40
11.63499999999999
 40
11.63499999999999
 10
82.04125916666665
 20
235.5370927777778
 30
0.0
 10
82.01727027777777
 20
235.6961955555556
 30
0.0
 10
81.9992786111111
 20
235.8849316666667
 30
0.0
 10
81.9992786111111
 20
236.0916594444444
 30
0.0
 10
81.9992786111111
 20
236.4666622222222
 30
0.0
 10
82.08606194444444
 20
236.733715
 30
0.0
 10
82.25116194444443
 20
236.9104566666667
 30
0.0
 10
82.41590916666667
 20
237.0900205555556
 30
0.0
 10
82.64980083333332
 20
237.1955011111111
 30
0.0
 10
82.97647305555554
 20
237.1955011111111
 30
0.0
 10
83.30632027777777
 20
237.1955011111111
 30
0.0
 10
83.57654805555555
 20
237.0935483333333
 30
0.0
 10
83.76210916666666
 20
236.9044594444444
 30
0.0
 10
83.95119805555554
 20
236.7157233333333
 30
0.0
 10
84.05279805555554
 20
236.4038677777778
 30
0.0
 10
84.05279805555554
 20
236.0112261111111
 30
0.0
 10
84.05279805555554
 20
235.8249594444445
 30
0.0
 10
84.0439786111111
 20
235.6693844444444
 30
0.0
 10
84.02916194444443
 20
235.5370927777778
 30
0.0
 10
83.36652768518518
 20
235.5370927777778
 30
0.0
 10
82.70389342592591
 20
235.5370927777778
 30
0.0
 10
82.04125916666665
 20
235.5370927777778
 30
0.0
  0
SPLINE
  5
153
330
1F
100
AcDbEntity
  8
DEFAULT
 62
    18
100
AcDbSpline
210
0.0
220
0.0
230
1.0
 70
     8
 71
     3
 72
    17
 73
    13
 74
     0
 42
0.000000001
 43
0.0000000001
 40
0.0
 40
0.0
 40
0.0
 40
0.0
 40
3.527000000000044
 40
3.527000000000044
 40
3.527000000000044
 40
4.527000000000044
 40
4.527000000000044
 40
4.527000000000044
 40
5.527000000000044
 40
5.527000000000044
 40
5.527000000000044
 40
6.527000000000044
 40
6.527000000000044
 40
6.527000000000044
 40
6.527000000000044
 10
84.01702638888888
 20
238.962565
 30
0.0
 10
84.01702638888888
 20
238.5478159259259
 30
0.0
 10
84.01702638888888
 20
238.1330668518518
 30
0.0
 10
84.01702638888888
 20
237.7183177777777
 30
0.0
 10
84.01702638888888
 20
237.7183177777777
 30
0.0
 10
82.87931805555556
 20
238.9145872222222
 30
0.0
 10
82.51948472222222
 20
238.9145872222222
 30
0.0
 10
82.24079027777778
 20
238.9145872222222
 30
0.0
 10
82.03512083333332
 20
238.7374927777777
 30
0.0
 10
82.03512083333332
 20
238.31804
 30
0.0
 10
82.03512083333332
 20
238.0929677777777
 30
0.0
 10
82.15259583333332
 20
237.7659427777777
 30
0.0
 10
82.5198375
 20
237.7659427777777
 30
0.0
  0
SPLINE
  5
154
330
1F
100
AcDbEntity
  8
DEFAULT
 62
     1
100
AcDbSpline
210
0.0
220
0.0
230
1.0
 70
     8
 71
     3
 72
    26
 73
    22
 74
     0
 42
0.000000001
 43
0.0000000001
 40
0.0
 40
0.0
 40
0.0
 40
0.0
 40
1.0
 40
1.0
 40
1.0
 40
2.0
 40
2.0
 40
2.0
 40
3.0
 40
3.0
 40
3.0
 40
4.0
 40
4.0
 40
4.0
 40
5.0
 40
5.0
 40
5.0
 40
6.0
 40
6.0
 40
6.0
 40
7.0
 40
7.0
 40
7.0
 40
7.0
 10
86.38691694444444
 20
295.1356880555555
 30
0.0
 10
85.6429086111111
 20
295.0439658333333
 30
0.0
 10
85.5508336111111
 20
294.3454658333333
 30
0.0
 10
84.96557527777777
 20
293.6466130555555
 30
0.0
 10
84.8950197222222
 20
293.6187436111111
 30
0.0
 10
84.46463083333332
 20
292.5145491666667
 30
0.0
 10
84.45722249999999
 20
291.1492991666667
 30
0.0
 10
84.45722249999999
 20
289.7628825
 30
0.0
 10
84.51049194444444
 20
288.9867713888889
 30
0.0
 10
84.5030836111111
 20
288.6445769444444
 30
0.0
 10
83.5061336111111
 20
288.6470463888888
 30
0.0
 10
82.50883083333332
 20
288.6491630555556
 30
0.0
 10
81.51188083333332
 20
288.6516324999999
 30
0.0
 10
81.50447249999999
 20
288.9902991666667
 30
0.0
 10
81.55774194444443
 20
289.7660575
 30
0.0
 10
81.55774194444443
 20
291.1492991666667
 30
0.0
 10
81.55774194444443
 20
292.5251325
 30
0.0
 10
81.10936138888887
 20
293.6504936111111
 30
0.0
 10
81.05679749999999
 20
293.6504936111111
 30
0.0
 10
80.47436138888888
 20
294.3419380555555
 30
0.0
 10
80.29797249999999
 20
295.0369102777777
 30
0.0
 10
79.55361138888888
 20
295.1356880555555
 30
0.0
  0
SPLINE
  5
155
330
1F
100
AcDbEntity
  8
DEFAULT
 62
     1
100
AcDbSpline
210
0.0
220
0.0
230
1.0
 70
     8
 71
     3
 72
    47
 73
    43
 74
     0
 42
0.000000001
 43
0.0000000001
 40
0.0
 40
0.0
 40
0.0
 40
0.0
 40
1.0
 40
1.0
 40
1.0
 40
2.0
 40
2.0
 40
2.0
 40
3.0
 40
3.0
 40
3.0
 40
4.0
 40
4.0
 40
4.0
 40
5.0
 40
5.0
 40
5.0
 40
6.0
 40
6.0
 40
6.0
 40
10.25
 40
10.25
 40
10.25
 40
19.31
 40
19.31
 40
19.31
 40
23.54899999999992
 40
23.54899999999992
 40
23.54899999999992
 40
24.54899999999992
 40
24.54899999999992
 40
24.54899999999992
 40
25.54899999999992
 40
25.54899999999992
 40
25.54899999999992
 40
26.54899999999992
 40
26.54899999999992
 40
26.54899999999992
 40
27.54899999999992
 40
27.54899999999992
 40
27.54899999999992
 40
28.54899999999992
 40
28.54899999999992
 40
28.54899999999992
 40
28.54899999999992
 10
77.04899499999999
 20
295.1563608333333
 30
0.0
 10
76.91740888888889
 20
295.1482469444444
 30
0.0
 10
76.78546999999999
 20
295.1404858333333
 30
0.0
 10
76.65388388888888
 20
295.1323719444444
 30
0.0
 10
74.29732833333333
 20
288.1540747222222
 30
0.0
 10
67.11830055555555
 20
283.7761025
 30
0.0
 10
59.66057833333333
 20
285.1346497222222
 30
0.0
 10
59.07143944444444
 20
285.2404830555556
 30
0.0
 10
58.49993944444444
 20
285.3812413888888
 30
0.0
 10
57.94255055555555
 20
285.5505747222222
 30
0.0
 10
58.54580055555554
 20
273.3282358333333
 30
0.0
 10
59.14905055555555
 20
261.1055441666666
 30
0.0
 10
59.75230055555555
 20
248.8832052777777
 30
0.0
 10
59.77699499999999
 20
248.3501580555555
 30
0.0
 10
60.21796722222221
 20
247.9342330555555
 30
0.0
 10
60.75066166666665
 20
247.9342330555555
 30
0.0
 10
67.650995
 20
247.9363497222222
 30
0.0
 10
74.55132833333332
 20
247.9388191666666
 30
0.0
 10
81.45166166666665
 20
247.9409358333333
 30
0.0
 10
81.45166166666665
 20
248.4407043518518
 30
0.0
 10
81.45166166666665
 20
248.9404728703703
 30
0.0
 10
81.45166166666665
 20
249.4402413888888
 30
0.0
 10
82.51705055555554
 20
249.4402413888888
 30
0.0
 10
83.58243944444443
 20
249.4402413888888
 30
0.0
 10
84.64782833333332
 20
249.4402413888888
 30
0.0
 10
84.64782833333332
 20
248.9417663888888
 30
0.0
 10
84.64782833333332
 20
248.4432913888888
 30
0.0
 10
84.64782833333332
 20
247.9448163888889
 30
0.0
 10
88.18372
 20
247.9458747222222
 30
0.0
 10
91.71996444444444
 20
247.9472858333333
 30
0.0
 10
95.2558561111111
 20
247.9483441666666
 30
0.0
 10
95.00538388888889
 20
249.4014358333333
 30
0.0
 10
94.99832833333333
 20
250.9187330555555
 30
0.0
 10
95.27702277777776
 20
252.4529636111111
 30
0.0
 10
96.34946722222222
 20
258.3517608333333
 30
0.0
 10
101.305995
 20
262.5671025
 30
0.0
 10
107.0280505555555
 20
262.9413997222222
 30
0.0
 10
107.5300533333333
 20
273.3271774999999
 30
0.0
 10
108.0324088888889
 20
283.7129552777777
 30
0.0
 10
108.5344116666667
 20
294.0987330555555
 30
0.0
 10
108.5626338888889
 20
294.6698802777777
 30
0.0
 10
108.1075505555555
 20
295.1461302777777
 30
0.0
 10
107.5360505555555
 20
295.1461302777777
 30
0.0
  0
SPLINE
  5
156
330
1F
100
AcDbEntity
  8
DEFAULT
 62
    18
100
AcDbSpline
210
0.0
220
0.0
230
1.0
 70
     8
 71
     3
 72
    17
 73
    13
 74
     0
 42
0.000000001
 43
0.0000000001
 40
0.0
 40
0.0
 40
0.0
 40
0.0
 40
1.0
 40
1.0
 40
1.0
 40
2.0
 40
2.0
 40
2.0
 40
3.0
 40
3.0
 40
3.0
 40
4.0
 40
4.0
 40
4.0
 40
4.0
 10
83.97395222222221
 20
284.2643469444444
 30
0.0
 10
84.02192999999998
 20
284.1687441666666
 30
0.0
 10
84.06955499999998
 20
283.9764802777777
 30
0.0
 10
84.06955499999998
 20
283.7305941666666
 30
0.0
 10
84.06955499999998
 20
283.1612108333333
 30
0.0
 10
83.70936888888887
 20
282.7325858333333
 30
0.0
 10
83.0468522222222
 20
282.7325858333333
 30
0.0
 10
82.41432166666665
 20
282.7329386111111
 30
0.0
 10
81.98569666666666
 20
283.1619163888889
 30
0.0
 10
81.98569666666666
 20
283.7884497222221
 30
0.0
 10
81.98604944444443
 20
284.0403330555555
 30
0.0
 10
82.04037722222222
 20
284.1990830555555
 30
0.0
 10
82.07600777777776
 20
284.2685802777777
 30
0.0
  0
SPLINE
  5
157
330
1F
100
AcDbEntity
  8
DEFAULT
 62
    18
100
AcDbSpline
210
0.0
220
0.0
230
1.0
 70
     8
 71
     3
 72
    17
 73
    13
 74
     0
 42
0.000000001
 43
0.0000000001
 40
0.0
 40
0.0
 40
0.0
 40
0.0
 40
1.0
 40
1.0
 40
1.0
 40
2.0
 40
2.0
 40
2.0
 40
3.0
 40
3.0
 40
3.0
 40
4.0
 40
4.0
 40
4.0
 40
4.0
 10
84.01977805555555
 20
286.0959338888889
 30
0.0
 10
84.01942527777777
 20
285.6810672222222
 30
0.0
 10
84.01942527777777
 20
285.2665533333333
 30
0.0
 10
84.0190725
 20
284.8516866666666
 30
0.0
 10
84.0190725
 20
284.8516866666666
 30
0.0
 10
82.88206972222221
 20
286.0486616666666
 30
0.0
 10
82.52223638888889
 20
286.0490144444444
 30
0.0
 10
82.24354194444444
 20
286.0490144444444
 30
0.0
 10
82.03787249999999
 20
285.87192
 30
0.0
 10
82.03751972222221
 20
285.4524672222222
 30
0.0
 10
82.03751972222221
 20
285.2273949999999
 30
0.0
 10
82.15464194444444
 20
284.9007227777777
 30
0.0
 10
82.52223638888889
 20
284.90037
 30
0.0
  0
SPLINE
  5
158
330
1F
100
AcDbEntity
  8
DEFAULT
 62
     1
100
AcDbSpline
210
0.0
220
0.0
230
1.0
 70
     8
 71
     3
 72
    26
 73
    22
 74
     0
 42
0.000000001
 43
0.0000000001
 40
0.0
 40
0.0
 40
0.0
 40
0.0
 40
1.0
 40
1.0
 40
1.0
 40
2.0
 40
2.0
 40
2.0
 40
3.0
 40
3.0
 40
3.0
 40
4.0
 40
4.0
 40
4.0
 40
5.0
 40
5.0
 40
5.0
 40
6.0
 40
6.0
 40
6.0
 40
7.0
 40
7.0
 40
7.0
 40
7.0
 10
86.4892225
 20
342.3476205555555
 30
0.0
 10
85.64961138888889
 20
342.3123427777778
 30
0.0
 10
85.57552805555555
 20
341.5820927777777
 30
0.0
 10
84.96557527777777
 20
340.8518427777777
 30
0.0
 10
84.89466694444444
 20
340.8236205555555
 30
0.0
 10
84.46463083333333
 20
339.7194261111111
 30
0.0
 10
84.4572225
 20
338.3541761111111
 30
0.0
 10
84.4572225
 20
336.9677594444444
 30
0.0
 10
84.51049194444444
 20
336.1916483333333
 30
0.0
 10
84.50308361111111
 20
335.8494538888889
 30
0.0
 10
83.50613361111111
 20
335.8519233333333
 30
0.0
 10
82.50883083333333
 20
335.8540399999999
 30
0.0
 10
81.51188083333332
 20
335.8565094444444
 30
0.0
 10
81.50447249999999
 20
336.1951761111111
 30
0.0
 10
81.55774194444443
 20
336.9712872222222
 30
0.0
 10
81.55774194444443
 20
338.3541761111111
 30
0.0
 10
81.55774194444443
 20
339.7300094444444
 30
0.0
 10
81.10936138888889
 20
340.8553705555555
 30
0.0
 10
81.05679749999999
 20
340.8553705555555
 30
0.0
 10
80.45354749999998
 20
341.5750372222222
 30
0.0
 10
80.28386138888888
 20
342.2947038888889
 30
0.0
 10
79.46541694444444
 20
342.3476205555555
 30
0.0
  0
SPLINE
  5
159
330
1F
100
AcDbEntity
  8
DEFAULT
 62
     1
100
AcDbSpline
210
0.0
220
0.0
230
1.0
 70
     8
 71
     3
 72
    56
 73
    52
 74
     0
 42
0.000000001
 43
0.0000000001
 40
0.0
 40
0.0
 40
0.0
 40
0.0
 40
1.0
 40
1.0
 40
1.0
 40
2.0
 40
2.0
 40
2.0
 40
3.0
 40
3.0
 40
3.0
 40
4.0
 40
4.0
 40
4.0
 40
5.0
 40
5.0
 40
5.0
 40
17.65000000000001
 40
17.65000000000001
 40
17.65000000000001
 40
21.89099999999999
 40
21.89099999999999
 40
21.89099999999999
 40
30.95099999999999
 40
30.95099999999999
 40
30.95099999999999
 40
35.19199999999998
 40
35.19199999999998
 40
35.19199999999998
 40
36.19199999999998
 40
36.19199999999998
 40
36.19199999999998
 40
37.19199999999998
 40
37.19199999999998
 40
37.19199999999998
 40
38.19199999999998
 40
38.19199999999998
 40
38.19199999999998
 40
39.19199999999998
 40
39.19199999999998
 40
39.19199999999998
 40
40.19199999999998
 40
40.19199999999998
 40
40.19199999999998
 40
41.19199999999998
 40
41.19199999999998
 40
41.19199999999998
 40
42.19199999999998
 40
42.19199999999998
 40
42.19199999999998
 40
43.53200000000001
 40
43.53200000000001
 40
43.53200000000001
 40
43.53200000000001
 10
62.68395444444444
 20
342.3371077777778
 30
0.0
 10
62.573535
 20
342.3381661111111
 30
0.0
 10
62.46276277777777
 20
342.3392244444444
 30
0.0
 10
62.35234333333333
 20
342.3402827777778
 30
0.0
 10
61.83023222222222
 20
342.3402827777778
 30
0.0
 10
61.39949055555555
 20
341.9416438888888
 30
0.0
 10
61.35362944444444
 20
341.4265883333333
 30
0.0
 10
60.65160166666666
 20
333.0364744444444
 30
0.0
 10
59.94992666666666
 20
324.6460077777778
 30
0.0
 10
59.24789888888888
 20
316.2558938888889
 30
0.0
 10
67.03370444444444
 20
317.9037188888889
 30
0.0
 10
74.95321277777776
 20
313.40933
 30
0.0
 10
77.41595444444444
 20
305.6623299999999
 30
0.0
 10
78.5515461111111
 20
302.0812827777777
 30
0.0
 10
78.33282388888888
 20
298.3951077777778
 30
0.0
 10
77.04906555555554
 20
295.156255
 30
0.0
 10
78.53661185185184
 20
295.156255
 30
0.0
 10
80.02415814814815
 20
295.156255
 30
0.0
 10
81.51170444444445
 20
295.156255
 30
0.0
 10
81.51170444444445
 20
295.6549651851852
 30
0.0
 10
81.51170444444445
 20
296.1536753703704
 30
0.0
 10
81.51170444444445
 20
296.6523855555556
 30
0.0
 10
82.57709333333332
 20
296.6523855555556
 30
0.0
 10
83.64248222222221
 20
296.6523855555556
 30
0.0
 10
84.7078711111111
 20
296.6523855555556
 30
0.0
 10
84.7078711111111
 20
296.1536753703704
 30
0.0
 10
84.7078711111111
 20
295.6549651851852
 30
0.0
 10
84.7078711111111
 20
295.156255
 30
0.0
 10
92.35609333333333
 20
295.1576661111111
 30
0.0
 10
100.0043155555556
 20
295.1587244444444
 30
0.0
 10
107.6525377777778
 20
295.1601355555555
 30
0.0
 10
108.2381488888889
 20
295.1601355555555
 30
0.0
 10
108.69676
 20
295.66108
 30
0.0
 10
108.6473711111111
 20
296.2428105555555
 30
0.0
 10
108.1464266666667
 20
302.1966411111111
 30
0.0
 10
107.6451294444444
 20
308.1501188888889
 30
0.0
 10
107.144185
 20
314.1039494444444
 30
0.0
 10
104.8126766666667
 20
315.5542188888889
 30
0.0
 10
102.9711766666667
 20
317.8081161111111
 30
0.0
 10
102.0751211111111
 20
320.6303383333333
 30
0.0
 10
100.60051
 20
325.2764216666666
 30
0.0
 10
102.1103988888889
 20
330.1588661111111
 30
0.0
 10
105.5358711111111
 20
333.2001633333333
 30
0.0
 10
105.3040961111111
 20
335.9447744444444
 30
0.0
 10
105.0726738888889
 20
338.6893855555555
 30
0.0
 10
104.8408988888889
 20
341.4339966666666
 30
0.0
 10
104.7985655555555
 20
341.95258
 30
0.0
 10
104.3642961111111
 20
342.3512188888889
 30
0.0
 10
103.8460655555556
 20
342.3512188888889
 30
0.0
 10
103.6884914814815
 20
342.3512188888888
 30
0.0
 10
103.5309174074074
 20
342.3512188888888
 30
0.0
 10
103.3733433333333
 20
342.3512188888889
 30
0.0
  0
SPLINE
  5
15A
330
1F
100
AcDbEntity
  8
DEFAULT
 62
    18
100
AcDbSpline
210
0.0
220
0.0
230
1.0
 70
    11
 71
     3
 72
    32
 73
    28
 74
     0
 42
0.000000001
 43
0.0000000001
 40
1.0
 40
1.0
 40
1.0
 40
1.0
 40
2.0
 40
2.0
 40
2.0
 40
3.0
 40
3.0
 40
3.0
 40
4.0
 40
4.0
 40
4.0
 40
5.0
 40
5.0
 40
5.0
 40
6.0
 40
6.0
 40
6.0
 40
7.0
 40
7.0
 40
7.0
 40
8.0
 40
8.0
 40
8.0
 40
9.0
 40
9.0
 40
9.0
 40
10.0
 40
10.0
 40
10.0
 40
10.0
 10
82.11259083333333
 20
329.9570066666666
 30
0.0
 10
82.08895472222221
 20
330.0709538888888
 30
0.0
 10
82.07061027777777
 20
330.2508705555555
 30
0.0
 10
82.07061027777777
 20
330.4336094444444
 30
0.0
 10
82.07061027777777
 20
330.694665
 30
0.0
 10
82.11576583333331
 20
330.8625872222222
 30
0.0
 10
82.2177186111111
 20
330.9885288888888
 30
0.0
 10
82.29603527777778
 20
331.0936566666666
 30
0.0
 10
82.41562694444444
 20
331.1560983333333
 30
0.0
 10
82.57472972222222
 20
331.1560983333333
 30
0.0
 10
82.76946305555555
 20
331.1560983333333
 30
0.0
 10
82.94056027777778
 20
330.8992761111111
 30
0.0
 10
83.01817138888889
 20
330.6861983333333
 30
0.0
 10
83.01817138888889
 20
330.6861983333333
 30
0.0
 10
83.23124916666666
 20
331.23124
 30
0.0
 10
83.53111027777776
 20
331.2308872222222
 30
0.0
 10
83.70502972222222
 20
331.2308872222222
 30
0.0
 10
83.8369686111111
 20
331.1617427777777
 30
0.0
 10
83.93574638888889
 20
331.05979
 30
0.0
 10
84.06451027777776
 20
330.9193844444444
 30
0.0
 10
84.12448249999998
 20
330.6911372222222
 30
0.0
 10
84.12448249999998
 20
330.3612899999999
 30
0.0
 10
84.12448249999998
 20
330.1813733333333
 30
0.0
 10
84.11248805555554
 20
330.0434372222222
 30
0.0
 10
84.1004936111111
 20
329.9566538888889
 30
0.0
 10
83.43797694444444
 20
329.9566538888889
 30
0.0
 10
82.77510749999999
 20
329.9570066666666
 30
0.0
 10
82.11259083333333
 20
329.9570066666666
 30
0.0
  0
SPLINE
  5
15B
330
1F
100
AcDbEntity
  8
DEFAULT
 62
    18
100
AcDbSpline
210
0.0
220
0.0
230
1.0
 70
     8
 71
     3
 72
    17
 73
    13
 74
     0
 42
0.000000001
 43
0.0000000001
 40
0.0
 40
0.0
 40
0.0
 40
0.0
 40
1.0
 40
1.0
 40
1.0
 40
2.0
 40
2.0
 40
2.0
 40
3.0
 40
3.0
 40
3.0
 40
4.0
 40
4.0
 40
4.0
 40
4.0
 10
84.0893811111111
 20
333.190215
 30
0.0
 10
84.08902833333332
 20
332.7753483333333
 30
0.0
 10
84.08902833333332
 20
332.3608344444444
 30
0.0
 10
84.08867555555554
 20
331.9459677777777
 30
0.0
 10
84.08867555555554
 20
331.9459677777777
 30
0.0
 10
82.95132
 20
333.1422372222222
 30
0.0
 10
82.59148666666665
 20
333.1422372222222
 30
0.0
 10
82.31279222222221
 20
333.1422372222222
 30
0.0
 10
82.10712277777776
 20
332.9654955555555
 30
0.0
 10
82.10712277777776
 20
332.5460427777777
 30
0.0
 10
82.10712277777776
 20
332.3209705555555
 30
0.0
 10
82.22424499999998
 20
331.9939455555555
 30
0.0
 10
82.59183944444443
 20
331.9939455555555
 30
0.0
  0
SPLINE
  5
15C
330
1F
100
AcDbEntity
  8
DEFAULT
 62
     1
100
AcDbSpline
210
0.0
220
0.0
230
1.0
 70
    11
 71
     3
 72
    77
 73
    73
 74
     0
 42
0.000000001
 43
0.0000000001
 40
4.25
 40
4.25
 40
4.25
 40
4.25
 40
13.31100000000001
 40
13.31100000000001
 40
13.31100000000001
 40
17.55100000000002
 40
17.55100000000002
 40
17.55100000000002
 40
18.55100000000002
 40
18.55100000000002
 40
18.55100000000002
 40
19.55100000000002
 40
19.55100000000002
 40
19.55100000000002
 40
20.55100000000002
 40
20.55100000000002
 40
20.55100000000002
 40
21.55100000000002
 40
21.55100000000002
 40
21.55100000000002
 40
22.55100000000002
 40
22.55100000000002
 40
22.55100000000002
 40
23.55100000000002
 40
23.55100000000002
 40
23.55100000000002
 40
24.55100000000002
 40
24.55100000000002
 40
24.55100000000002
 40
25.55100000000002
 40
25.55100000000002
 40
25.55100000000002
 40
26.55100000000002
 40
26.55100000000002
 40
26.55100000000002
 40
27.55100000000002
 40
27.55100000000002
 40
27.55100000000002
 40
28.55100000000002
 40
28.55100000000002
 40
28.55100000000002
 40
29.55100000000002
 40
29.55100000000002
 40
29.55100000000002
 40
30.55100000000002
 40
30.55100000000002
 40
30.55100000000002
 40
31.55100000000002
 40
31.55100000000002
 40
31.55100000000002
 40
32.55100000000002
 40
32.55100000000002
 40
32.55100000000002
 40
33.55100000000002
 40
33.55100000000002
 40
33.55100000000002
 40
34.55100000000002
 40
34.55100000000002
 40
34.55100000000002
 40
35.55100000000002
 40
35.55100000000002
 40
35.55100000000002
 40
36.55100000000002
 40
36.55100000000002
 40
36.55100000000002
 40
37.55100000000002
 40
37.55100000000002
 40
37.55100000000002
 40
38.55100000000002
 40
38.55100000000002
 40
38.55100000000002
 40
42.80100000000002
 40
42.80100000000002
 40
42.80100000000002
 40
42.80100000000002
 10
81.43045972222222
 20
343.8398705555555
 30
0.0
 10
82.4959662037037
 20
343.8398705555555
 30
0.0
 10
83.5614726851852
 20
343.8398705555555
 30
0.0
 10
84.62697916666667
 20
343.8398705555555
 30
0.0
 10
84.62697916666667
 20
343.341277962963
 30
0.0
 10
84.62697916666667
 20
342.8426853703704
 30
0.0
 10
84.62697916666667
 20
342.3440927777777
 30
0.0
 10
90.87573194444444
 20
342.3465622222222
 30
0.0
 10
97.12448472222222
 20
342.3486788888889
 30
0.0
 10
103.3732375
 20
342.3511483333333
 30
0.0
 10
104.0011819444444
 20
342.3511483333333
 30
0.0
 10
104.4739041666667
 20
342.9226483333333
 30
0.0
 10
104.3539597222222
 20
343.5400094444444
 30
0.0
 10
101.4199069444444
 20
358.6117344444444
 30
0.0
 10
98.48620694444443
 20
373.6838122222222
 30
0.0
 10
95.55215416666665
 20
388.7555372222222
 30
0.0
 10
95.46078472222223
 20
389.2247316666666
 30
0.0
 10
95.04803472222221
 20
389.5633983333333
 30
0.0
 10
94.57143194444444
 20
389.5633983333333
 30
0.0
 10
91.87973749999999
 20
389.56234
 30
0.0
 10
89.18804305555555
 20
389.5609288888888
 30
0.0
 10
86.49634861111112
 20
389.5598705555556
 30
0.0
 10
85.64968194444444
 20
389.5281205555555
 30
0.0
 10
85.57912638888888
 20
388.7978705555555
 30
0.0
 10
84.96564583333334
 20
388.0640927777778
 30
0.0
 10
84.89473749999999
 20
388.0358705555556
 30
0.0
 10
84.46470138888888
 20
386.9316761111111
 30
0.0
 10
84.45729305555555
 20
385.5664261111111
 30
0.0
 10
84.45729305555555
 20
384.1800094444444
 30
0.0
 10
84.51020972222221
 20
383.4038983333333
 30
0.0
 10
84.50315416666666
 20
383.0617038888889
 30
0.0
 10
83.50585138888889
 20
383.0641733333333
 30
0.0
 10
82.50890138888889
 20
383.06629
 30
0.0
 10
81.5115986111111
 20
383.0687594444444
 30
0.0
 10
81.50454305555556
 20
383.4074261111111
 30
0.0
 10
81.55745972222222
 20
384.1835372222222
 30
0.0
 10
81.55745972222222
 20
385.5664261111111
 30
0.0
 10
81.55745972222222
 20
386.9422594444444
 30
0.0
 10
81.10943194444444
 20
388.0676205555555
 30
0.0
 10
81.05651527777778
 20
388.0676205555555
 30
0.0
 10
80.45326527777777
 20
388.7872872222222
 30
0.0
 10
80.28393194444445
 20
389.5069538888889
 30
0.0
 10
79.4654875
 20
389.5598705555556
 30
0.0
 10
76.79495972222222
 20
389.5588122222222
 30
0.0
 10
74.12443194444444
 20
389.5574011111111
 30
0.0
 10
71.45390416666666
 20
389.5563427777778
 30
0.0
 10
70.97765416666667
 20
389.5563427777778
 30
0.0
 10
70.56490416666666
 20
389.2176761111111
 30
0.0
 10
70.47318194444443
 20
388.7449538888889
 30
0.0
 10
69.63815694444445
 20
384.441065
 30
0.0
 10
68.80348472222222
 20
380.1371761111111
 30
0.0
 10
67.96845972222222
 20
375.8332872222222
 30
0.0
 10
69.67943194444445
 20
375.1947594444444
 30
0.0
 10
71.22812638888888
 20
374.0658705555555
 30
0.0
 10
72.39582083333333
 20
372.4889538888888
 30
0.0
 10
75.60609861111111
 20
368.1321483333333
 30
0.0
 10
74.68182083333333
 20
362.0008705555555
 30
0.0
 10
70.32854305555556
 20
358.7905927777778
 30
0.0
 10
68.51526527777777
 20
357.453565
 30
0.0
 10
66.39154305555556
 20
356.8362038888889
 30
0.0
 10
64.29251527777778
 20
356.882065
 30
0.0
 10
63.42820972222222
 20
352.4310677777777
 30
0.0
 10
62.56390416666667
 20
347.9804233333333
 30
0.0
 10
61.69959861111111
 20
343.5294261111111
 30
0.0
 10
61.57965416666666
 20
342.912065
 30
0.0
 10
62.05590416666666
 20
342.3370372222222
 30
0.0
 10
62.68384861111112
 20
342.3370372222222
 30
0.0
 10
68.93260138888888
 20
342.3380955555556
 30
0.0
 10
75.18170694444444
 20
342.3395066666666
 30
0.0
 10
81.43045972222222
 20
342.340565
 30
0.0
 10
81.43045972222222
 20
342.8403335185185
 30
0.0
 10
81.43045972222222
 20
343.340102037037
 30
0.0
 10
81.43045972222222
 20
343.8398705555555
 30
0.0
  0
POLYLINE
  5
15D
330
1F
100
AcDbEntity
  8
DEFAULT
 62
    18
100
AcDb2dPolyline
 66
     1
 10
0.0
 20
0.0
 30
0.0
  0
VERTEX
  5
15E
330
15D
100
AcDbEntity
  8
DEFAULT
 62
    18
100
AcDbVertex
100
AcDb2dVertex
 10
83.3889761111111
 20
378.5859063888889
 30
0.0
  0
VERTEX
  5
15F
330
15D
100
AcDbEntity
  8
DEFAULT
 62
    18
100
AcDbVertex
100
AcDb2dVertex
 10
83.38862333333333
 20
377.4252675
 30
0.0
  0
SEQEND
  5
160
330
15D
100
AcDbEntity
  8
DEFAULT
 62
    18
  0
POLYLINE
  5
161
330
1F
100
AcDbEntity
  8
DEFAULT
 62
    18
100
AcDb2dPolyline
 66
     1
 10
0.0
 20
0.0
 30
0.0
  0
VERTEX
  5
162
330
161
100
AcDbEntity
  8
DEFAULT
 62
    18
100
AcDbVertex
100
AcDb2dVertex
 10
84.02323527777777
 20
377.1613544444444
 30
0.0
  0
VERTEX
  5
163
330
161
100
AcDbEntity
  8
DEFAULT
 62
    18
100
AcDbVertex
100
AcDb2dVertex
 10
82.00287694444442
 20
377.9999072222221
 30
0.0
  0
VERTEX
  5
164
330
161
100
AcDbEntity
  8
DEFAULT
 62
    18
100
AcDbVertex
100
AcDb2dVertex
 10
84.02394083333333
 20
378.8522183333333
 30
0.0
  0
SEQEND
  5
165
330
161
100
AcDbEntity
  8
DEFAULT
 62
    18
  0
SPLINE
  5
166
330
1F
100
AcDbEntity
  8
DEFAULT
 62
    18
100
AcDbSpline
210
0.0
220
0.0
230
1.0
 70
     8
 71
     3
 72
    17
 73
    13
 74
     0
 42
0.000000001
 43
0.0000000001
 40
0.0
 40
0.0
 40
0.0
 40
0.0
 40
1.0
 40
1.0
 40
1.0
 40
2.0
 40
2.0
 40
2.0
 40
3.0
 40
3.0
 40
3.0
 40
4.0
 40
4.0
 40
4.0
 40
4.0
 10
84.00496138888889
 20
380.604536111111
 30
0.0
 10
84.00496138888889
 20
380.1896694444444
 30
0.0
 10
84.00460861111111
 20
379.7751555555554
 30
0.0
 10
84.00460861111111
 20
379.3602888888888
 30
0.0
 10
84.00460861111111
 20
379.3602888888888
 30
0.0
 10
82.86725305555555
 20
380.556911111111
 30
0.0
 10
82.50741972222221
 20
380.556911111111
 30
0.0
 10
82.22872527777777
 20
380.556911111111
 30
0.0
 10
82.02305583333333
 20
380.3801694444444
 30
0.0
 10
82.02305583333333
 20
379.9607166666666
 30
0.0
 10
82.02270305555555
 20
379.7356444444444
 30
0.0
 10
82.14017805555555
 20
379.4086194444444
 30
0.0
 10
82.50741972222221
 20
379.4086194444444
 30
0.0
  0
SPLINE
  5
167
330
1F
100
AcDbEntity
  8
DEFAULT
 62
     1
100
AcDbSpline
210
0.0
220
0.0
230
1.0
 70
     8
 71
     3
 72
    29
 73
    25
 74
     0
 42
0.000000001
 43
0.0000000001
 40
0.0
 40
0.0
 40
0.0
 40
0.0
 40
1.0
 40
1.0
 40
1.0
 40
2.0
 40
2.0
 40
2.0
 40
3.0
 40
3.0
 40
3.0
 40
4.0
 40
4.0
 40
4.0
 40
5.0
 40
5.0
 40
5.0
 40
6.0
 40
6.0
 40
6.0
 40
7.0
 40
7.0
 40
7.0
 40
8.0
 40
8.0
 40
8.0
 40
8.0
 10
140.6769827777778
 20
247.9525422222222
 30
0.0
 10
139.8408994444444
 20
247.9140894444444
 30
0.0
 10
139.7668161111111
 20
247.1870144444445
 30
0.0
 10
139.1561577777778
 20
246.4567644444444
 30
0.0
 10
139.1247605555556
 20
246.4567644444444
 30
0.0
 10
139.0012883333333
 20
246.17807
 30
0.0
 10
138.8813438888889
 20
245.7261616666667
 30
0.0
 10
138.7610466666667
 20
245.2749588888889
 30
0.0
 10
138.6520383333333
 20
244.650895
 30
0.0
 10
138.6485105555556
 20
243.9590977777777
 30
0.0
 10
138.6485105555556
 20
242.5726811111111
 30
0.0
 10
138.6978994444444
 20
241.79657
 30
0.0
 10
138.6943716666667
 20
241.4543755555556
 30
0.0
 10
137.6960105555555
 20
241.456845
 30
0.0
 10
136.6976494444444
 20
241.4589616666667
 30
0.0
 10
135.6992883333333
 20
241.4614311111111
 30
0.0
 10
135.6957605555556
 20
241.8004505555556
 30
0.0
 10
135.7483244444444
 20
242.5762088888889
 30
0.0
 10
135.7483244444444
 20
243.9590977777777
 30
0.0
 10
135.7483244444444
 20
245.3349311111111
 30
0.0
 10
135.3006494444444
 20
246.4602922222222
 30
0.0
 10
135.24738
 20
246.4602922222222
 30
0.0
 10
134.640955
 20
247.1834866666667
 30
0.0
 10
134.4751494444444
 20
247.9102088888889
 30
0.0
 10
133.6390661111111
 20
247.9525422222222
 30
0.0
  0
SPLINE
  5
168
330
1F
100
AcDbEntity
  8
DEFAULT
 62
     1
100
AcDbSpline
210
0.0
220
0.0
230
1.0
 70
     8
 71
     3
 72
    14
 73
    10
 74
     0
 42
0.000000001
 43
0.0000000001
 40
0.0
 40
0.0
 40
0.0
 40
0.0
 40
1.0
 40
1.0
 40
1.0
 40
2.0
 40
2.0
 40
2.0
 40
3.0
 40
3.0
 40
3.0
 40
3.0
 10
151.627205
 20
200.7650572222222
 30
0.0
 10
152.1140383333333
 20
200.7650572222222
 30
0.0
 10
152.5303161111111
 20
201.117835
 30
0.0
 10
152.611455
 20
201.6007877777778
 30
0.0
 10
155.1313466666666
 20
216.6643988888889
 30
0.0
 10
157.6515911111111
 20
231.7283627777778
 30
0.0
 10
160.1714827777778
 20
246.7919738888889
 30
0.0
 10
160.2737883333333
 20
247.4019266666667
 30
0.0
 10
159.8010661111111
 20
247.9561405555555
 30
0.0
 10
159.183705
 20
247.9561405555555
 30
0.0
  0
POLYLINE
  5
169
330
1F
100
AcDbEntity
  8
DEFAULT
 62
     1
100
AcDb2dPolyline
 66
     1
 10
0.0
 20
0.0
 30
0.0
  0
VERTEX
  5
16A
330
169
100
AcDbEntity
  8
DEFAULT
 62
     1
100
AcDbVertex
100
AcDb2dVertex
 10
135.5086472222222
 20
200.7616
 30
0.0
  0
VERTEX
  5
16B
330
169
100
AcDbEntity
  8
DEFAULT
 62
     1
100
AcDbVertex
100
AcDb2dVertex
 10
135.5086472222222
 20
202.257025
 30
0.0
  0
VERTEX
  5
16C
330
169
100
AcDbEntity
  8
DEFAULT
 62
     1
100
AcDbVertex
100
AcDb2dVertex
 10
138.7012861111111
 20
202.257025
 30
0.0
  0
VERTEX
  5
16D
330
169
100
AcDbEntity
  8
DEFAULT
 62
     1
100
AcDbVertex
100
AcDb2dVertex
 10
138.7051666666667
 20
200.7616
 30
0.0
  0
SEQEND
  5
16E
330
169
100
AcDbEntity
  8
DEFAULT
 62
     1
  0
SPLINE
  5
16F
330
1F
100
AcDbEntity
  8
DEFAULT
 62
     1
100
AcDbSpline
210
0.0
220
0.0
230
1.0
 70
     8
 71
     3
 72
    20
 73
    16
 74
     0
 42
0.000000001
 43
0.0000000001
 40
0.0
 40
0.0
 40
0.0
 40
0.0
 40
1.0
 40
1.0
 40
1.0
 40
2.0
 40
2.0
 40
2.0
 40
3.0
 40
3.0
 40
3.0
 40
4.0
 40
4.0
 40
4.0
 40
5.0
 40
5.0
 40
5.0
 40
5.0
 10
129.0211697222222
 20
247.9413238888889
 30
0.0
 10
128.9153363888889
 20
247.9452044444444
 30
0.0
 10
128.8095030555556
 20
247.9487322222222
 30
0.0
 10
128.7036697222222
 20
247.9526127777777
 30
0.0
 10
128.6966141666666
 20
247.8785294444444
 30
0.0
 10
128.6825030555556
 20
247.8079738888888
 30
0.0
 10
128.6719197222222
 20
247.7338905555555
 30
0.0
 10
127.5783086111111
 20
241.3098072222222
 30
0.0
 10
122.0181780555556
 20
236.7660294444444
 30
0.0
 10
115.7143919444445
 20
236.7378072222222
 30
0.0
 10
117.6768947222222
 20
225.0231155555555
 30
0.0
 10
119.6397502777778
 20
213.3087766666666
 30
0.0
 10
121.6022530555555
 20
201.594085
 30
0.0
 10
121.6833919444444
 20
201.1143072222222
 30
0.0
 10
122.0996697222222
 20
200.7615294444444
 30
0.0
 10
122.5900308333333
 20
200.7615294444444
 30
0.0
  0
SPLINE
  5
170
330
1F
100
AcDbEntity
  8
DEFAULT
 62
    18
100
AcDbSpline
210
0.0
220
0.0
230
1.0
 70
    11
 71
     3
 72
    26
 73
    22
 74
     0
 42
0.000000001
 43
0.0000000001
 40
0.0
 40
0.0
 40
0.0
 40
0.0
 40
1.0
 40
1.0
 40
1.0
 40
2.0
 40
2.0
 40
2.0
 40
3.0
 40
3.0
 40
3.0
 40
4.0
 40
4.0
 40
4.0
 40
5.0
 40
5.0
 40
5.0
 40
6.0
 40
6.0
 40
6.0
 40
11.63499999999999
 40
11.63499999999999
 40
11.63499999999999
 40
11.63499999999999
 10
136.1180708333333
 20
235.49229
 30
0.0
 10
136.0944347222222
 20
235.65104
 30
0.0
 10
136.0760902777778
 20
235.8401288888889
 30
0.0
 10
136.0760902777778
 20
236.0468566666666
 30
0.0
 10
136.0760902777778
 20
236.4218594444444
 30
0.0
 10
136.1632263888889
 20
236.6885594444444
 30
0.0
 10
136.3283263888889
 20
236.8656538888889
 30
0.0
 10
136.4927208333333
 20
237.0452177777778
 30
0.0
 10
136.7269652777778
 20
237.1503455555555
 30
0.0
 10
137.0536375
 20
237.1499927777777
 30
0.0
 10
137.3834847222222
 20
237.1499927777777
 30
0.0
 10
137.6533597222222
 20
237.04804
 30
0.0
 10
137.8392736111111
 20
236.8593038888889
 30
0.0
 10
138.0280097222222
 20
236.6705677777778
 30
0.0
 10
138.1299625
 20
236.3583594444444
 30
0.0
 10
138.1299625
 20
235.9657177777777
 30
0.0
 10
138.1299625
 20
235.7798038888889
 30
0.0
 10
138.1211430555555
 20
235.6238761111111
 30
0.0
 10
138.1059736111111
 20
235.49229
 30
0.0
 10
137.4433393518518
 20
235.49229
 30
0.0
 10
136.7807050925926
 20
235.49229
 30
0.0
 10
136.1180708333333
 20
235.49229
 30
0.0
  0
POLYLINE
  5
171
330
1F
100
AcDbEntity
  8
DEFAULT
 62
    18
100
AcDb2dPolyline
 66
     1
 10
0.0
 20
0.0
 30
0.0
  0
VERTEX
  5
172
330
171
100
AcDbEntity
  8
DEFAULT
 62
    18
100
AcDbVertex
100
AcDb2dVertex
 10
138.0776455555556
 20
238.9174094444444
 30
0.0
  0
VERTEX
  5
173
330
171
100
AcDbEntity
  8
DEFAULT
 62
    18
100
AcDbVertex
100
AcDb2dVertex
 10
136.1292538888889
 20
238.9174094444444
 30
0.0
  0
VERTEX
  5
174
330
171
100
AcDbEntity
  8
DEFAULT
 62
    18
100
AcDbVertex
100
AcDb2dVertex
 10
136.6570094444444
 20
238.2668872222222
 30
0.0
  0
SEQEND
  5
175
330
171
100
AcDbEntity
  8
DEFAULT
 62
    18
  0
SPLINE
  5
176
330
1F
100
AcDbEntity
  8
DEFAULT
 62
     1
100
AcDbSpline
210
0.0
220
0.0
230
1.0
 70
     8
 71
     3
 72
    44
 73
    40
 74
     0
 42
0.000000001
 43
0.0000000001
 40
0.0
 40
0.0
 40
0.0
 40
0.0
 40
1.0
 40
1.0
 40
1.0
 40
2.0
 40
2.0
 40
2.0
 40
3.0
 40
3.0
 40
3.0
 40
4.0
 40
4.0
 40
4.0
 40
5.0
 40
5.0
 40
5.0
 40
23.41000000000003
 40
23.41000000000003
 40
23.41000000000003
 40
24.41000000000003
 40
24.41000000000003
 40
24.41000000000003
 40
33.47100000000006
 40
33.47100000000006
 40
33.47100000000006
 40
34.47100000000006
 40
34.47100000000006
 40
34.47100000000006
 40
35.47100000000006
 40
35.47100000000006
 40
35.47100000000006
 40
36.47100000000006
 40
36.47100000000006
 40
36.47100000000006
 40
37.47100000000006
 40
37.47100000000006
 40
37.47100000000006
 40
38.47100000000006
 40
38.47100000000006
 40
38.47100000000006
 40
38.47100000000006
 10
112.5887455555555
 20
295.1288088888888
 30
0.0
 10
112.0172455555555
 20
295.1288088888888
 30
0.0
 10
111.5621622222222
 20
294.6490311111111
 30
0.0
 10
111.5903844444444
 20
294.0807061111111
 30
0.0
 10
112.0994427777778
 20
283.735145
 30
0.0
 10
112.6088538888889
 20
273.3892311111111
 30
0.0
 10
113.1179122222222
 20
263.04367
 30
0.0
 10
114.5678288888889
 20
263.2941422222222
 30
0.0
 10
116.0847733333333
 20
263.3153088888889
 30
0.0
 10
117.6440511111111
 20
263.0613088888888
 30
0.0
 10
124.7948566666667
 20
261.9112533333333
 30
0.0
 10
129.82194
 20
255.2296422222222
 30
0.0
 10
129.0317177777778
 20
248.0294477777778
 30
0.0
 10
129.02819
 20
248.0012255555555
 30
0.0
 10
129.0246622222222
 20
247.9694755555556
 30
0.0
 10
129.0211344444444
 20
247.9412533333333
 30
0.0
 10
131.1860140740741
 20
247.9412533333333
 30
0.0
 10
133.3508937037037
 20
247.9412533333333
 30
0.0
 10
135.5157733333333
 20
247.9412533333333
 30
0.0
 10
135.5143622222222
 20
248.4411394444444
 30
0.0
 10
135.5133038888889
 20
248.9406727777777
 30
0.0
 10
135.5118927777778
 20
249.4405588888889
 30
0.0
 10
136.5773992592592
 20
249.4405588888889
 30
0.0
 10
137.6429057407407
 20
249.4405588888889
 30
0.0
 10
138.7084122222222
 20
249.4405588888889
 30
0.0
 10
138.7094705555556
 20
248.9406727777777
 30
0.0
 10
138.7108816666666
 20
248.4411394444444
 30
0.0
 10
138.71194
 20
247.9412533333333
 30
0.0
 10
145.611215
 20
247.9437227777777
 30
0.0
 10
152.5101372222222
 20
247.9458394444444
 30
0.0
 10
159.4094122222222
 20
247.9483088888889
 30
0.0
 10
159.9417538888889
 20
247.9483088888889
 30
0.0
 10
160.3827261111111
 20
248.3677616666666
 30
0.0
 10
160.4077733333333
 20
248.9008088888889
 30
0.0
 10
161.1426094444444
 20
263.96442
 30
0.0
 10
161.8777983333333
 20
279.0280311111111
 30
0.0
 10
162.6126344444444
 20
294.0916422222222
 30
0.0
 10
162.6373288888889
 20
294.6631422222222
 30
0.0
 10
162.1822455555555
 20
295.1425672222222
 30
0.0
 10
161.6107455555555
 20
295.1425672222222
 30
0.0
  0
SPLINE
  5
177
330
1F
100
AcDbEntity
  8
DEFAULT
 62
     1
100
AcDbSpline
210
0.0
220
0.0
230
1.0
 70
     8
 71
     3
 72
    29
 73
    25
 74
     0
 42
0.000000001
 43
0.0000000001
 40
0.0
 40
0.0
 40
0.0
 40
0.0
 40
1.0
 40
1.0
 40
1.0
 40
2.0
 40
2.0
 40
2.0
 40
3.0
 40
3.0
 40
3.0
 40
4.0
 40
4.0
 40
4.0
 40
5.0
 40
5.0
 40
5.0
 40
6.0
 40
6.0
 40
6.0
 40
7.0
 40
7.0
 40
7.0
 40
8.0
 40
8.0
 40
8.0
 40
8.0
 10
140.6028994444444
 20
295.1356880555555
 30
0.0
 10
139.8476022222222
 20
295.0474936111111
 30
0.0
 10
139.7452966666667
 20
294.3489936111111
 30
0.0
 10
139.1561577777778
 20
293.6434380555555
 30
0.0
 10
139.1247605555555
 20
293.6434380555555
 30
0.0
 10
139.0012883333333
 20
293.3647436111111
 30
0.0
 10
138.8813438888889
 20
292.9131880555556
 30
0.0
 10
138.7610466666667
 20
292.4616325
 30
0.0
 10
138.6520383333333
 20
291.8372158333333
 30
0.0
 10
138.6485105555555
 20
291.1457713888889
 30
0.0
 10
138.6485105555555
 20
289.7593547222222
 30
0.0
 10
138.6978994444444
 20
288.9835963888889
 30
0.0
 10
138.6943716666666
 20
288.6410491666667
 30
0.0
 10
137.6960105555555
 20
288.6435186111111
 30
0.0
 10
136.6976494444444
 20
288.6456352777777
 30
0.0
 10
135.6992883333333
 20
288.6481047222222
 30
0.0
 10
135.6957605555555
 20
288.9867713888889
 30
0.0
 10
135.7483244444444
 20
289.7628825
 30
0.0
 10
135.7483244444444
 20
291.1457713888889
 30
0.0
 10
135.7483244444444
 20
292.5216047222222
 30
0.0
 10
135.3006494444444
 20
293.6469658333333
 30
0.0
 10
135.24738
 20
293.6469658333333
 30
0.0
 10
134.6582411111111
 20
294.3454658333333
 30
0.0
 10
134.4818522222222
 20
295.0474936111111
 30
0.0
 10
133.7198522222222
 20
295.1356880555555
 30
0.0
  0
SPLINE
  5
178
330
1F
100
AcDbEntity
  8
DEFAULT
 62
    18
100
AcDbSpline
210
0.0
220
0.0
230
1.0
 70
     8
 71
     3
 72
    17
 73
    13
 74
     0
 42
0.000000001
 43
0.0000000001
 40
0.0
 40
0.0
 40
0.0
 40
0.0
 40
1.0
 40
1.0
 40
1.0
 40
2.0
 40
2.0
 40
2.0
 40
3.0
 40
3.0
 40
3.0
 40
4.0
 40
4.0
 40
4.0
 40
4.0
 10
138.0449077777778
 20
284.2162986111111
 30
0.0
 10
138.0928855555555
 20
284.1203430555555
 30
0.0
 10
138.1408633333333
 20
283.9284319444444
 30
0.0
 10
138.1408633333333
 20
283.6821930555556
 30
0.0
 10
138.1405105555556
 20
283.1128097222222
 30
0.0
 10
137.7806772222222
 20
282.6838319444444
 30
0.0
 10
137.1185133333333
 20
282.6841847222222
 30
0.0
 10
136.48563
 20
282.6845375
 30
0.0
 10
136.0566522222222
 20
283.1131625
 30
0.0
 10
136.057005
 20
283.7396958333333
 30
0.0
 10
136.057005
 20
283.9915791666667
 30
0.0
 10
136.1113327777778
 20
284.1503291666667
 30
0.0
 10
136.1469633333333
 20
284.2198263888889
 30
0.0
  0
POLYLINE
  5
179
330
1F
100
AcDbEntity
  8
DEFAULT
 62
    18
100
AcDb2dPolyline
 66
     1
 10
0.0
 20
0.0
 30
0.0
  0
VERTEX
  5
17A
330
179
100
AcDbEntity
  8
DEFAULT
 62
    18
100
AcDbVertex
100
AcDb2dVertex
 10
138.0738708333333
 20
286.0477091666666
 30
0.0
  0
VERTEX
  5
17B
330
179
100
AcDbEntity
  8
DEFAULT
 62
    18
100
AcDbVertex
100
AcDb2dVertex
 10
136.1251263888888
 20
286.0484147222222
 30
0.0
  0
VERTEX
  5
17C
330
179
100
AcDbEntity
  8
DEFAULT
 62
    18
100
AcDbVertex
100
AcDb2dVertex
 10
136.6528819444444
 20
285.3975397222222
 30
0.0
  0
SEQEND
  5
17D
330
179
100
AcDbEntity
  8
DEFAULT
 62
    18
  0
SPLINE
  5
17E
330
1F
100
AcDbEntity
  8
DEFAULT
 62
     1
100
AcDbSpline
210
0.0
220
0.0
230
1.0
 70
    11
 71
     3
 72
    83
 73
    79
 74
     0
 42
0.000000001
 43
0.0000000001
 40
4.25
 40
4.25
 40
4.25
 40
4.25
 40
13.30000000000001
 40
13.30000000000001
 40
13.30000000000001
 40
17.55000000000001
 40
17.55000000000001
 40
17.55000000000001
 40
18.55000000000001
 40
18.55000000000001
 40
18.55000000000001
 40
19.55000000000001
 40
19.55000000000001
 40
19.55000000000001
 40
20.55000000000001
 40
20.55000000000001
 40
20.55000000000001
 40
21.55000000000001
 40
21.55000000000001
 40
21.55000000000001
 40
22.55000000000001
 40
22.55000000000001
 40
22.55000000000001
 40
23.55000000000001
 40
23.55000000000001
 40
23.55000000000001
 40
24.55000000000001
 40
24.55000000000001
 40
24.55000000000001
 40
25.55000000000001
 40
25.55000000000001
 40
25.55000000000001
 40
26.55000000000001
 40
26.55000000000001
 40
26.55000000000001
 40
27.55000000000001
 40
27.55000000000001
 40
27.55000000000001
 40
28.55000000000001
 40
28.55000000000001
 40
28.55000000000001
 40
29.55000000000001
 40
29.55000000000001
 40
29.55000000000001
 40
30.55000000000001
 40
30.55000000000001
 40
30.55000000000001
 40
31.55000000000001
 40
31.55000000000001
 40
31.55000000000001
 40
32.55000000000001
 40
32.55000000000001
 40
32.55000000000001
 40
33.55000000000001
 40
33.55000000000001
 40
33.55000000000001
 40
34.55000000000001
 40
34.55000000000001
 40
34.55000000000001
 40
35.55000000000001
 40
35.55000000000001
 40
35.55000000000001
 40
36.55000000000001
 40
36.55000000000001
 40
36.55000000000001
 40
37.55000000000001
 40
37.55000000000001
 40
37.55000000000001
 40
38.55000000000001
 40
38.55000000000001
 40
38.55000000000001
 40
39.55000000000001
 40
39.55000000000001
 40
39.55000000000001
 40
40.55000000000001
 40
40.55000000000001
 40
40.55000000000001
 40
44.80000000000001
 40
44.80000000000001
 40
44.80000000000001
 40
44.80000000000001
 10
135.5193011111111
 20
296.6722116666666
 30
0.0
 10
136.5835140740741
 20
296.6722116666666
 30
0.0
 10
137.647727037037
 20
296.6722116666666
 30
0.0
 10
138.71194
 20
296.6722116666666
 30
0.0
 10
138.71194
 20
296.1724431481481
 30
0.0
 10
138.71194
 20
295.6726746296296
 30
0.0
 10
138.71194
 20
295.1729061111111
 30
0.0
 10
146.3612205555555
 20
295.1753755555555
 30
0.0
 10
154.0108538888889
 20
295.1774922222222
 30
0.0
 10
161.6601344444444
 20
295.1799616666667
 30
0.0
 10
162.2457455555555
 20
295.1799616666667
 30
0.0
 10
162.7043566666667
 20
295.6805533333333
 30
0.0
 10
162.6549677777778
 20
296.2629894444444
 30
0.0
 10
161.3849677777778
 20
311.3266005555555
 30
0.0
 10
160.1149677777778
 20
326.3898588888889
 30
0.0
 10
158.8449677777778
 20
341.45347
 30
0.0
 10
158.8026344444444
 20
341.9724061111111
 30
0.0
 10
158.3687177777778
 20
342.371045
 30
0.0
 10
157.8501344444444
 20
342.371045
 30
0.0
 10
152.0963288888889
 20
342.3685755555555
 30
0.0
 10
146.3425233333333
 20
342.3664588888888
 30
0.0
 10
140.5887177777778
 20
342.3639894444444
 30
0.0
 10
139.8334205555555
 20
342.275795
 30
0.0
 10
139.7452261111111
 20
341.5772949999999
 30
0.0
 10
139.15644
 20
340.8717394444444
 30
0.0
 10
139.12469
 20
340.8717394444444
 30
0.0
 10
139.0012177777778
 20
340.593045
 30
0.0
 10
138.8812733333333
 20
340.1414894444444
 30
0.0
 10
138.7609761111111
 20
339.6895811111111
 30
0.0
 10
138.6519677777778
 20
339.0655172222222
 30
0.0
 10
138.64844
 20
338.3740727777778
 30
0.0
 10
138.64844
 20
336.9873033333333
 30
0.0
 10
138.6978288888889
 20
336.211545
 30
0.0
 10
138.6943011111111
 20
335.8689977777777
 30
0.0
 10
137.69594
 20
335.8714672222222
 30
0.0
 10
136.6975788888889
 20
335.8739366666667
 30
0.0
 10
135.6992177777778
 20
335.8764061111111
 30
0.0
 10
135.69569
 20
336.2150727777778
 30
0.0
 10
135.7482538888889
 20
336.9911838888888
 30
0.0
 10
135.7482538888889
 20
338.3740727777778
 30
0.0
 10
135.7482538888889
 20
339.7495533333333
 30
0.0
 10
135.3005788888889
 20
340.8752672222222
 30
0.0
 10
135.2473094444444
 20
340.8752672222222
 30
0.0
 10
134.6585233333333
 20
341.5734144444444
 30
0.0
 10
134.4856622222222
 20
342.275795
 30
0.0
 10
133.7236622222222
 20
342.3639894444444
 30
0.0
 10
133.7197816666666
 20
342.3604616666667
 30
0.0
 10
116.3564122222222
 20
342.3569338888889
 30
0.0
 10
116.3564122222222
 20
342.3569338888889
 30
0.0
 10
115.8378288888889
 20
342.3569338888889
 30
0.0
 10
115.4035594444444
 20
341.958295
 30
0.0
 10
115.3615788888889
 20
341.4432394444444
 30
0.0
 10
115.1604955555556
 20
339.037295
 30
0.0
 10
114.9590594444444
 20
336.6313505555555
 30
0.0
 10
114.7579761111111
 20
334.2254061111111
 30
0.0
 10
116.4269677777778
 20
335.1249894444444
 30
0.0
 10
118.32844
 20
335.6643866666666
 30
0.0
 10
120.3745511111111
 20
335.7247116666667
 30
0.0
 10
126.6539955555556
 20
335.9081561111111
 30
0.0
 10
132.1890788888889
 20
331.3185172222222
 30
0.0
 10
133.1627455555555
 20
325.1131561111111
 30
0.0
 10
134.3057455555555
 20
317.8173588888889
 30
0.0
 10
129.0246622222222
 20
311.2066561111111
 30
0.0
 10
121.7962455555556
 20
310.589295
 30
0.0
 10
118.5118844444444
 20
310.3106005555555
 30
0.0
 10
115.40744
 20
311.3160172222222
 30
0.0
 10
112.9979677777778
 20
313.1963227777778
 30
0.0
 10
112.5241872222222
 20
307.5472922222222
 30
0.0
 10
112.0500538888889
 20
301.8979088888889
 30
0.0
 10
111.5762733333333
 20
296.2488783333333
 30
0.0
 10
111.5304122222222
 20
295.666795
 30
0.0
 10
111.9890233333333
 20
295.1658505555556
 30
0.0
 10
112.5746344444444
 20
295.1658505555556
 30
0.0
 10
120.2228566666667
 20
295.1683199999999
 30
0.0
 10
127.8710788888889
 20
295.1704366666667
 30
0.0
 10
135.5193011111111
 20
295.1729061111111
 30
0.0
 10
135.5193011111111
 20
295.6726746296296
 30
0.0
 10
135.5193011111111
 20
296.1724431481481
 30
0.0
 10
135.5193011111111
 20
296.6722116666666
 30
0.0
  0
SPLINE
  5
17F
330
1F
100
AcDbEntity
  8
DEFAULT
 62
    18
100
AcDbSpline
210
0.0
220
0.0
230
1.0
 70
    11
 71
     3
 72
    32
 73
    28
 74
     0
 42
0.000000001
 43
0.0000000001
 40
1.0
 40
1.0
 40
1.0
 40
1.0
 40
2.0
 40
2.0
 40
2.0
 40
3.0
 40
3.0
 40
3.0
 40
4.0
 40
4.0
 40
4.0
 40
5.0
 40
5.0
 40
5.0
 40
6.0
 40
6.0
 40
6.0
 40
7.0
 40
7.0
 40
7.0
 40
8.0
 40
8.0
 40
8.0
 40
9.0
 40
9.0
 40
9.0
 40
10.0
 40
10.0
 40
10.0
 40
10.0
 10
136.116695
 20
329.9263502777777
 30
0.0
 10
136.0927061111111
 20
330.0399447222222
 30
0.0
 10
136.0747144444444
 20
330.2202141666666
 30
0.0
 10
136.0747144444444
 20
330.4033058333333
 30
0.0
 10
136.0747144444444
 20
330.6640086111111
 30
0.0
 10
136.1202227777778
 20
330.8315780555556
 30
0.0
 10
136.2218227777778
 20
330.9578725
 30
0.0
 10
136.3001394444444
 20
331.0626475
 30
0.0
 10
136.4197311111111
 20
331.1250891666666
 30
0.0
 10
136.5788338888889
 20
331.1250891666666
 30
0.0
 10
136.7735672222222
 20
331.1250891666666
 30
0.0
 10
136.9443116666667
 20
330.8682669444444
 30
0.0
 10
137.0222755555556
 20
330.6551891666666
 30
0.0
 10
137.0222755555556
 20
330.6551891666666
 30
0.0
 10
137.2353533333333
 20
331.2002308333333
 30
0.0
 10
137.5352144444444
 20
331.2002308333333
 30
0.0
 10
137.7091338888889
 20
331.1998780555555
 30
0.0
 10
137.8410727777778
 20
331.1307336111111
 30
0.0
 10
137.9398505555556
 20
331.0287808333333
 30
0.0
 10
138.0686144444444
 20
330.8883752777778
 30
0.0
 10
138.1285866666666
 20
330.6601280555555
 30
0.0
 10
138.1285866666666
 20
330.3306336111111
 30
0.0
 10
138.1285866666666
 20
330.1503641666666
 30
0.0
 10
138.1165922222222
 20
330.0124280555555
 30
0.0
 10
138.1045977777778
 20
329.9256447222222
 30
0.0
 10
137.4420811111111
 20
329.9259975
 30
0.0
 10
136.7792116666666
 20
329.9259975
 30
0.0
 10
136.116695
 20
329.9263502777777
 30
0.0
  0
POLYLINE
  5
180
330
1F
100
AcDbEntity
  8
DEFAULT
 62
    18
100
AcDb2dPolyline
 66
     1
 10
0.0
 20
0.0
 30
0.0
  0
VERTEX
  5
181
330
180
100
AcDbEntity
  8
DEFAULT
 62
    18
100
AcDbVertex
100
AcDb2dVertex
 10
138.07694
 20
333.1592058333333
 30
0.0
  0
VERTEX
  5
182
330
180
100
AcDbEntity
  8
DEFAULT
 62
    18
100
AcDbVertex
100
AcDb2dVertex
 10
136.1281955555555
 20
333.1599113888888
 30
0.0
  0
VERTEX
  5
183
330
180
100
AcDbEntity
  8
DEFAULT
 62
    18
100
AcDbVertex
100
AcDb2dVertex
 10
136.6559511111111
 20
332.5086836111111
 30
0.0
  0
SEQEND
  5
184
330
180
100
AcDbEntity
  8
DEFAULT
 62
    18
  0
POLYLINE
  5
185
330
1F
100
AcDbEntity
  8
DEFAULT
 62
    18
100
AcDb2dPolyline
 66
     1
 10
0.0
 20
0.0
 30
0.0
  0
VERTEX
  5
186
330
185
100
AcDbEntity
  8
DEFAULT
 62
    18
100
AcDbVertex
100
AcDb2dVertex
 10
137.5243488888889
 20
378.5509108333334
 30
0.0
  0
VERTEX
  5
187
330
185
100
AcDbEntity
  8
DEFAULT
 62
    18
100
AcDbVertex
100
AcDb2dVertex
 10
137.52576
 20
377.3902719444445
 30
0.0
  0
SEQEND
  5
188
330
185
100
AcDbEntity
  8
DEFAULT
 62
    18
  0
POLYLINE
  5
189
330
1F
100
AcDbEntity
  8
DEFAULT
 62
    18
100
AcDb2dPolyline
 66
     1
 10
0.0
 20
0.0
 30
0.0
  0
VERTEX
  5
18A
330
189
100
AcDbEntity
  8
DEFAULT
 62
    18
100
AcDbVertex
100
AcDb2dVertex
 10
138.1610069444444
 20
377.1272408333332
 30
0.0
  0
VERTEX
  5
18B
330
189
100
AcDbEntity
  8
DEFAULT
 62
    18
100
AcDbVertex
100
AcDb2dVertex
 10
136.1395902777778
 20
377.9629713888888
 30
0.0
  0
VERTEX
  5
18C
330
189
100
AcDbEntity
  8
DEFAULT
 62
    18
100
AcDbVertex
100
AcDb2dVertex
 10
138.1592430555555
 20
378.8181047222221
 30
0.0
  0
SEQEND
  5
18D
330
189
100
AcDbEntity
  8
DEFAULT
 62
    18
  0
POLYLINE
  5
18E
330
1F
100
AcDbEntity
  8
DEFAULT
 62
    18
100
AcDb2dPolyline
 66
     1
 10
0.0
 20
0.0
 30
0.0
  0
VERTEX
  5
18F
330
18E
100
AcDbEntity
  8
DEFAULT
 62
    18
100
AcDbVertex
100
AcDb2dVertex
 10
138.1210372222222
 20
380.5709516666665
 30
0.0
  0
VERTEX
  5
190
330
18E
100
AcDbEntity
  8
DEFAULT
 62
    18
100
AcDbVertex
100
AcDb2dVertex
 10
136.1726455555555
 20
380.5688349999998
 30
0.0
  0
VERTEX
  5
191
330
18E
100
AcDbEntity
  8
DEFAULT
 62
    18
100
AcDbVertex
100
AcDb2dVertex
 10
136.7011066666667
 20
379.9190183333333
 30
0.0
  0
SEQEND
  5
192
330
18E
100
AcDbEntity
  8
DEFAULT
 62
    18
  0
SPLINE
  5
193
330
1F
100
AcDbEntity
  8
DEFAULT
 62
     1
100
AcDbSpline
210
0.0
220
0.0
230
1.0
 70
     8
 71
     3
 72
    56
 73
    52
 74
     0
 42
0.000000001
 43
0.0000000001
 40
0.0
 40
0.0
 40
0.0
 40
0.0
 40
1.0
 40
1.0
 40
1.0
 40
2.0
 40
2.0
 40
2.0
 40
3.0
 40
3.0
 40
3.0
 40
4.0
 40
4.0
 40
4.0
 40
5.0
 40
5.0
 40
5.0
 40
6.0
 40
6.0
 40
6.0
 40
7.0
 40
7.0
 40
7.0
 40
8.0
 40
8.0
 40
8.0
 40
9.0
 40
9.0
 40
9.0
 40
10.0
 40
10.0
 40
10.0
 40
11.0
 40
11.0
 40
11.0
 40
12.0
 40
12.0
 40
12.0
 40
13.0
 40
13.0
 40
13.0
 40
14.0
 40
14.0
 40
14.0
 40
15.0
 40
15.0
 40
15.0
 40
16.0
 40
16.0
 40
16.0
 40
17.0
 40
17.0
 40
17.0
 40
17.0
 10
157.4690638888889
 20
342.3371077777778
 30
0.0
 10
158.022925
 20
342.3371077777778
 30
0.0
 10
158.5732583333333
 20
342.7886633333333
 30
0.0
 10
158.467425
 20
343.3354688888889
 30
0.0
 10
158.1534527777778
 20
344.9617744444444
 30
0.0
 10
157.8394805555556
 20
346.5880799999999
 30
0.0
 10
157.5255083333333
 20
348.2143855555555
 30
0.0
 10
153.0593416666667
 20
370.9576161111111
 30
0.0
 10
146.8292861111111
 20
374.7781994444444
 30
0.0
 10
145.8027027777778
 20
388.6462466666667
 30
0.0
 10
145.767425
 20
389.16483
 30
0.0
 10
145.3299805555556
 20
389.5666438888888
 30
0.0
 10
144.8078694444444
 20
389.5666438888888
 30
0.0
 10
143.386175
 20
389.568055
 30
0.0
 10
141.9648333333333
 20
389.5691133333333
 30
0.0
 10
140.5431388888889
 20
389.5705244444444
 30
0.0
 10
139.830175
 20
389.4643383333333
 30
0.0
 10
139.7313972222222
 20
388.7767744444444
 30
0.0
 10
139.1563694444445
 20
388.0885049999999
 30
0.0
 10
139.1246194444444
 20
388.0885049999999
 30
0.0
 10
139.0011472222222
 20
387.8101633333333
 30
0.0
 10
138.8815555555555
 20
387.3586077777778
 30
0.0
 10
138.7612583333333
 20
386.9066994444444
 30
0.0
 10
138.6518972222222
 20
386.2826355555555
 30
0.0
 10
138.6483694444444
 20
385.5908383333333
 30
0.0
 10
138.6483694444444
 20
384.2047744444444
 30
0.0
 10
138.6977583333333
 20
383.4283105555555
 30
0.0
 10
138.6942305555555
 20
383.0864688888889
 30
0.0
 10
137.6958694444444
 20
383.0889383333333
 30
0.0
 10
136.6975083333333
 20
383.091055
 30
0.0
 10
135.6991472222222
 20
383.0935244444444
 30
0.0
 10
135.6956194444444
 20
383.432191111111
 30
0.0
 10
135.7485361111111
 20
384.2079494444444
 30
0.0
 10
135.7485361111111
 20
385.5908383333333
 30
0.0
 10
135.7485361111111
 20
386.9670244444445
 30
0.0
 10
135.3005083333333
 20
388.0923855555555
 30
0.0
 10
135.2475916666667
 20
388.0923855555555
 30
0.0
 10
134.6623333333333
 20
388.7908855555555
 30
0.0
 10
134.4785361111111
 20
389.4893855555555
 30
0.0
 10
133.7200638888889
 20
389.5811077777777
 30
0.0
 10
131.0132
 20
389.5832244444445
 30
0.0
 10
128.3059833333333
 20
389.5856938888888
 30
0.0
 10
125.5991194444444
 20
389.5878105555555
 30
0.0
 10
125.1232222222222
 20
389.5878105555555
 30
0.0
 10
124.7065916666667
 20
389.2491438888889
 30
0.0
 10
124.6148694444445
 20
388.7803022222222
 30
0.0
 10
121.669175
 20
373.7106938888889
 30
0.0
 10
118.7234805555556
 20
358.6414383333333
 30
0.0
 10
115.7777861111111
 20
343.57183
 30
0.0
 10
115.6578416666667
 20
342.9579966666666
 30
0.0
 10
116.1305638888889
 20
342.3826161111111
 30
0.0
 10
116.7588611111111
 20
342.3826161111111
 30
0.0
  0
POLYLINE
  5
194
330
1F
100
AcDbEntity
  8
DEFAULT
 62
     1
100
AcDb2dPolyline
 66
     1
 10
0.0
 20
0.0
 30
0.0
  0
VERTEX
  5
195
330
194
100
AcDbEntity
  8
DEFAULT
 62
     1
100
AcDbVertex
100
AcDb2dVertex
 10
133.7237327777778
 20
342.3638130555556
 30
0.0
  0
VERTEX
  5
196
330
194
100
AcDbEntity
  8
DEFAULT
 62
     1
100
AcDbVertex
100
AcDb2dVertex
 10
135.5052605555556
 20
342.361696388889
 30
0.0
  0
VERTEX
  5
197
330
194
100
AcDbEntity
  8
DEFAULT
 62
     1
100
AcDbVertex
100
AcDb2dVertex
 10
135.5052605555555
 20
343.8610019444444
 30
0.0
  0
VERTEX
  5
198
330
194
100
AcDbEntity
  8
DEFAULT
 62
     1
100
AcDbVertex
100
AcDb2dVertex
 10
138.7010744444444
 20
343.8539463888889
 30
0.0
  0
VERTEX
  5
199
330
194
100
AcDbEntity
  8
DEFAULT
 62
     1
100
AcDbVertex
100
AcDb2dVertex
 10
138.7010744444444
 20
342.3581686111111
 30
0.0
  0
VERTEX
  5
19A
330
194
100
AcDbEntity
  8
DEFAULT
 62
     1
100
AcDbVertex
100
AcDb2dVertex
 10
140.5887883333333
 20
342.3638130555555
 30
0.0
  0
SEQEND
  5
19B
330
194
100
AcDbEntity
  8
DEFAULT
 62
     1
  0
SPLINE
  5
19C
330
1F
100
AcDbEntity
  8
DEFAULT
 62
     1
100
AcDbSpline
210
0.0
220
0.0
230
1.0
 70
     8
 71
     3
 72
    14
 73
    10
 74
     0
 42
0.000000001
 43
0.0000000001
 40
0.0
 40
0.0
 40
0.0
 40
0.0
 40
1.0
 40
1.0
 40
1.0
 40
2.0
 40
2.0
 40
2.0
 40
3.0
 40
3.0
 40
3.0
 40
3.0
 10
44.22221138888888
 20
200.7581780555555
 30
0.0
 10
44.70904472222222
 20
200.7581780555555
 30
0.0
 10
45.1253225
 20
201.1109558333333
 30
0.0
 10
45.20646138888888
 20
201.5939086111111
 30
0.0
 10
47.72282527777777
 20
216.6585780555556
 30
0.0
 10
50.23954194444443
 20
231.7236002777777
 30
0.0
 10
52.75590583333332
 20
246.7882697222222
 30
0.0
 10
52.85821138888888
 20
247.3985752777778
 30
0.0
 10
52.38901694444444
 20
247.9524363888889
 30
0.0
 10
51.77165583333333
 20
247.9524363888889
 30
0.0
  0
POLYLINE
  5
19D
330
1F
100
AcDbEntity
  8
DEFAULT
 62
     1
100
AcDb2dPolyline
 66
     1
 10
0.0
 20
0.0
 30
0.0
  0
VERTEX
  5
19E
330
19D
100
AcDbEntity
  8
DEFAULT
 62
     1
100
AcDbVertex
100
AcDb2dVertex
 10
28.10365361111111
 20
200.7509461111111
 30
0.0
  0
VERTEX
  5
19F
330
19D
100
AcDbEntity
  8
DEFAULT
 62
     1
100
AcDbVertex
100
AcDb2dVertex
 10
28.10012583333333
 20
202.2537794444445
 30
0.0
  0
VERTEX
  5
1A0
330
19D
100
AcDbEntity
  8
DEFAULT
 62
     1
100
AcDbVertex
100
AcDb2dVertex
 10
31.29982027777778
 20
202.2537794444444
 30
0.0
  0
VERTEX
  5
1A1
330
19D
100
AcDbEntity
  8
DEFAULT
 62
     1
100
AcDbVertex
100
AcDb2dVertex
 10
31.29982027777778
 20
200.7544738888889
 30
0.0
  0
SEQEND
  5
1A2
330
19D
100
AcDbEntity
  8
DEFAULT
 62
     1
  0
SPLINE
  5
1A3
330
1F
100
AcDbEntity
  8
DEFAULT
 62
     1
100
AcDbSpline
210
0.0
220
0.0
230
1.0
 70
     8
 71
     3
 72
    26
 73
    22
 74
     0
 42
0.000000001
 43
0.0000000001
 40
0.0
 40
0.0
 40
0.0
 40
0.0
 40
1.0
 40
1.0
 40
1.0
 40
2.0
 40
2.0
 40
2.0
 40
3.0
 40
3.0
 40
3.0
 40
4.0
 40
4.0
 40
4.0
 40
5.0
 40
5.0
 40
5.0
 40
6.0
 40
6.0
 40
6.0
 40
7.0
 40
7.0
 40
7.0
 40
7.0
 10
7.607405833333332
 20
247.9422058333333
 30
0.0
 10
6.990044722222222
 20
247.9422058333333
 30
0.0
 10
6.520850277777776
 20
247.3883447222222
 30
0.0
 10
6.619628055555554
 20
246.7776863888889
 30
0.0
 10
7.200653055555555
 20
243.3088225
 30
0.0
 10
7.781325277777777
 20
239.8396058333333
 30
0.0
 10
8.362350277777777
 20
236.3707419444444
 30
0.0
 10
14.02090583333333
 20
237.3271225
 30
0.0
 10
19.80646138888889
 20
234.1623530555555
 30
0.0
 10
21.85962805555555
 20
228.4512336111111
 30
0.0
 10
24.03979472222222
 20
222.3795752777777
 30
0.0
 10
20.99885027777777
 20
215.5430947222222
 30
0.0
 10
15.03690583333333
 20
213.0807058333333
 30
0.0
 10
14.16554472222222
 20
212.7208725
 30
0.0
 10
13.28360027777778
 20
212.4700475
 30
0.0
 10
12.39460027777777
 20
212.3218808333333
 30
0.0
 10
12.99538083333333
 20
208.7436558333333
 30
0.0
 10
13.59651416666667
 20
205.1654308333333
 30
0.0
 10
14.19729472222222
 20
201.5872058333333
 30
0.0
 10
14.27490583333333
 20
201.1035475
 30
0.0
 10
14.69471138888889
 20
200.7507697222222
 30
0.0
 10
15.18154472222222
 20
200.7507697222222
 30
0.0
  0
SPLINE
  5
1A4
330
1F
100
AcDbEntity
  8
DEFAULT
 62
     1
100
AcDbSpline
210
0.0
220
0.0
230
1.0
 70
     8
 71
     3
 72
    26
 73
    22
 74
     0
 42
0.000000001
 43
0.0000000001
 40
0.0
 40
0.0
 40
0.0
 40
0.0
 40
1.0
 40
1.0
 40
1.0
 40
2.0
 40
2.0
 40
2.0
 40
3.0
 40
3.0
 40
3.0
 40
4.0
 40
4.0
 40
4.0
 40
5.0
 40
5.0
 40
5.0
 40
6.0
 40
6.0
 40
6.0
 40
7.0
 40
7.0
 40
7.0
 40
7.0
 10
33.28610027777777
 20
247.9456277777777
 30
0.0
 10
32.37593361111111
 20
247.9456277777777
 30
0.0
 10
32.31948916666666
 20
247.1938583333333
 30
0.0
 10
31.69154472222222
 20
246.4463222222222
 30
0.0
 10
31.6315725
 20
246.4463222222222
 30
0.0
 10
31.1870725
 20
245.3315444444444
 30
0.0
 10
31.18354472222222
 20
243.9486555555555
 30
0.0
 10
31.18354472222222
 20
242.5622388888889
 30
0.0
 10
31.23293361111111
 20
241.785775
 30
0.0
 10
31.22940583333333
 20
241.4439333333333
 30
0.0
 10
30.23104472222222
 20
241.4464027777777
 30
0.0
 10
29.23268361111111
 20
241.4485194444444
 30
0.0
 10
28.2343225
 20
241.4509888888889
 30
0.0
 10
28.23079472222222
 20
241.7896555555555
 30
0.0
 10
28.28371138888888
 20
242.5657666666666
 30
0.0
 10
28.28371138888888
 20
243.9486555555555
 30
0.0
 10
28.28371138888888
 20
245.320961111111
 30
0.0
 10
27.8356836111111
 20
246.4463222222222
 30
0.0
 10
27.78276694444444
 20
246.4463222222222
 30
0.0
 10
27.1548225
 20
247.1977388888889
 30
0.0
 10
26.99960027777778
 20
247.9491555555555
 30
0.0
 10
26.09296138888888
 20
247.9491555555555
 30
0.0
  0
SPLINE
  5
1A5
330
1F
100
AcDbEntity
  8
DEFAULT
 62
    18
100
AcDbSpline
210
0.0
220
0.0
230
1.0
 70
    11
 71
     3
 72
    26
 73
    22
 74
     0
 42
0.000000001
 43
0.0000000001
 40
0.0
 40
0.0
 40
0.0
 40
0.0
 40
1.0
 40
1.0
 40
1.0
 40
2.0
 40
2.0
 40
2.0
 40
3.0
 40
3.0
 40
3.0
 40
4.0
 40
4.0
 40
4.0
 40
5.0
 40
5.0
 40
5.0
 40
6.0
 40
6.0
 40
6.0
 40
11.63500000000001
 40
11.63500000000001
 40
11.63500000000001
 40
11.63500000000001
 10
28.79612111111111
 20
235.8065091666666
 30
0.0
 10
28.772485
 20
235.9656119444444
 30
0.0
 10
28.75414055555555
 20
236.1543480555555
 30
0.0
 10
28.75449333333333
 20
236.3614286111111
 30
0.0
 10
28.75449333333333
 20
236.7364313888889
 30
0.0
 10
28.84162944444444
 20
237.0034841666667
 30
0.0
 10
29.00637666666667
 20
237.1798730555556
 30
0.0
 10
29.17112388888889
 20
237.3594369444444
 30
0.0
 10
29.40536833333333
 20
237.4649175
 30
0.0
 10
29.73204055555556
 20
237.4645647222222
 30
0.0
 10
30.06188777777777
 20
237.4645647222222
 30
0.0
 10
30.33211555555555
 20
237.3626119444444
 30
0.0
 10
30.51767666666666
 20
237.1735230555555
 30
0.0
 10
30.70641277777778
 20
236.9847869444444
 30
0.0
 10
30.80801277777778
 20
236.6725786111111
 30
0.0
 10
30.80801277777778
 20
236.2799369444444
 30
0.0
 10
30.80801277777778
 20
236.0940230555556
 30
0.0
 10
30.79919333333333
 20
235.9380952777778
 30
0.0
 10
30.78402388888889
 20
235.8065091666666
 30
0.0
 10
30.12138962962963
 20
235.8065091666666
 30
0.0
 10
29.45875537037037
 20
235.8065091666666
 30
0.0
 10
28.79612111111111
 20
235.8065091666666
 30
0.0
  0
SPLINE
  5
1A6
330
1F
100
AcDbEntity
  8
DEFAULT
 62
    18
100
AcDbSpline
210
0.0
220
0.0
230
1.0
 70
     8
 71
     3
 72
    23
 73
    19
 74
     0
 42
0.000000001
 43
0.0000000001
 40
0.0
 40
0.0
 40
0.0
 40
0.0
 40
1.0
 40
1.0
 40
1.0
 40
2.0
 40
2.0
 40
2.0
 40
3.0
 40
3.0
 40
3.0
 40
4.0
 40
4.0
 40
4.0
 40
5.0
 40
5.0
 40
5.0
 40
6.0
 40
6.0
 40
6.0
 40
6.0
 10
30.657165
 20
238.0141219444444
 30
0.0
 10
30.72031222222222
 20
238.1100775
 30
0.0
 10
30.78910388888888
 20
238.3019886111111
 30
0.0
 10
30.78910388888888
 20
238.5210636111111
 30
0.0
 10
30.78945666666666
 20
238.9888469444444
 30
0.0
 10
30.51675944444444
 20
239.2315580555556
 30
0.0
 10
30.20490388888889
 20
239.2315580555556
 30
0.0
 10
29.93185388888888
 20
239.2315580555556
 30
0.0
 10
29.75193722222222
 20
239.0368247222222
 30
0.0
 10
29.69796222222222
 20
238.7972886111111
 30
0.0
 10
29.61117888888888
 20
239.0371775
 30
0.0
 10
29.44043444444444
 20
239.1571219444444
 30
0.0
 10
29.23899833333333
 20
239.1571219444444
 30
0.0
 10
29.00228444444444
 20
239.1571219444444
 30
0.0
 10
28.77438999999999
 20
238.9832025
 30
0.0
 10
28.77438999999999
 20
238.5993802777778
 30
0.0
 10
28.77403722222222
 20
238.3894775
 30
0.0
 10
28.84917888888888
 20
238.1919219444444
 30
0.0
 10
28.92432055555555
 20
238.0899691666667
 30
0.0
  0
SPLINE
  5
1A7
330
1F
100
AcDbEntity
  8
DEFAULT
 62
     1
100
AcDbSpline
210
0.0
220
0.0
230
1.0
 70
    11
 71
     3
 72
    68
 73
    64
 74
     0
 42
0.000000001
 43
0.0000000001
 40
1.0
 40
1.0
 40
1.0
 40
1.0
 40
2.0
 40
2.0
 40
2.0
 40
3.0
 40
3.0
 40
3.0
 40
4.0
 40
4.0
 40
4.0
 40
5.0
 40
5.0
 40
5.0
 40
42.78999999999999
 40
42.78999999999999
 40
42.78999999999999
 40
43.78999999999999
 40
43.78999999999999
 40
43.78999999999999
 40
44.78999999999999
 40
44.78999999999999
 40
44.78999999999999
 40
45.78999999999999
 40
45.78999999999999
 40
45.78999999999999
 40
46.78999999999999
 40
46.78999999999999
 40
46.78999999999999
 40
47.78999999999999
 40
47.78999999999999
 40
47.78999999999999
 40
48.78999999999999
 40
48.78999999999999
 40
48.78999999999999
 40
49.78999999999999
 40
49.78999999999999
 40
49.78999999999999
 40
50.78999999999999
 40
50.78999999999999
 40
50.78999999999999
 40
51.78999999999999
 40
51.78999999999999
 40
51.78999999999999
 40
52.78999999999999
 40
52.78999999999999
 40
52.78999999999999
 40
53.78999999999999
 40
53.78999999999999
 40
53.78999999999999
 40
54.78999999999999
 40
54.78999999999999
 40
54.78999999999999
 40
59.03999999999999
 40
59.03999999999999
 40
59.03999999999999
 40
60.03999999999999
 40
60.03999999999999
 40
60.03999999999999
 40
64.28
 40
64.28
 40
64.28
 40
65.28
 40
65.28
 40
65.28
 40
65.28
 10
51.97626694444445
 20
247.949085
 30
0.0
 10
52.50896138888888
 20
247.949085
 30
0.0
 10
52.94993361111111
 20
248.3653627777777
 30
0.0
 10
52.97462805555556
 20
248.8977044444444
 30
0.0
 10
53.59198916666667
 20
261.4685877777778
 30
0.0
 10
54.20935027777778
 20
274.0391183333333
 30
0.0
 10
54.8267113888889
 20
286.6100016666667
 30
0.0
 10
53.87068361111111
 20
286.9910016666666
 30
0.0
 10
52.9358225
 20
287.4813627777777
 30
0.0
 10
52.0468225
 20
288.0846127777777
 30
0.0
 10
49.42921138888889
 20
289.8657877777777
 30
0.0
 10
47.59123916666667
 20
292.3669822222222
 30
0.0
 10
46.6175725
 20
295.1433433333333
 30
0.0
 10
42.17374842592593
 20
295.1433433333333
 30
0.0
 10
37.72992435185186
 20
295.1433433333333
 30
0.0
 10
33.28610027777778
 20
295.1433433333333
 30
0.0
 10
32.37946138888889
 20
295.1433433333333
 30
0.0
 10
32.31948916666667
 20
294.3954544444444
 30
0.0
 10
31.69154472222223
 20
293.6440377777777
 30
0.0
 10
31.6315725
 20
293.6440377777777
 30
0.0
 10
31.1870725
 20
292.52926
 30
0.0
 10
31.18354472222223
 20
291.1463711111111
 30
0.0
 10
31.18354472222223
 20
289.7603072222222
 30
0.0
 10
31.23293361111111
 20
288.9838433333333
 30
0.0
 10
31.22940583333333
 20
288.6420016666667
 30
0.0
 10
30.23104472222222
 20
288.6441183333333
 30
0.0
 10
29.23268361111111
 20
288.6465877777778
 30
0.0
 10
28.2343225
 20
288.6487044444444
 30
0.0
 10
28.23079472222222
 20
288.9877238888889
 30
0.0
 10
28.28371138888889
 20
289.7634822222222
 30
0.0
 10
28.28371138888889
 20
291.1463711111111
 30
0.0
 10
28.28371138888889
 20
292.5225572222222
 30
0.0
 10
27.83568361111111
 20
293.6475655555555
 30
0.0
 10
27.78276694444445
 20
293.6475655555555
 30
0.0
 10
27.1548225
 20
294.399335
 30
0.0
 10
26.99960027777778
 20
295.1468711111111
 30
0.0
 10
26.09296138888889
 20
295.1468711111111
 30
0.0
 10
19.12207250000001
 20
295.1479294444445
 30
0.0
 10
12.15118361111112
 20
295.1493405555556
 30
0.0
 10
5.180294722222224
 20
295.1503988888888
 30
0.0
 10
4.605266944444448
 20
295.1503988888888
 30
0.0
 10
4.150183611111117
 20
294.6741488888889
 30
0.0
 10
4.178405833333334
 20
294.1030016666667
 30
0.0
 10
4.912183611111116
 20
279.0379794444444
 30
0.0
 10
5.645961388888889
 20
263.97331
 30
0.0
 10
6.379739166666671
 20
248.9082877777778
 30
0.0
 10
6.404433611111113
 20
248.3755933333333
 30
0.0
 10
6.845405833333335
 20
247.9561405555555
 30
0.0
 10
7.378100277777781
 20
247.9561405555555
 30
0.0
 10
14.27949194444445
 20
247.9550822222222
 30
0.0
 10
21.18123638888889
 20
247.9536711111111
 30
0.0
 10
28.08262805555556
 20
247.9526127777777
 30
0.0
 10
28.08262805555556
 20
248.4523812962963
 30
0.0
 10
28.08262805555556
 20
248.9521498148148
 30
0.0
 10
28.08262805555556
 20
249.4519183333333
 30
0.0
 10
29.14695861111112
 20
249.4508599999999
 30
0.0
 10
30.21093638888889
 20
249.4494488888889
 30
0.0
 10
31.27526694444444
 20
249.4483905555555
 30
0.0
 10
31.27526694444444
 20
248.9497979629629
 30
0.0
 10
31.27526694444444
 20
248.4512053703703
 30
0.0
 10
31.27526694444444
 20
247.9526127777777
 30
0.0
 10
38.17560027777778
 20
247.9515544444444
 30
0.0
 10
45.07593361111111
 20
247.9501433333333
 30
0.0
 10
51.97626694444445
 20
247.949085
 30
0.0
  0
SPLINE
  5
1A8
330
1F
100
AcDbEntity
  8
DEFAULT
 62
    18
100
AcDbSpline
210
0.0
220
0.0
230
1.0
 70
     8
 71
     3
 72
    17
 73
    13
 74
     0
 42
0.000000001
 43
0.0000000001
 40
0.0
 40
0.0
 40
0.0
 40
0.0
 40
1.0
 40
1.0
 40
1.0
 40
2.0
 40
2.0
 40
2.0
 40
3.0
 40
3.0
 40
3.0
 40
4.0
 40
4.0
 40
4.0
 40
4.0
 10
30.7260625
 20
284.5366913888889
 30
0.0
 10
30.77404027777777
 20
284.4407358333333
 30
0.0
 10
30.82166527777778
 20
284.2488247222222
 30
0.0
 10
30.82166527777778
 20
284.0025858333333
 30
0.0
 10
30.82201805555555
 20
283.4332024999999
 30
0.0
 10
30.46218472222222
 20
283.0042247222222
 30
0.0
 10
29.80002083333333
 20
283.0042247222222
 30
0.0
 10
29.1671375
 20
283.0042247222222
 30
0.0
 10
28.73815972222222
 20
283.4328497222222
 30
0.0
 10
28.73815972222222
 20
284.0590302777777
 30
0.0
 10
28.73815972222222
 20
284.3112663888888
 30
0.0
 10
28.79213472222222
 20
284.4703691666667
 30
0.0
 10
28.82776527777778
 20
284.5395136111111
 30
0.0
  0
SPLINE
  5
1A9
330
1F
100
AcDbEntity
  8
DEFAULT
 62
    18
100
AcDbSpline
210
0.0
220
0.0
230
1.0
 70
     8
 71
     3
 72
    23
 73
    19
 74
     0
 42
0.000000001
 43
0.0000000001
 40
0.0
 40
0.0
 40
0.0
 40
0.0
 40
1.0
 40
1.0
 40
1.0
 40
2.0
 40
2.0
 40
2.0
 40
3.0
 40
3.0
 40
3.0
 40
4.0
 40
4.0
 40
4.0
 40
5.0
 40
5.0
 40
5.0
 40
6.0
 40
6.0
 40
6.0
 40
6.0
 10
30.65543638888889
 20
285.1509480555555
 30
0.0
 10
30.71858361111111
 20
285.2469036111111
 30
0.0
 10
30.78737527777777
 20
285.4384619444444
 30
0.0
 10
30.7870225
 20
285.6578897222222
 30
0.0
 10
30.7870225
 20
286.1256730555556
 30
0.0
 10
30.51432527777777
 20
286.3680313888889
 30
0.0
 10
30.20246972222222
 20
286.3680313888889
 30
0.0
 10
29.92941972222222
 20
286.3680313888889
 30
0.0
 10
29.74985583333333
 20
286.1729452777778
 30
0.0
 10
29.69588083333333
 20
285.9334091666666
 30
0.0
 10
29.60874472222222
 20
286.1729452777778
 30
0.0
 10
29.43800027777778
 20
286.2928897222222
 30
0.0
 10
29.23691694444444
 20
286.2928897222222
 30
0.0
 10
29.00020305555555
 20
286.2928897222222
 30
0.0
 10
28.77195583333333
 20
286.1189702777778
 30
0.0
 10
28.77230861111111
 20
285.7351480555556
 30
0.0
 10
28.77230861111111
 20
285.5255980555556
 30
0.0
 10
28.84745027777777
 20
285.3276897222222
 30
0.0
 10
28.92223916666667
 20
285.2257369444444
 30
0.0
  0
SPLINE
  5
1AA
330
1F
100
AcDbEntity
  8
DEFAULT
 62
     1
100
AcDbSpline
210
0.0
220
0.0
230
1.0
 70
     8
 71
     3
 72
    53
 73
    49
 74
     0
 42
0.000000001
 43
0.0000000001
 40
0.0
 40
0.0
 40
0.0
 40
0.0
 40
1.0
 40
1.0
 40
1.0
 40
2.0
 40
2.0
 40
2.0
 40
3.0
 40
3.0
 40
3.0
 40
4.0
 40
4.0
 40
4.0
 40
5.0
 40
5.0
 40
5.0
 40
6.0
 40
6.0
 40
6.0
 40
7.0
 40
7.0
 40
7.0
 40
8.0
 40
8.0
 40
8.0
 40
9.0
 40
9.0
 40
9.0
 40
10.0
 40
10.0
 40
10.0
 40
11.0
 40
11.0
 40
11.0
 40
12.0
 40
12.0
 40
12.0
 40
13.0
 40
13.0
 40
13.0
 40
14.0
 40
14.0
 40
14.0
 40
15.0
 40
15.0
 40
15.0
 40
16.0
 40
16.0
 40
16.0
 40
16.0
 10
45.91187583333333
 20
295.1356880555555
 30
0.0
 10
43.06143138888888
 20
300.1800575
 30
0.0
 10
43.47770916666666
 20
306.6746963888889
 30
0.0
 10
47.43940361111111
 20
311.3595852777777
 30
0.0
 10
49.13626472222222
 20
313.3672436111111
 30
0.0
 10
51.27057027777777
 20
314.7921130555555
 30
0.0
 10
53.5847925
 20
315.6038547222222
 30
0.0
 10
52.86618416666666
 20
324.2056352777777
 30
0.0
 10
52.14792861111111
 20
332.8077686111111
 30
0.0
 10
51.42932027777778
 20
341.4095491666666
 30
0.0
 10
51.38698694444444
 20
341.9277797222222
 30
0.0
 10
50.95307027777777
 20
342.3267713888889
 30
0.0
 10
50.43448694444444
 20
342.3267713888889
 30
0.0
 10
44.71842861111111
 20
342.3302991666666
 30
0.0
 10
39.00201749999999
 20
342.3334741666666
 30
0.0
 10
33.28595916666666
 20
342.3370019444444
 30
0.0
 10
32.37932027777778
 20
342.3370019444444
 30
0.0
 10
32.31934805555555
 20
341.5891130555555
 30
0.0
 10
31.69140361111111
 20
340.8376963888888
 30
0.0
 10
31.63143138888889
 20
340.8376963888888
 30
0.0
 10
31.18693138888888
 20
339.7225658333333
 30
0.0
 10
31.18340361111111
 20
338.3400297222222
 30
0.0
 10
31.18340361111111
 20
336.9536130555555
 30
0.0
 10
31.2327925
 20
336.1778547222222
 30
0.0
 10
31.22926472222222
 20
335.8353075
 30
0.0
 10
30.23090361111111
 20
335.8374241666666
 30
0.0
 10
29.2325425
 20
335.8398936111111
 30
0.0
 10
28.23418138888889
 20
335.8420102777778
 30
0.0
 10
28.23065361111111
 20
336.1813825
 30
0.0
 10
28.28357027777778
 20
336.9571408333333
 30
0.0
 10
28.28357027777778
 20
338.3400297222222
 30
0.0
 10
28.28357027777778
 20
339.7158630555555
 30
0.0
 10
27.8355425
 20
340.8412241666666
 30
0.0
 10
27.78262583333333
 20
340.8412241666666
 30
0.0
 10
27.15468138888889
 20
341.5891130555555
 30
0.0
 10
26.99945916666666
 20
342.3370019444444
 30
0.0
 10
26.09282027777777
 20
342.3370019444444
 30
0.0
 10
20.37535083333333
 20
342.3405297222222
 30
0.0
 10
14.65823416666666
 20
342.3440575
 30
0.0
 10
8.940764722222223
 20
342.3475852777777
 30
0.0
 10
8.422181388888891
 20
342.3511130555555
 30
0.0
 10
7.988264722222223
 20
341.9524741666667
 30
0.0
 10
7.945931388888887
 20
341.4338908333333
 30
0.0
 10
6.673461944444443
 20
326.3692213888889
 30
0.0
 10
5.401345277777779
 20
311.3041991666666
 30
0.0
 10
4.128875833333335
 20
296.2395297222222
 30
0.0
 10
4.079486944444445
 20
295.6574463888889
 30
0.0
 10
4.538098055555555
 20
295.1565019444444
 30
0.0
 10
5.123709166666665
 20
295.1565019444444
 30
0.0
  0
POLYLINE
  5
1AB
330
1F
100
AcDbEntity
  8
DEFAULT
 62
     1
100
AcDb2dPolyline
 66
     1
 10
0.0
 20
0.0
 30
0.0
  0
VERTEX
  5
1AC
330
1AB
100
AcDbEntity
  8
DEFAULT
 62
     1
100
AcDbVertex
100
AcDb2dVertex
 10
26.09292611111111
 20
295.1469063888889
 30
0.0
  0
VERTEX
  5
1AD
330
1AB
100
AcDbEntity
  8
DEFAULT
 62
     1
100
AcDbVertex
100
AcDb2dVertex
 10
28.06848166666666
 20
295.1462008333333
 30
0.0
  0
VERTEX
  5
1AE
330
1AB
100
AcDbEntity
  8
DEFAULT
 62
     1
100
AcDbVertex
100
AcDb2dVertex
 10
28.06848166666666
 20
296.6419786111111
 30
0.0
  0
VERTEX
  5
1AF
330
1AB
100
AcDbEntity
  8
DEFAULT
 62
     1
100
AcDbVertex
100
AcDb2dVertex
 10
31.26464833333333
 20
296.6419786111111
 30
0.0
  0
VERTEX
  5
1B0
330
1AB
100
AcDbEntity
  8
DEFAULT
 62
     1
100
AcDbVertex
100
AcDb2dVertex
 10
31.26112055555556
 20
295.1462008333333
 30
0.0
  0
VERTEX
  5
1B1
330
1AB
100
AcDbEntity
  8
DEFAULT
 62
     1
100
AcDbVertex
100
AcDb2dVertex
 10
33.286065
 20
295.1433786111111
 30
0.0
  0
SEQEND
  5
1B2
330
1AB
100
AcDbEntity
  8
DEFAULT
 62
     1
  0
SPLINE
  5
1B3
330
1F
100
AcDbEntity
  8
DEFAULT
 62
    18
100
AcDbSpline
210
0.0
220
0.0
230
1.0
 70
    11
 71
     3
 72
    32
 73
    28
 74
     0
 42
0.000000001
 43
0.0000000001
 40
1.0
 40
1.0
 40
1.0
 40
1.0
 40
2.0
 40
2.0
 40
2.0
 40
3.0
 40
3.0
 40
3.0
 40
4.0
 40
4.0
 40
4.0
 40
5.0
 40
5.0
 40
5.0
 40
6.0
 40
6.0
 40
6.0
 40
7.0
 40
7.0
 40
7.0
 40
8.0
 40
8.0
 40
8.0
 40
9.0
 40
9.0
 40
9.0
 40
10.0
 40
10.0
 40
10.0
 40
10.0
 10
28.78991222222222
 20
330.1957313888889
 30
0.0
 10
28.76627611111111
 20
330.3093258333333
 30
0.0
 10
28.74793166666667
 20
330.4895952777777
 30
0.0
 10
28.74793166666667
 20
330.6726869444444
 30
0.0
 10
28.74793166666667
 20
330.9333897222222
 30
0.0
 10
28.79273444444444
 20
331.1009591666667
 30
0.0
 10
28.89468722222222
 20
331.2272536111111
 30
0.0
 10
28.97265111111111
 20
331.3320286111111
 30
0.0
 10
29.09224277777778
 20
331.3951758333333
 30
0.0
 10
29.25134555555556
 20
331.3951758333333
 30
0.0
 10
29.44607888888889
 20
331.3951758333333
 30
0.0
 10
29.61717611111111
 20
331.1387063888889
 30
0.0
 10
29.69514
 20
330.9256286111111
 30
0.0
 10
29.69514
 20
330.9256286111111
 30
0.0
 10
29.907865
 20
331.4703175
 30
0.0
 10
30.20772611111111
 20
331.4706702777777
 30
0.0
 10
30.38164555555555
 20
331.4710230555555
 30
0.0
 10
30.51358444444444
 20
331.401878611111
 30
0.0
 10
30.61236222222222
 20
331.2999258333333
 30
0.0
 10
30.74147888888889
 20
331.1588147222222
 30
0.0
 10
30.80145111111111
 20
330.9312730555556
 30
0.0
 10
30.80180388888889
 20
330.6014258333333
 30
0.0
 10
30.80180388888889
 20
330.4218619444444
 30
0.0
 10
30.79016222222222
 20
330.2839258333333
 30
0.0
 10
30.77816777777777
 20
330.1967897222222
 30
0.0
 10
30.11529833333333
 20
330.1964369444444
 30
0.0
 10
29.45278166666667
 20
330.1960841666666
 30
0.0
 10
28.78991222222222
 20
330.1957313888889
 30
0.0
  0
SPLINE
  5
1B4
330
1F
100
AcDbEntity
  8
DEFAULT
 62
    18
100
AcDbSpline
210
0.0
220
0.0
230
1.0
 70
     8
 71
     3
 72
    23
 73
    19
 74
     0
 42
0.000000001
 43
0.0000000001
 40
0.0
 40
0.0
 40
0.0
 40
0.0
 40
1.0
 40
1.0
 40
1.0
 40
2.0
 40
2.0
 40
2.0
 40
3.0
 40
3.0
 40
3.0
 40
4.0
 40
4.0
 40
4.0
 40
5.0
 40
5.0
 40
5.0
 40
6.0
 40
6.0
 40
6.0
 40
6.0
 10
30.64958027777778
 20
332.2128441666666
 30
0.0
 10
30.71237472222222
 20
332.3087997222222
 30
0.0
 10
30.78116638888889
 20
332.5003580555555
 30
0.0
 10
30.78116638888889
 20
332.7197858333333
 30
0.0
 10
30.78081361111111
 20
333.1875691666667
 30
0.0
 10
30.50776361111111
 20
333.4299275
 30
0.0
 10
30.19626083333333
 20
333.4299275
 30
0.0
 10
29.92321083333333
 20
333.4299275
 30
0.0
 10
29.74364694444444
 20
333.2348413888889
 30
0.0
 10
29.68967194444444
 20
332.9949525
 30
0.0
 10
29.60253583333333
 20
333.2348413888889
 30
0.0
 10
29.43143861111111
 20
333.3544330555555
 30
0.0
 10
29.23070805555555
 20
333.3544330555555
 30
0.0
 10
28.99399416666667
 20
333.3540802777778
 30
0.0
 10
28.76574694444444
 20
333.1801608333333
 30
0.0
 10
28.76609972222222
 20
332.7963386111111
 30
0.0
 10
28.7664525
 20
332.586788611111
 30
0.0
 10
28.84159416666667
 20
332.3888802777777
 30
0.0
 10
28.91673583333333
 20
332.2869275
 30
0.0
  0
POLYLINE
  5
1B5
330
1F
100
AcDbEntity
  8
DEFAULT
 62
     1
100
AcDb2dPolyline
 66
     1
 10
0.0
 20
0.0
 30
0.0
  0
VERTEX
  5
1B6
330
1B5
100
AcDbEntity
  8
DEFAULT
 62
     1
100
AcDbVertex
100
AcDb2dVertex
 10
26.09292611111111
 20
342.3371077777778
 30
0.0
  0
VERTEX
  5
1B7
330
1B5
100
AcDbEntity
  8
DEFAULT
 62
     1
100
AcDbVertex
100
AcDb2dVertex
 10
28.08964833333333
 20
342.3618022222223
 30
0.0
  0
VERTEX
  5
1B8
330
1B5
100
AcDbEntity
  8
DEFAULT
 62
     1
100
AcDbVertex
100
AcDb2dVertex
 10
28.09317611111111
 20
343.8575799999999
 30
0.0
  0
VERTEX
  5
1B9
330
1B5
100
AcDbEntity
  8
DEFAULT
 62
     1
100
AcDbVertex
100
AcDb2dVertex
 10
31.28934277777778
 20
343.8575799999999
 30
0.0
  0
VERTEX
  5
1BA
330
1B5
100
AcDbEntity
  8
DEFAULT
 62
     1
100
AcDbVertex
100
AcDb2dVertex
 10
31.285815
 20
342.3582744444444
 30
0.0
  0
VERTEX
  5
1BB
330
1B5
100
AcDbEntity
  8
DEFAULT
 62
     1
100
AcDbVertex
100
AcDb2dVertex
 10
33.286065
 20
342.3371077777778
 30
0.0
  0
SEQEND
  5
1BC
330
1B5
100
AcDbEntity
  8
DEFAULT
 62
     1
  0
SPLINE
  5
1BD
330
1F
100
AcDbEntity
  8
DEFAULT
 62
     1
100
AcDbSpline
210
0.0
220
0.0
230
1.0
 70
     8
 71
     3
 72
    59
 73
    55
 74
     0
 42
0.000000001
 43
0.0000000001
 40
0.0
 40
0.0
 40
0.0
 40
0.0
 40
1.0
 40
1.0
 40
1.0
 40
2.0
 40
2.0
 40
2.0
 40
3.0
 40
3.0
 40
3.0
 40
4.0
 40
4.0
 40
4.0
 40
5.0
 40
5.0
 40
5.0
 40
6.0
 40
6.0
 40
6.0
 40
7.0
 40
7.0
 40
7.0
 40
8.0
 40
8.0
 40
8.0
 40
9.0
 40
9.0
 40
9.0
 40
10.0
 40
10.0
 40
10.0
 40
11.0
 40
11.0
 40
11.0
 40
12.0
 40
12.0
 40
12.0
 40
13.0
 40
13.0
 40
13.0
 40
14.0
 40
14.0
 40
14.0
 40
15.0
 40
15.0
 40
15.0
 40
16.0
 40
16.0
 40
16.0
 40
17.0
 40
17.0
 40
17.0
 40
18.0
 40
18.0
 40
18.0
 40
18.0
 10
50.03235555555555
 20
342.3371077777778
 30
0.0
 10
50.6603
 20
342.3371077777778
 30
0.0
 10
51.13302222222222
 20
342.9117827777778
 30
0.0
 10
51.01660555555555
 20
343.5291438888889
 30
0.0
 10
50.17240833333333
 20
347.9014716666666
 30
0.0
 10
49.32785833333333
 20
352.2734466666666
 30
0.0
 10
48.48366111111112
 20
356.6457744444444
 30
0.0
 10
46.57866111111112
 20
356.1268383333333
 30
0.0
 10
44.5008
 20
356.1762272222222
 30
0.0
 10
42.50055
 20
356.9033022222222
 30
0.0
 10
37.34999444444444
 20
358.7836077777778
 30
0.0
 10
34.69710555555556
 20
364.4844966666666
 30
0.0
 10
36.57741111111111
 20
369.63858
 30
0.0
 10
37.90385555555556
 20
373.2686633333333
 30
0.0
 10
41.12824444444445
 20
375.6640244444444
 30
0.0
 10
44.72657777777778
 20
376.0908855555555
 30
0.0
 10
43.91060277777778
 20
380.3125772222222
 30
0.0
 10
43.094275
 20
384.5339161111111
 30
0.0
 10
42.2783
 20
388.7556077777778
 30
0.0
 10
42.18657777777778
 20
389.2248022222222
 30
0.0
 10
41.77382777777778
 20
389.5634688888888
 30
0.0
 10
41.29757777777778
 20
389.5634688888888
 30
0.0
 10
38.64363055555555
 20
389.5669966666666
 30
0.0
 10
35.98933055555555
 20
389.5705244444444
 30
0.0
 10
33.33538333333333
 20
389.5740522222222
 30
0.0
 10
32.42874444444444
 20
389.5740522222222
 30
0.0
 10
32.31938333333333
 20
388.8261633333333
 30
0.0
 10
31.69143888888889
 20
388.0747466666666
 30
0.0
 10
31.63146666666667
 20
388.0747466666666
 30
0.0
 10
31.18696666666667
 20
386.9599688888888
 30
0.0
 10
31.18343888888889
 20
385.57708
 30
0.0
 10
31.18343888888889
 20
384.1906633333333
 30
0.0
 10
31.23282777777778
 20
383.4141994444444
 30
0.0
 10
31.2293
 20
383.0723577777777
 30
0.0
 10
30.23093888888889
 20
383.0748272222222
 30
0.0
 10
29.23257777777778
 20
383.0769438888889
 30
0.0
 10
28.23421666666667
 20
383.0794133333333
 30
0.0
 10
28.23068888888889
 20
383.4180799999999
 30
0.0
 10
28.28360555555556
 20
384.1941911111111
 30
0.0
 10
28.28360555555556
 20
385.57708
 30
0.0
 10
28.28360555555556
 20
386.9529133333333
 30
0.0
 10
27.83557777777778
 20
388.0782744444444
 30
0.0
 10
27.78266111111111
 20
388.0782744444444
 30
0.0
 10
25.1968
 20
388.0818022222222
 30
0.0
 10
23.09777222222223
 20
396.121255
 30
0.0
 10
19.78518888888889
 20
396.1251355555555
 30
0.0
 10
19.30541111111112
 20
396.1251355555555
 30
0.0
 10
18.35643888888889
 20
395.5218855555556
 30
0.0
 10
18.35643888888889
 20
394.68933
 30
0.0
 10
18.32821666666667
 20
370.9967744444444
 30
0.0
 10
12.46857777777778
 20
364.5762188888889
 30
0.0
 10
8.362244444444446
 20
343.5753577777778
 30
0.0
 10
8.242300000000006
 20
342.9579966666666
 30
0.0
 10
8.71149444444445
 20
342.3864966666666
 30
0.0
 10
9.342966666666669
 20
342.3864966666666
 30
0.0
  0
POLYLINE
  5
1BE
330
1F
100
AcDbEntity
  8
DEFAULT
 62
    18
100
AcDb2dPolyline
 66
     1
 10
0.0
 20
0.0
 30
0.0
  0
VERTEX
  5
1BF
330
1BE
100
AcDbEntity
  8
DEFAULT
 62
    18
100
AcDbVertex
100
AcDb2dVertex
 10
30.20239916666667
 20
378.8528886111112
 30
0.0
  0
VERTEX
  5
1C0
330
1BE
100
AcDbEntity
  8
DEFAULT
 62
    18
100
AcDbVertex
100
AcDb2dVertex
 10
30.20381027777778
 20
377.6918969444445
 30
0.0
  0
SEQEND
  5
1C1
330
1BE
100
AcDbEntity
  8
DEFAULT
 62
    18
  0
POLYLINE
  5
1C2
330
1F
100
AcDbEntity
  8
DEFAULT
 62
    18
100
AcDb2dPolyline
 66
     1
 10
0.0
 20
0.0
 30
0.0
  0
VERTEX
  5
1C3
330
1C2
100
AcDbEntity
  8
DEFAULT
 62
    18
100
AcDbVertex
100
AcDb2dVertex
 10
30.83905722222222
 20
377.429218611111
 30
0.0
  0
VERTEX
  5
1C4
330
1C2
100
AcDbEntity
  8
DEFAULT
 62
    18
100
AcDbVertex
100
AcDb2dVertex
 10
28.81728777777776
 20
378.2649491666666
 30
0.0
  0
VERTEX
  5
1C5
330
1C2
100
AcDbEntity
  8
DEFAULT
 62
    18
100
AcDbVertex
100
AcDb2dVertex
 10
30.83694055555555
 20
379.1200824999999
 30
0.0
  0
SEQEND
  5
1C6
330
1C2
100
AcDbEntity
  8
DEFAULT
 62
    18
  0
SPLINE
  5
1C7
330
1F
100
AcDbEntity
  8
DEFAULT
 62
    18
100
AcDbSpline
210
0.0
220
0.0
230
1.0
 70
     8
 71
     3
 72
    23
 73
    19
 74
     0
 42
0.000000001
 43
0.0000000001
 40
0.0
 40
0.0
 40
0.0
 40
0.0
 40
1.0
 40
1.0
 40
1.0
 40
2.0
 40
2.0
 40
2.0
 40
3.0
 40
3.0
 40
3.0
 40
4.0
 40
4.0
 40
4.0
 40
5.0
 40
5.0
 40
5.0
 40
6.0
 40
6.0
 40
6.0
 40
6.0
 10
30.70157972222222
 20
379.6535177777777
 30
0.0
 10
30.76437416666666
 20
379.7494733333332
 30
0.0
 10
30.83281305555555
 20
379.9413844444444
 30
0.0
 10
30.83281305555555
 20
380.1604594444444
 30
0.0
 10
30.8321075
 20
380.6282427777777
 30
0.0
 10
30.5590575
 20
380.8706011111111
 30
0.0
 10
30.24720194444444
 20
380.8702483333333
 30
0.0
 10
29.97415194444444
 20
380.8698955555556
 30
0.0
 10
29.79494083333333
 20
380.6751622222221
 30
0.0
 10
29.74096583333333
 20
380.4345677777777
 30
0.0
 10
29.65382972222222
 20
380.6748094444444
 30
0.0
 10
29.4827325
 20
380.794401111111
 30
0.0
 10
29.28200194444444
 20
380.794401111111
 30
0.0
 10
29.04493527777777
 20
380.7940483333333
 30
0.0
 10
28.81739361111111
 20
380.6197761111111
 30
0.0
 10
28.81774638888888
 20
380.2359538888888
 30
0.0
 10
28.81809916666666
 20
380.0260511111111
 30
0.0
 10
28.89324083333333
 20
379.8284955555555
 30
0.0
 10
28.9683825
 20
379.7261899999999
 30
0.0
  0
SPLINE
  5
1C8
330
1F
100
AcDbEntity
  8
DEFAULT
 62
     1
100
AcDbSpline
210
0.0
220
0.0
230
1.0
 70
    11
 71
     3
 72
   239
 73
   235
 74
     0
 42
0.000000001
 43
0.0000000001
 40
1.0
 40
1.0
 40
1.0
 40
1.0
 40
2.0
 40
2.0
 40
2.0
 40
3.0
 40
3.0
 40
3.0
 40
4.0
 40
4.0
 40
4.0
 40
5.0
 40
5.0
 40
5.0
 40
6.0
 40
6.0
 40
6.0
 40
7.0
 40
7.0
 40
7.0
 40
8.0
 40
8.0
 40
8.0
 40
9.0
 40
9.0
 40
9.0
 40
10.0
 40
10.0
 40
10.0
 40
11.0
 40
11.0
 40
11.0
 40
12.0
 40
12.0
 40
12.0
 40
13.0
 40
13.0
 40
13.0
 40
14.0
 40
14.0
 40
14.0
 40
15.0
 40
15.0
 40
15.0
 40
16.0
 40
16.0
 40
16.0
 40
17.0
 40
17.0
 40
17.0
 40
18.0
 40
18.0
 40
18.0
 40
19.0
 40
19.0
 40
19.0
 40
20.0
 40
20.0
 40
20.0
 40
21.0
 40
21.0
 40
21.0
 40
22.0
 40
22.0
 40
22.0
 40
23.0
 40
23.0
 40
23.0
 40
24.0
 40
24.0
 40
24.0
 40
25.0
 40
25.0
 40
25.0
 40
26.0
 40
26.0
 40
26.0
 40
27.0
 40
27.0
 40
27.0
 40
28.0
 40
28.0
 40
28.0
 40
29.0
 40
29.0
 40
29.0
 40
30.0
 40
30.0
 40
30.0
 40
31.0
 40
31.0
 40
31.0
 40
32.0
 40
32.0
 40
32.0
 40
33.0
 40
33.0
 40
33.0
 40
34.0
 40
34.0
 40
34.0
 40
35.0
 40
35.0
 40
35.0
 40
49.15999999999997
 40
49.15999999999997
 40
49.15999999999997
 40
57.65999999999997
 40
57.65999999999997
 40
57.65999999999997
 40
58.65999999999997
 40
58.65999999999997
 40
58.65999999999997
 40
59.65999999999997
 40
59.65999999999997
 40
59.65999999999997
 40
60.65999999999997
 40
60.65999999999997
 40
60.65999999999997
 40
65.2299999999999
 40
65.2299999999999
 40
65.2299999999999
 40
66.2299999999999
 40
66.2299999999999
 40
66.2299999999999
 40
67.2299999999999
 40
67.2299999999999
 40
67.2299999999999
 40
68.2299999999999
 40
68.2299999999999
 40
68.2299999999999
 40
69.2299999999999
 40
69.2299999999999
 40
69.2299999999999
 40
70.2299999999999
 40
70.2299999999999
 40
70.2299999999999
 40
71.2299999999999
 40
71.2299999999999
 40
71.2299999999999
 40
72.2299999999999
 40
72.2299999999999
 40
72.2299999999999
 40
136.1899999999999
 40
136.1899999999999
 40
136.1899999999999
 40
137.1899999999999
 40
137.1899999999999
 40
137.1899999999999
 40
138.1899999999999
 40
138.1899999999999
 40
138.1899999999999
 40
139.1899999999999
 40
139.1899999999999
 40
139.1899999999999
 40
140.1899999999999
 40
140.1899999999999
 40
140.1899999999999
 40
154.3599999999999
 40
154.3599999999999
 40
154.3599999999999
 40
162.8599999999999
 40
162.8599999999999
 40
162.8599999999999
 40
163.8599999999999
 40
163.8599999999999
 40
163.8599999999999
 40
164.8599999999999
 40
164.8599999999999
 40
164.8599999999999
 40
165.8599999999999
 40
165.8599999999999
 40
165.8599999999999
 40
166.8599999999999
 40
166.8599999999999
 40
166.8599999999999
 40
167.8599999999999
 40
167.8599999999999
 40
167.8599999999999
 40
168.8599999999999
 40
168.8599999999999
 40
168.8599999999999
 40
169.8599999999999
 40
169.8599999999999
 40
169.8599999999999
 40
170.8599999999999
 40
170.8599999999999
 40
170.8599999999999
 40
171.8599999999999
 40
171.8599999999999
 40
171.8599999999999
 40
172.8599999999999
 40
172.8599999999999
 40
172.8599999999999
 40
173.8599999999999
 40
173.8599999999999
 40
173.8599999999999
 40
174.8599999999999
 40
174.8599999999999
 40
174.8599999999999
 40
175.8599999999999
 40
175.8599999999999
 40
175.8599999999999
 40
176.8599999999999
 40
176.8599999999999
 40
176.8599999999999
 40
177.8599999999999
 40
177.8599999999999
 40
177.8599999999999
 40
178.8599999999999
 40
178.8599999999999
 40
178.8599999999999
 40
179.8599999999999
 40
179.8599999999999
 40
179.8599999999999
 40
180.8599999999999
 40
180.8599999999999
 40
180.8599999999999
 40
181.8599999999999
 40
181.8599999999999
 40
181.8599999999999
 40
182.8599999999999
 40
182.8599999999999
 40
182.8599999999999
 40
183.8599999999999
 40
183.8599999999999
 40
183.8599999999999
 40
184.8599999999999
 40
184.8599999999999
 40
184.8599999999999
 40
185.8599999999999
 40
185.8599999999999
 40
185.8599999999999
 40
186.8599999999999
 40
186.8599999999999
 40
186.8599999999999
 40
186.8599999999999
 10
286.2248388888889
 20
386.3843766666666
 30
0.0
 10
287.2729416666667
 20
386.7583211111111
 30
0.0
 10
289.9230083333333
 20
385.6562433333332
 30
0.0
 10
290.318825
 20
384.7333766666666
 30
0.0
 10
290.6137472222222
 20
384.0454599999999
 30
0.0
 10
291.3623416666666
 20
381.7876822222222
 30
0.0
 10
291.3623416666666
 20
381.7876822222222
 30
0.0
 10
314.4759888888889
 20
386.0704044444444
 30
0.0
 10
324.0715444444444
 20
386.5678211111111
 30
0.0
 10
325.0663777777777
 20
387.5626544444444
 30
0.0
 10
325.0663777777777
 20
387.6296822222222
 30
0.0
 10
326.0753222222222
 20
388.2611544444444
 30
0.0
 10
327.4299888888889
 20
388.5186822222221
 30
0.0
 10
328.7917111111111
 20
388.7691544444444
 30
0.0
 10
329.5642944444444
 20
388.8644044444444
 30
0.0
 10
329.8994333333333
 20
388.9279044444444
 30
0.0
 10
329.7149305555555
 20
389.9096849999999
 30
0.0
 10
329.530075
 20
390.8918183333333
 30
0.0
 10
329.3455722222222
 20
391.8735988888888
 30
0.0
 10
329.0139611111111
 20
391.8136266666667
 30
0.0
 10
328.2590166666666
 20
391.6195988888888
 30
0.0
 10
326.9008222222222
 20
391.3691266666667
 30
0.0
 10
325.5461555555555
 20
391.1186544444444
 30
0.0
 10
324.3608222222222
 20
391.3550155555555
 30
0.0
 10
324.3502388888888
 20
391.4044044444444
 30
0.0
 10
323.2989611111111
 20
392.3780711111111
 30
0.0
 10
322.7084111111111
 20
395.9524155555555
 30
0.0
 10
336.4787388888889
 20
396.1249238888889
 30
0.0
 10
337.6676
 20
396.1400933333333
 30
0.0
 10
338.6215111111111
 20
393.4166488888889
 30
0.0
 10
338.4585277777778
 20
392.4662655555555
 30
0.0
 10
338.3322333333333
 20
391.7268433333333
 30
0.0
 10
338.0062666666666
 20
389.6193488888889
 30
0.0
 10
338.0062666666666
 20
389.6193488888889
 30
0.0
 10
357.3067388888888
 20
383.1599877777777
 30
0.0
 10
369.3470444444445
 20
378.2845988888888
 30
0.0
 10
370.2783777777777
 20
378.2845988888888
 30
0.0
 10
370.2960166666666
 20
378.3410433333333
 30
0.0
 10
371.4954611111111
 20
378.4151266666667
 30
0.0
 10
372.8077944444444
 20
377.9847377777778
 30
0.0
 10
374.1271833333333
 20
377.5508211111111
 30
0.0
 10
374.84685
 20
377.2615433333333
 30
0.0
 10
375.1752861111111
 20
377.1557099999999
 30
0.0
 10
375.4857305555555
 20
378.1046822222222
 30
0.0
 10
375.7958222222222
 20
379.0536544444444
 30
0.0
 10
376.1062666666666
 20
380.0026266666666
 30
0.0
 10
375.7852388888889
 20
380.1119877777778
 30
0.0
 10
375.0302944444444
 20
380.3060155555555
 30
0.0
 10
373.717961111111
 20
380.7399322222222
 30
0.0
 10
372.4197388888888
 20
381.1667933333333
 30
0.0
 10
371.4993416666666
 20
381.9323211111111
 30
0.0
 10
371.4993416666666
 20
381.9958211111111
 30
0.0
 10
371.0470805555555
 20
383.3575433333333
 30
0.0
 10
371.4425444444444
 20
386.9093099999999
 30
0.0
 10
383.2486055555555
 20
380.8436488888889
 30
0.0
 10
384.6847638888888
 20
379.8805655555556
 30
0.0
 10
384.9355888888888
 20
376.6978044444444
 30
0.0
 10
384.3129361111111
 20
375.8962933333333
 30
0.0
 10
383.8525611111111
 20
375.3039794444443
 30
0.0
 10
382.6079611111111
 20
373.8607655555555
 30
0.0
 10
382.6079611111111
 20
373.8607655555555
 30
0.0
 10
401.5521277777777
 20
353.1844599999999
 30
0.0
 10
404.4484333333333
 20
348.3372933333333
 30
0.0
 10
405.3797666666666
 20
348.3161266666667
 30
0.0
 10
405.4221
 20
348.3549322222222
 30
0.0
 10
406.5051277777777
 20
347.8363488888888
 30
0.0
 10
407.4431638888888
 20
346.8168211111111
 30
0.0
 10
408.3783777777777
 20
345.7972933333333
 30
0.0
 10
408.8687388888889
 20
345.1905155555555
 30
0.0
 10
409.1015722222222
 20
344.9400433333333
 30
0.0
 10
409.83535
 20
345.6173766666666
 30
0.0
 10
410.5691277777777
 20
346.29471
 30
0.0
 10
411.3029055555556
 20
346.9720433333333
 30
0.0
 10
411.0771277777778
 20
347.2225155555555
 30
0.0
 10
410.5126833333333
 20
347.7587377777778
 30
0.0
 10
409.5778222222222
 20
348.7782655555555
 30
0.0
 10
408.6500166666666
 20
349.7942655555555
 30
0.0
 10
408.2196277777777
 20
350.9231544444444
 30
0.0
 10
408.2584333333333
 20
350.96196
 30
0.0
 10
408.3533305555555
 20
352.39071
 30
0.0
 10
410.0928777777777
 20
354.3697933333333
 30
0.0
 10
418.167961111111
 20
344.6154877777777
 30
0.0
 10
418.3972666666667
 20
344.2874044444444
 30
0.0
 10
418.4889888888889
 20
343.8993488888888
 30
0.0
 10
418.34435
 20
343.4125155555556
 30
0.0
 10
417.8716277777777
 20
341.7932655555555
 30
0.0
 10
415.9913222222222
 20
341.5286822222222
 30
0.0
 10
415.0278861111111
 20
338.7593766666666
 30
0.0
 10
412.1456916666667
 20
330.45146
 30
0.0
 10
407.2001
 20
313.5604599999999
 30
0.0
 10
407.2001
 20
313.5604599999999
 30
0.0
 10
407.0554611111111
 20
313.1724044444444
 30
0.0
 10
406.6815166666667
 20
312.9148766666667
 30
0.0
 10
406.2648861111111
 20
312.9148766666667
 30
0.0
 10
405.6524638888889
 20
312.9159349999999
 30
0.0
 10
405.0396888888889
 20
312.9173461111111
 30
0.0
 10
404.4272666666666
 20
312.9184044444444
 30
0.0
 10
404.3676472222222
 20
312.9184044444444
 30
0.0
 10
403.9227944444444
 20
314.0331822222222
 30
0.0
 10
403.9192666666667
 20
315.4160711111111
 30
0.0
 10
403.9192666666667
 20
316.8024877777777
 30
0.0
 10
403.9686555555555
 20
317.5785988888888
 30
0.0
 10
403.9651277777778
 20
317.9207933333333
 30
0.0
 10
403.9651277777778
 20
319.5859044444445
 30
0.0
 10
403.9651277777778
 20
321.2510155555555
 30
0.0
 10
403.9651277777778
 20
322.9161266666666
 30
0.0
 10
402.9655907407407
 20
322.9161266666666
 30
0.0
 10
401.9660537037037
 20
322.9161266666666
 30
0.0
 10
400.9665166666666
 20
322.9161266666666
 30
0.0
 10
400.967575
 20
321.2485461111111
 30
0.0
 10
400.9689861111111
 20
319.5813183333333
 30
0.0
 10
400.9700444444444
 20
317.9137377777777
 30
0.0
 10
400.9665166666666
 20
317.5750711111111
 30
0.0
 10
401.0194333333333
 20
316.79896
 30
0.0
 10
401.0194333333333
 20
315.4160711111111
 30
0.0
 10
401.0194333333333
 20
314.0402377777777
 30
0.0
 10
400.5714055555555
 20
312.9148766666667
 30
0.0
 10
400.5184888888888
 20
312.9148766666667
 30
0.0
 10
399.9810907407407
 20
312.9148766666667
 30
0.0
 10
399.4436925925925
 20
312.9148766666667
 30
0.0
 10
398.9062944444444
 20
312.9148766666667
 30
0.0
 10
398.3806555555555
 20
312.9148766666667
 30
0.0
 10
397.9463861111111
 20
313.3205711111111
 30
0.0
 10
397.9079333333332
 20
313.8426822222222
 30
0.0
 10
396.9695444444444
 20
327.6468766666666
 30
0.0
 10
391.7307944444444
 20
340.4879877777777
 30
0.0
 10
385.9134888888888
 20
351.4311544444444
 30
0.0
 10
378.9778777777777
 20
364.4768766666667
 30
0.0
 10
376.9987944444444
 20
368.1951544444444
 30
0.0
 10
357.2118416666666
 20
374.8167933333333
 30
0.0
 10
337.4206555555555
 20
381.4384322222222
 30
0.0
 10
318.7834055555555
 20
378.8243488888888
 30
0.0
 10
311.9359888888889
 20
377.5543488888889
 30
0.0
 10
305.088925
 20
376.2843488888888
 30
0.0
 10
293.0376833333333
 20
374.0512655555555
 30
0.0
 10
287.1180722222222
 20
369.1688211111111
 30
0.0
 10
284.3417111111111
 20
366.8828211111111
 30
0.0
 10
272.5307111111111
 20
357.1426266666666
 30
0.0
 10
268.1280444444444
 20
353.5160711111111
 30
0.0
 10
263.7289055555555
 20
349.8895155555555
 30
0.0
 10
261.56285
 20
344.7319044444444
 30
0.0
 10
261.56285
 20
337.4787933333333
 30
0.0
 10
261.56285
 20
329.9575711111111
 30
0.0
 10
261.56285
 20
322.4363488888889
 30
0.0
 10
261.56285
 20
314.9151266666666
 30
0.0
 10
261.56285
 20
313.8109322222222
 30
0.0
 10
260.6667944444444
 20
312.9148766666667
 30
0.0
 10
259.5626
 20
312.9148766666667
 30
0.0
 10
258.5945777777778
 20
312.9088794444444
 30
0.0
 10
257.6269083333333
 20
312.9032349999999
 30
0.0
 10
256.6588861111111
 20
312.8972377777778
 30
0.0
 10
256.5989138888888
 20
312.8972377777778
 30
0.0
 10
256.1547666666666
 20
314.0120155555555
 30
0.0
 10
256.1512388888888
 20
315.3949044444444
 30
0.0
 10
256.1512388888888
 20
316.7813211111111
 30
0.0
 10
256.2009805555555
 20
317.5574322222222
 30
0.0
 10
256.1971
 20
317.8996266666666
 30
0.0
 10
256.1971
 20
319.5659137037036
 30
0.0
 10
256.1971
 20
321.2322007407407
 30
0.0
 10
256.1971
 20
322.8984877777777
 30
0.0
 10
255.197562962963
 20
322.8984877777777
 30
0.0
 10
254.1980259259259
 20
322.8984877777777
 30
0.0
 10
253.1984888888889
 20
322.8984877777777
 30
0.0
 10
253.1999
 20
321.2298488888889
 30
0.0
 10
253.2009583333333
 20
319.56121
 30
0.0
 10
253.2023694444444
 20
317.8925711111111
 30
0.0
 10
253.1984888888889
 20
317.5539044444444
 30
0.0
 10
253.2514055555556
 20
316.7777933333333
 30
0.0
 10
253.2514055555556
 20
315.3949044444444
 30
0.0
 10
253.2514055555556
 20
314.0190711111111
 30
0.0
 10
252.8033777777777
 20
312.89371
 30
0.0
 10
252.7501083333333
 20
312.89371
 30
0.0
 10
249.3884888888889
 20
312.89371
 30
0.0
 10
245.4197388888889
 20
307.7466822222222
 30
0.0
 10
243.8706916666667
 20
306.0745155555555
 30
0.0
 10
242.32235
 20
304.4023488888889
 30
0.0
 10
235.7642111111111
 20
305.1191933333333
 30
0.0
 10
232.9913777777778
 20
305.1897488888889
 30
0.0
 10
231.4952472222222
 20
305.2285544444444
 30
0.0
 10
229.0067527777778
 20
306.2826544444444
 30
0.0
 10
229.6622138888889
 20
308.877335
 30
0.0
 10
230.0520333333333
 20
310.4193266666666
 30
0.0
 10
233.49585
 20
309.7151822222222
 30
0.0
 10
233.49585
 20
309.7151822222222
 30
0.0
 10
234.4257722222222
 20
309.3493516666666
 30
0.0
 10
235.3560472222222
 20
308.9838738888889
 30
0.0
 10
236.2859694444444
 20
308.6180433333333
 30
0.0
 10
245.9383222222222
 20
333.1219877777777
 30
0.0
 10
249.5225444444444
 20
339.5813488888888
 30
0.0
 10
249.2505527777778
 20
340.26221
 30
0.0
 10
249.1944611111111
 20
340.2833766666666
 30
0.0
 10
249.1905805555555
 20
341.4828211111111
 30
0.0
 10
249.691525
 20
342.77046
 30
0.0
 10
250.1998777777778
 20
344.0616266666666
 30
0.0
 10
250.5279611111111
 20
344.7671822222222
 30
0.0
 10
250.6514333333333
 20
345.08821
 30
0.0
 10
249.7211583333333
 20
345.4505127777777
 30
0.0
 10
248.7912361111111
 20
345.8124627777777
 30
0.0
 10
247.8609611111111
 20
346.1747655555555
 30
0.0
 10
247.7343138888889
 20
345.8607933333333
 30
0.0
 10
247.5011277777778
 20
345.1199599999999
 30
0.0
 10
246.9931277777778
 20
343.8323211111111
 30
0.0
 10
246.4883027777778
 20
342.5552655555555
 30
0.0
 10
245.6628027777778
 20
341.6697933333333
 30
0.0
 10
245.6102388888889
 20
341.69096
 30
0.0
 10
244.2308777777777
 20
341.3170155555555
 30
0.0
 10
241.1772333333333
 20
343.3518377777777
 30
0.0
 10
247.9509194444445
 20
354.3221683333333
 30
0.0
 10
248.8681416666666
 20
355.2358627777778
 30
0.0
 10
251.3767444444444
 20
354.9977377777777
 30
0.0
 10
252.2078888888888
 20
354.3916655555555
 30
0.0
 10
252.8136083333333
 20
353.9492822222222
 30
0.0
 10
254.3626555555555
 20
352.3236822222222
 30
0.0
 10
254.3626555555555
 20
352.3236822222222
 30
0.0
 10
275.8185999999999
 20
370.0084322222222
 30
0.0
 10
281.0432388888889
 20
372.2132933333332
 30
0.0
 10
281.0432388888889
 20
373.7125988888888
 30
0.0
 10
281.0044333333333
 20
373.7619877777777
 30
0.0
 10
281.5794611111111
 20
374.8132655555555
 30
0.0
 10
282.64485
 20
375.69521
 30
0.0
 10
283.7176472222222
 20
376.5771544444444
 30
0.0
 10
284.3452388888889
 20
377.0322377777777
 30
0.0
 10
284.6062944444444
 20
377.2544877777777
 30
0.0
 10
283.9702361111111
 20
378.022485
 30
0.0
 10
283.3338249999999
 20
378.7901294444444
 30
0.0
 10
282.6977666666666
 20
379.5581266666667
 30
0.0
 10
282.4331833333333
 20
379.3464599999999
 30
0.0
 10
281.8687388888889
 20
378.8137655555555
 30
0.0
 10
280.7998222222222
 20
377.931821111111
 30
0.0
 10
279.7376083333333
 20
377.0569322222221
 30
0.0
 10
278.5879055555556
 20
376.6865155555555
 30
0.0
 10
278.5526277777777
 20
376.7288488888889
 30
0.0
 10
277.1630361111111
 20
377.0710433333333
 30
0.0
 10
274.0540055555555
 20
379.4462961111111
 30
0.0
 10
286.2248388888889
 20
386.3843766666666
 30
0.0
  0
SPLINE
  5
1C9
330
1F
100
AcDbEntity
  8
DEFAULT
 62
     1
100
AcDbSpline
210
0.0
220
0.0
230
1.0
 70
    11
 71
     3
 72
   239
 73
   235
 74
     0
 42
0.000000001
 43
0.0000000001
 40
1.0
 40
1.0
 40
1.0
 40
1.0
 40
2.0
 40
2.0
 40
2.0
 40
3.0
 40
3.0
 40
3.0
 40
4.0
 40
4.0
 40
4.0
 40
5.0
 40
5.0
 40
5.0
 40
6.0
 40
6.0
 40
6.0
 40
7.0
 40
7.0
 40
7.0
 40
8.0
 40
8.0
 40
8.0
 40
9.0
 40
9.0
 40
9.0
 40
10.0
 40
10.0
 40
10.0
 40
11.0
 40
11.0
 40
11.0
 40
12.0
 40
12.0
 40
12.0
 40
13.0
 40
13.0
 40
13.0
 40
14.0
 40
14.0
 40
14.0
 40
15.0
 40
15.0
 40
15.0
 40
16.0
 40
16.0
 40
16.0
 40
17.0
 40
17.0
 40
17.0
 40
18.0
 40
18.0
 40
18.0
 40
19.0
 40
19.0
 40
19.0
 40
20.0
 40
20.0
 40
20.0
 40
21.0
 40
21.0
 40
21.0
 40
22.0
 40
22.0
 40
22.0
 40
23.0
 40
23.0
 40
23.0
 40
24.0
 40
24.0
 40
24.0
 40
25.0
 40
25.0
 40
25.0
 40
26.0
 40
26.0
 40
26.0
 40
27.0
 40
27.0
 40
27.0
 40
28.0
 40
28.0
 40
28.0
 40
29.0
 40
29.0
 40
29.0
 40
30.0
 40
30.0
 40
30.0
 40
31.0
 40
31.0
 40
31.0
 40
32.0
 40
32.0
 40
32.0
 40
33.0
 40
33.0
 40
33.0
 40
34.0
 40
34.0
 40
34.0
 40
35.0
 40
35.0
 40
35.0
 40
49.16000000000008
 40
49.16000000000008
 40
49.16000000000008
 40
57.66000000000008
 40
57.66000000000008
 40
57.66000000000008
 40
58.66000000000008
 40
58.66000000000008
 40
58.66000000000008
 40
59.66000000000008
 40
59.66000000000008
 40
59.66000000000008
 40
60.66000000000008
 40
60.66000000000008
 40
60.66000000000008
 40
65.23000000000002
 40
65.23000000000002
 40
65.23000000000002
 40
66.23000000000002
 40
66.23000000000002
 40
66.23000000000002
 40
67.23000000000002
 40
67.23000000000002
 40
67.23000000000002
 40
68.23000000000002
 40
68.23000000000002
 40
68.23000000000002
 40
69.23000000000002
 40
69.23000000000002
 40
69.23000000000002
 40
70.23000000000002
 40
70.23000000000002
 40
70.23000000000002
 40
71.23000000000002
 40
71.23000000000002
 40
71.23000000000002
 40
72.23000000000002
 40
72.23000000000002
 40
72.23000000000002
 40
136.1900000000001
 40
136.1900000000001
 40
136.1900000000001
 40
137.1900000000001
 40
137.1900000000001
 40
137.1900000000001
 40
138.1900000000001
 40
138.1900000000001
 40
138.1900000000001
 40
139.1900000000001
 40
139.1900000000001
 40
139.1900000000001
 40
140.1900000000001
 40
140.1900000000001
 40
140.1900000000001
 40
154.36
 40
154.36
 40
154.36
 40
162.86
 40
162.86
 40
162.86
 40
163.86
 40
163.86
 40
163.86
 40
164.86
 40
164.86
 40
164.86
 40
165.86
 40
165.86
 40
165.86
 40
166.86
 40
166.86
 40
166.86
 40
167.86
 40
167.86
 40
167.86
 40
168.86
 40
168.86
 40
168.86
 40
169.86
 40
169.86
 40
169.86
 40
170.86
 40
170.86
 40
170.86
 40
171.86
 40
171.86
 40
171.86
 40
172.86
 40
172.86
 40
172.86
 40
173.86
 40
173.86
 40
173.86
 40
174.86
 40
174.86
 40
174.86
 40
175.86
 40
175.86
 40
175.86
 40
176.86
 40
176.86
 40
176.86
 40
177.86
 40
177.86
 40
177.86
 40
178.86
 40
178.86
 40
178.86
 40
179.86
 40
179.86
 40
179.86
 40
180.86
 40
180.86
 40
180.86
 40
181.86
 40
181.86
 40
181.86
 40
182.86
 40
182.86
 40
182.86
 40
183.86
 40
183.86
 40
183.86
 40
184.86
 40
184.86
 40
184.86
 40
185.86
 40
185.86
 40
185.86
 40
186.86
 40
186.86
 40
186.86
 40
186.86
 10
299.6689883333333
 20
291.1786502777778
 30
0.0
 10
298.6208855555556
 20
290.8047058333333
 30
0.0
 10
295.9708188888889
 20
291.9067836111111
 30
0.0
 10
295.5750022222222
 20
292.8296502777777
 30
0.0
 10
295.28008
 20
293.5175669444444
 30
0.0
 10
294.5314855555555
 20
295.7753447222221
 30
0.0
 10
294.5314855555555
 20
295.7753447222221
 30
0.0
 10
271.4178383333333
 20
291.4926225
 30
0.0
 10
261.8222827777778
 20
290.9952058333333
 30
0.0
 10
260.8274494444444
 20
290.0003725
 30
0.0
 10
260.8274494444444
 20
289.9333447222222
 30
0.0
 10
259.818505
 20
289.3018724999999
 30
0.0
 10
258.4638383333333
 20
289.0443447222222
 30
0.0
 10
257.1021161111111
 20
288.7938725
 30
0.0
 10
256.3295327777778
 20
288.6986224999999
 30
0.0
 10
255.9943938888889
 20
288.6351225
 30
0.0
 10
256.1788966666667
 20
287.6533419444444
 30
0.0
 10
256.3637522222222
 20
286.6712086111111
 30
0.0
 10
256.548255
 20
285.6894280555555
 30
0.0
 10
256.8798661111111
 20
285.7494002777777
 30
0.0
 10
257.6348105555555
 20
285.9434280555555
 30
0.0
 10
258.993005
 20
286.1939002777777
 30
0.0
 10
260.3476716666667
 20
286.4443725
 30
0.0
 10
261.533005
 20
286.2080113888888
 30
0.0
 10
261.5435883333333
 20
286.1586225
 30
0.0
 10
262.5948661111111
 20
285.1849558333333
 30
0.0
 10
263.1854161111111
 20
281.6106113888889
 30
0.0
 10
249.4150883333333
 20
281.4381030555555
 30
0.0
 10
248.2262272222222
 20
281.4229336111111
 30
0.0
 10
247.2723161111111
 20
284.1463780555555
 30
0.0
 10
247.4352994444445
 20
285.0967613888889
 30
0.0
 10
247.5615938888889
 20
285.8361836111111
 30
0.0
 10
247.8875605555556
 20
287.9436780555556
 30
0.0
 10
247.8875605555556
 20
287.9436780555556
 30
0.0
 10
228.5870883333334
 20
294.4030391666666
 30
0.0
 10
216.5467827777778
 20
299.2784280555555
 30
0.0
 10
215.6154494444445
 20
299.2784280555555
 30
0.0
 10
215.5978105555556
 20
299.2219836111111
 30
0.0
 10
214.3983661111111
 20
299.1479002777778
 30
0.0
 10
213.0860327777778
 20
299.5782891666666
 30
0.0
 10
211.7666438888889
 20
300.0122058333333
 30
0.0
 10
211.0469772222222
 20
300.3014836111111
 30
0.0
 10
210.7185411111111
 20
300.4073169444444
 30
0.0
 10
210.4080966666667
 20
299.4583447222222
 30
0.0
 10
210.098005
 20
298.5093724999999
 30
0.0
 10
209.7875605555555
 20
297.5604002777778
 30
0.0
 10
210.1085883333333
 20
297.4510391666666
 30
0.0
 10
210.8635327777778
 20
297.2570113888888
 30
0.0
 10
212.1758661111111
 20
296.8230947222222
 30
0.0
 10
213.4740883333333
 20
296.396233611111
 30
0.0
 10
214.3944855555556
 20
295.6307058333333
 30
0.0
 10
214.3944855555556
 20
295.5672058333333
 30
0.0
 10
214.8467466666667
 20
294.2054836111111
 30
0.0
 10
214.4512827777778
 20
290.6537169444444
 30
0.0
 10
202.6452216666667
 20
296.7193780555555
 30
0.0
 10
201.2090633333333
 20
297.6824613888888
 30
0.0
 10
200.9578855555556
 20
300.8652225
 30
0.0
 10
201.5808911111111
 20
301.6667336111111
 30
0.0
 10
202.0412661111111
 20
302.2590475
 30
0.0
 10
203.2858661111111
 20
303.7022613888889
 30
0.0
 10
203.2858661111111
 20
303.7022613888889
 30
0.0
 10
184.3416994444444
 20
324.3785669444444
 30
0.0
 10
181.4453938888889
 20
329.2257336111111
 30
0.0
 10
180.5140605555555
 20
329.2469002777777
 30
0.0
 10
180.4717272222222
 20
329.2080947222221
 30
0.0
 10
179.3886994444445
 20
329.7266780555555
 30
0.0
 10
178.4506633333334
 20
330.7462058333332
 30
0.0
 10
177.5154494444444
 20
331.765733611111
 30
0.0
 10
177.0250883333333
 20
332.3725113888888
 30
0.0
 10
176.792255
 20
332.6229836111111
 30
0.0
 10
176.0584772222222
 20
331.9456502777778
 30
0.0
 10
175.3246994444445
 20
331.2683169444444
 30
0.0
 10
174.5909216666667
 20
330.5909836111111
 30
0.0
 10
174.8166994444445
 20
330.3405113888888
 30
0.0
 10
175.3811438888889
 20
329.8042891666666
 30
0.0
 10
176.316005
 20
328.7847613888889
 30
0.0
 10
177.2438105555556
 20
327.7687613888888
 30
0.0
 10
177.6741994444444
 20
326.6398725
 30
0.0
 10
177.6353938888889
 20
326.6010669444444
 30
0.0
 10
177.5404966666667
 20
325.1723169444444
 30
0.0
 10
175.8009494444445
 20
323.1932336111111
 30
0.0
 10
167.7258661111111
 20
332.9475391666666
 30
0.0
 10
167.4965605555556
 20
333.2756225
 30
0.0
 10
167.4048383333333
 20
333.6636780555555
 30
0.0
 10
167.5494772222222
 20
334.1505113888888
 30
0.0
 10
168.0221994444445
 20
335.7697613888888
 30
0.0
 10
169.902505
 20
336.0343447222222
 30
0.0
 10
170.8659411111111
 20
338.8036502777777
 30
0.0
 10
173.7481355555556
 20
347.1115669444444
 30
0.0
 10
178.6937272222222
 20
364.0025669444444
 30
0.0
 10
178.6937272222222
 20
364.0025669444444
 30
0.0
 10
178.8383661111111
 20
364.3906225
 30
0.0
 10
179.2123105555555
 20
364.6481502777777
 30
0.0
 10
179.6289411111111
 20
364.6481502777777
 30
0.0
 10
180.2413633333333
 20
364.6470919444444
 30
0.0
 10
180.8541383333333
 20
364.6456808333333
 30
0.0
 10
181.4665605555556
 20
364.6446225
 30
0.0
 10
181.52618
 20
364.6446225
 30
0.0
 10
181.9710327777778
 20
363.5298447222222
 30
0.0
 10
181.9745605555555
 20
362.1469558333333
 30
0.0
 10
181.9745605555555
 20
360.7605391666666
 30
0.0
 10
181.9251716666667
 20
359.9844280555555
 30
0.0
 10
181.9286994444445
 20
359.6422336111111
 30
0.0
 10
181.9286994444445
 20
357.9771225
 30
0.0
 10
181.9286994444445
 20
356.3120113888888
 30
0.0
 10
181.9286994444445
 20
354.6469002777777
 30
0.0
 10
182.9282364814815
 20
354.6469002777778
 30
0.0
 10
183.9277735185186
 20
354.6469002777778
 30
0.0
 10
184.9273105555556
 20
354.6469002777777
 30
0.0
 10
184.9262522222222
 20
356.3144808333333
 30
0.0
 10
184.9248411111111
 20
357.9817086111111
 30
0.0
 10
184.9237827777778
 20
359.6492891666666
 30
0.0
 10
184.9273105555556
 20
359.9879558333333
 30
0.0
 10
184.8743938888889
 20
360.7640669444444
 30
0.0
 10
184.8743938888889
 20
362.1469558333333
 30
0.0
 10
184.8743938888889
 20
363.5227891666667
 30
0.0
 10
185.3224216666667
 20
364.6481502777777
 30
0.0
 10
185.3753383333333
 20
364.6481502777777
 30
0.0
 10
185.9127364814815
 20
364.6481502777777
 30
0.0
 10
186.4501346296296
 20
364.6481502777777
 30
0.0
 10
186.9875327777778
 20
364.6481502777777
 30
0.0
 10
187.5131716666667
 20
364.6481502777777
 30
0.0
 10
187.9474411111111
 20
364.2424558333333
 30
0.0
 10
187.9858938888889
 20
363.7203447222222
 30
0.0
 10
188.9242827777778
 20
349.9161502777777
 30
0.0
 10
194.1630327777778
 20
337.0750391666666
 30
0.0
 10
199.9803383333333
 20
326.1318725
 30
0.0
 10
206.9159494444444
 20
313.0861502777777
 30
0.0
 10
208.8950327777778
 20
309.3678725
 30
0.0
 10
228.6819855555556
 20
302.7462336111111
 30
0.0
 10
248.4731716666666
 20
296.1245947222222
 30
0.0
 10
267.1104216666666
 20
298.7386780555555
 30
0.0
 10
273.9578383333333
 20
300.0086780555555
 30
0.0
 10
280.8049022222222
 20
301.2786780555555
 30
0.0
 10
292.8561438888889
 20
303.5117613888889
 30
0.0
 10
298.775755
 20
308.3942058333333
 30
0.0
 10
301.5521161111111
 20
310.6802058333333
 30
0.0
 10
313.3631161111111
 20
320.4204002777777
 30
0.0
 10
317.7657827777778
 20
324.0469558333333
 30
0.0
 10
322.1649216666667
 20
327.6735113888889
 30
0.0
 10
324.3309772222222
 20
332.8311225
 30
0.0
 10
324.3309772222222
 20
340.0842336111111
 30
0.0
 10
324.3309772222222
 20
347.6054558333333
 30
0.0
 10
324.3309772222222
 20
355.1266780555555
 30
0.0
 10
324.3309772222222
 20
362.6479002777778
 30
0.0
 10
324.3309772222222
 20
363.7520947222221
 30
0.0
 10
325.2270327777778
 20
364.6481502777777
 30
0.0
 10
326.3312272222222
 20
364.6481502777777
 30
0.0
 10
327.2992494444445
 20
364.6541474999999
 30
0.0
 10
328.2669188888889
 20
364.6597919444444
 30
0.0
 10
329.2349411111111
 20
364.6657891666666
 30
0.0
 10
329.2949133333333
 20
364.6657891666666
 30
0.0
 10
329.7390605555556
 20
363.5510113888888
 30
0.0
 10
329.7425883333333
 20
362.1681224999999
 30
0.0
 10
329.7425883333333
 20
360.7817058333333
 30
0.0
 10
329.6928466666666
 20
360.0055947222222
 30
0.0
 10
329.6967272222222
 20
359.6634002777777
 30
0.0
 10
329.6967272222222
 20
357.9971132407407
 30
0.0
 10
329.6967272222222
 20
356.3308262037037
 30
0.0
 10
329.6967272222222
 20
354.6645391666667
 30
0.0
 10
330.6962642592592
 20
354.6645391666667
 30
0.0
 10
331.6958012962963
 20
354.6645391666667
 30
0.0
 10
332.6953383333333
 20
354.6645391666667
 30
0.0
 10
332.6939272222222
 20
356.3331780555555
 30
0.0
 10
332.6928688888889
 20
358.0018169444444
 30
0.0
 10
332.6914577777778
 20
359.6704558333333
 30
0.0
 10
332.6953383333333
 20
360.0091224999999
 30
0.0
 10
332.6424216666666
 20
360.7852336111111
 30
0.0
 10
332.6424216666666
 20
362.1681224999999
 30
0.0
 10
332.6424216666666
 20
363.5439558333333
 30
0.0
 10
333.0904494444445
 20
364.6693169444444
 30
0.0
 10
333.1437188888889
 20
364.6693169444444
 30
0.0
 10
336.5053383333333
 20
364.6693169444444
 30
0.0
 10
340.4740883333333
 20
369.8163447222221
 30
0.0
 10
342.0231355555555
 20
371.4885113888888
 30
0.0
 10
343.5714772222222
 20
373.1606780555555
 30
0.0
 10
350.1296161111111
 20
372.4438336111111
 30
0.0
 10
352.9024494444444
 20
372.3732780555555
 30
0.0
 10
354.39858
 20
372.3344724999999
 30
0.0
 10
356.8870744444444
 20
371.2803725
 30
0.0
 10
356.2316133333333
 20
368.6856919444444
 30
0.0
 10
355.8417938888889
 20
367.1437002777777
 30
0.0
 10
352.3979772222222
 20
367.8478447222222
 30
0.0
 10
352.3979772222222
 20
367.8478447222222
 30
0.0
 10
351.468055
 20
368.2136752777778
 30
0.0
 10
350.5377799999999
 20
368.5791530555555
 30
0.0
 10
349.6078577777778
 20
368.9449836111111
 30
0.0
 10
339.955505
 20
344.4410391666666
 30
0.0
 10
336.3712827777778
 20
337.9816780555555
 30
0.0
 10
336.6432744444444
 20
337.3008169444444
 30
0.0
 10
336.6993661111111
 20
337.2796502777777
 30
0.0
 10
336.7032466666666
 20
336.0802058333333
 30
0.0
 10
336.2023022222222
 20
334.7925669444444
 30
0.0
 10
335.6939494444444
 20
333.5014002777777
 30
0.0
 10
335.3658661111111
 20
332.7958447222222
 30
0.0
 10
335.2423938888888
 20
332.4748169444444
 30
0.0
 10
336.1726688888889
 20
332.1125141666666
 30
0.0
 10
337.1025911111111
 20
331.7505641666666
 30
0.0
 10
338.0328661111111
 20
331.3882613888888
 30
0.0
 10
338.1595133333333
 20
331.7022336111111
 30
0.0
 10
338.3926994444444
 20
332.4430669444444
 30
0.0
 10
338.9006994444444
 20
333.7307058333333
 30
0.0
 10
339.4055244444444
 20
335.0077613888889
 30
0.0
 10
340.2310244444445
 20
335.893233611111
 30
0.0
 10
340.2835883333333
 20
335.8720669444444
 30
0.0
 10
341.6629494444445
 20
336.2460113888889
 30
0.0
 10
344.7165938888888
 20
334.2111891666666
 30
0.0
 10
337.9429077777777
 20
323.240858611111
 30
0.0
 10
337.0256855555555
 20
322.3271641666666
 30
0.0
 10
334.5170827777778
 20
322.5652891666666
 30
0.0
 10
333.6859383333334
 20
323.1713613888888
 30
0.0
 10
333.0802188888889
 20
323.6137447222222
 30
0.0
 10
331.5311716666666
 20
325.2393447222221
 30
0.0
 10
331.5311716666666
 20
325.2393447222221
 30
0.0
 10
310.0752272222222
 20
307.5545947222222
 30
0.0
 10
304.8505883333333
 20
305.349733611111
 30
0.0
 10
304.8505883333333
 20
303.8504280555555
 30
0.0
 10
304.8893938888889
 20
303.8010391666666
 30
0.0
 10
304.3143661111111
 20
302.7497613888888
 30
0.0
 10
303.2489772222222
 20
301.8678169444444
 30
0.0
 10
302.17618
 20
300.9858724999999
 30
0.0
 10
301.5485883333333
 20
300.5307891666666
 30
0.0
 10
301.2875327777778
 20
300.3085391666666
 30
0.0
 10
301.9235911111111
 20
299.5405419444444
 30
0.0
 10
302.5600022222222
 20
298.7728975
 30
0.0
 10
303.1960605555556
 20
298.0049002777777
 30
0.0
 10
303.4606438888889
 20
298.2165669444444
 30
0.0
 10
304.0250883333333
 20
298.7492613888888
 30
0.0
 10
305.094005
 20
299.6312058333333
 30
0.0
 10
306.1562188888889
 20
300.5060947222222
 30
0.0
 10
307.3059216666667
 20
300.8765113888888
 30
0.0
 10
307.3411994444444
 20
300.8341780555555
 30
0.0
 10
308.7307911111111
 20
300.491983611111
 30
0.0
 10
311.8398216666666
 20
298.1167308333333
 30
0.0
 10
299.6689883333333
 20
291.1786502777778
 30
0.0
  0
SPLINE
  5
1CA
330
1F
100
AcDbEntity
  8
DEFAULT
 62
     1
100
AcDbSpline
210
0.0
220
0.0
230
1.0
 70
    11
 71
     3
 72
   239
 73
   235
 74
     0
 42
0.000000001
 43
0.0000000001
 40
1.0
 40
1.0
 40
1.0
 40
1.0
 40
2.0
 40
2.0
 40
2.0
 40
3.0
 40
3.0
 40
3.0
 40
4.0
 40
4.0
 40
4.0
 40
5.0
 40
5.0
 40
5.0
 40
6.0
 40
6.0
 40
6.0
 40
7.0
 40
7.0
 40
7.0
 40
8.0
 40
8.0
 40
8.0
 40
9.0
 40
9.0
 40
9.0
 40
10.0
 40
10.0
 40
10.0
 40
11.0
 40
11.0
 40
11.0
 40
12.0
 40
12.0
 40
12.0
 40
13.0
 40
13.0
 40
13.0
 40
14.0
 40
14.0
 40
14.0
 40
15.0
 40
15.0
 40
15.0
 40
16.0
 40
16.0
 40
16.0
 40
17.0
 40
17.0
 40
17.0
 40
18.0
 40
18.0
 40
18.0
 40
19.0
 40
19.0
 40
19.0
 40
20.0
 40
20.0
 40
20.0
 40
21.0
 40
21.0
 40
21.0
 40
22.0
 40
22.0
 40
22.0
 40
23.0
 40
23.0
 40
23.0
 40
24.0
 40
24.0
 40
24.0
 40
25.0
 40
25.0
 40
25.0
 40
26.0
 40
26.0
 40
26.0
 40
27.0
 40
27.0
 40
27.0
 40
28.0
 40
28.0
 40
28.0
 40
29.0
 40
29.0
 40
29.0
 40
30.0
 40
30.0
 40
30.0
 40
31.0
 40
31.0
 40
31.0
 40
32.0
 40
32.0
 40
32.0
 40
33.0
 40
33.0
 40
33.0
 40
34.0
 40
34.0
 40
34.0
 40
35.0
 40
35.0
 40
35.0
 40
49.15999999999997
 40
49.15999999999997
 40
49.15999999999997
 40
57.65999999999997
 40
57.65999999999997
 40
57.65999999999997
 40
58.65999999999997
 40
58.65999999999997
 40
58.65999999999997
 40
59.65999999999997
 40
59.65999999999997
 40
59.65999999999997
 40
60.65999999999997
 40
60.65999999999997
 40
60.65999999999997
 40
65.2299999999999
 40
65.2299999999999
 40
65.2299999999999
 40
66.2299999999999
 40
66.2299999999999
 40
66.2299999999999
 40
67.2299999999999
 40
67.2299999999999
 40
67.2299999999999
 40
68.2299999999999
 40
68.2299999999999
 40
68.2299999999999
 40
69.2299999999999
 40
69.2299999999999
 40
69.2299999999999
 40
70.2299999999999
 40
70.2299999999999
 40
70.2299999999999
 40
71.2299999999999
 40
71.2299999999999
 40
71.2299999999999
 40
72.2299999999999
 40
72.2299999999999
 40
72.2299999999999
 40
136.1899999999999
 40
136.1899999999999
 40
136.1899999999999
 40
137.1899999999999
 40
137.1899999999999
 40
137.1899999999999
 40
138.1899999999999
 40
138.1899999999999
 40
138.1899999999999
 40
139.1899999999999
 40
139.1899999999999
 40
139.1899999999999
 40
140.1899999999999
 40
140.1899999999999
 40
140.1899999999999
 40
154.3599999999999
 40
154.3599999999999
 40
154.3599999999999
 40
162.8599999999999
 40
162.8599999999999
 40
162.8599999999999
 40
163.8599999999999
 40
163.8599999999999
 40
163.8599999999999
 40
164.8599999999999
 40
164.8599999999999
 40
164.8599999999999
 40
165.8599999999999
 40
165.8599999999999
 40
165.8599999999999
 40
166.8599999999999
 40
166.8599999999999
 40
166.8599999999999
 40
167.8599999999999
 40
167.8599999999999
 40
167.8599999999999
 40
168.8599999999999
 40
168.8599999999999
 40
168.8599999999999
 40
169.8599999999999
 40
169.8599999999999
 40
169.8599999999999
 40
170.8599999999999
 40
170.8599999999999
 40
170.8599999999999
 40
171.8599999999999
 40
171.8599999999999
 40
171.8599999999999
 40
172.8599999999999
 40
172.8599999999999
 40
172.8599999999999
 40
173.8599999999999
 40
173.8599999999999
 40
173.8599999999999
 40
174.8599999999999
 40
174.8599999999999
 40
174.8599999999999
 40
175.8599999999999
 40
175.8599999999999
 40
175.8599999999999
 40
176.8599999999999
 40
176.8599999999999
 40
176.8599999999999
 40
177.8599999999999
 40
177.8599999999999
 40
177.8599999999999
 40
178.8599999999999
 40
178.8599999999999
 40
178.8599999999999
 40
179.8599999999999
 40
179.8599999999999
 40
179.8599999999999
 40
180.8599999999999
 40
180.8599999999999
 40
180.8599999999999
 40
181.8599999999999
 40
181.8599999999999
 40
181.8599999999999
 40
182.8599999999999
 40
182.8599999999999
 40
182.8599999999999
 40
183.8599999999999
 40
183.8599999999999
 40
183.8599999999999
 40
184.8599999999999
 40
184.8599999999999
 40
184.8599999999999
 40
185.8599999999999
 40
185.8599999999999
 40
185.8599999999999
 40
186.8599999999999
 40
186.8599999999999
 40
186.8599999999999
 40
186.8599999999999
 10
286.2248388888889
 20
291.8724936111111
 30
0.0
 10
287.2729416666667
 20
292.2464380555555
 30
0.0
 10
289.9230083333333
 20
291.1443602777778
 30
0.0
 10
290.318825
 20
290.2214936111111
 30
0.0
 10
290.6137472222222
 20
289.5335769444444
 30
0.0
 10
291.3623416666666
 20
287.2757991666667
 30
0.0
 10
291.3623416666666
 20
287.2757991666667
 30
0.0
 10
314.4759888888889
 20
291.5581686111111
 30
0.0
 10
324.0715444444444
 20
292.0559380555555
 30
0.0
 10
325.0663777777777
 20
293.0504186111111
 30
0.0
 10
325.0663777777777
 20
293.1177991666666
 30
0.0
 10
326.0753222222222
 20
293.7492713888889
 30
0.0
 10
327.4299888888889
 20
294.0067991666666
 30
0.0
 10
328.7917111111111
 20
294.2572713888889
 30
0.0
 10
329.5642944444444
 20
294.3525213888889
 30
0.0
 10
329.8994333333333
 20
294.4156686111111
 30
0.0
 10
329.7149305555555
 20
295.3978019444444
 30
0.0
 10
329.530075
 20
296.3795825
 30
0.0
 10
329.3455722222222
 20
297.3617158333333
 30
0.0
 10
329.0139611111111
 20
297.3017436111111
 30
0.0
 10
328.2590166666666
 20
297.1073630555555
 30
0.0
 10
326.9008222222222
 20
296.8568908333333
 30
0.0
 10
325.5461555555555
 20
296.6064186111111
 30
0.0
 10
324.3608222222222
 20
296.8427797222222
 30
0.0
 10
324.3502388888888
 20
296.8925213888888
 30
0.0
 10
323.2989611111111
 20
297.8661880555555
 30
0.0
 10
322.7084111111111
 20
301.4405325
 30
0.0
 10
336.4787388888889
 20
301.6130408333333
 30
0.0
 10
337.6676
 20
301.6278575
 30
0.0
 10
338.6215111111111
 20
298.9047658333333
 30
0.0
 10
338.4585277777778
 20
297.9543825
 30
0.0
 10
338.3322333333333
 20
297.2146075
 30
0.0
 10
338.0062666666666
 20
295.1071130555555
 30
0.0
 10
338.0062666666666
 20
295.1071130555555
 30
0.0
 10
357.3067388888888
 20
288.6477519444445
 30
0.0
 10
369.3470444444445
 20
283.7727158333333
 30
0.0
 10
370.2783777777777
 20
283.7727158333333
 30
0.0
 10
370.2960166666666
 20
283.8291602777778
 30
0.0
 10
371.4954611111111
 20
283.9032436111111
 30
0.0
 10
372.8077944444444
 20
283.4728547222222
 30
0.0
 10
374.1271833333333
 20
283.0385852777777
 30
0.0
 10
374.84685
 20
282.7496602777778
 30
0.0
 10
375.1752861111111
 20
282.6438269444444
 30
0.0
 10
375.4857305555555
 20
283.5927991666666
 30
0.0
 10
375.7958222222222
 20
284.5417713888889
 30
0.0
 10
376.1062666666666
 20
285.4907436111111
 30
0.0
 10
375.7852388888889
 20
285.6001047222222
 30
0.0
 10
375.0302944444444
 20
285.7941325
 30
0.0
 10
373.717961111111
 20
286.2280491666667
 30
0.0
 10
372.4197388888888
 20
286.6545575
 30
0.0
 10
371.4993416666666
 20
287.4204380555555
 30
0.0
 10
371.4993416666666
 20
287.4839380555555
 30
0.0
 10
371.0470805555555
 20
288.8456602777777
 30
0.0
 10
371.4425444444444
 20
292.3970741666666
 30
0.0
 10
383.2486055555555
 20
286.3317658333333
 30
0.0
 10
384.6847638888888
 20
285.3683297222222
 30
0.0
 10
384.9355888888888
 20
282.1859213888889
 30
0.0
 10
384.3129361111111
 20
281.3844102777778
 30
0.0
 10
383.8525611111111
 20
280.7920963888889
 30
0.0
 10
382.6079611111111
 20
279.3488824999999
 30
0.0
 10
382.6079611111111
 20
279.3488824999999
 30
0.0
 10
401.5521277777777
 20
258.6725769444444
 30
0.0
 10
404.4484333333333
 20
253.8254102777777
 30
0.0
 10
405.3797666666666
 20
253.8042436111111
 30
0.0
 10
405.4221
 20
253.8430491666666
 30
0.0
 10
406.5051277777777
 20
253.3244658333333
 30
0.0
 10
407.4431638888888
 20
252.3049380555555
 30
0.0
 10
408.3783777777777
 20
251.2854102777778
 30
0.0
 10
408.8687388888889
 20
250.6786325
 30
0.0
 10
409.1015722222222
 20
250.4281602777777
 30
0.0
 10
409.83535
 20
251.1054936111111
 30
0.0
 10
410.5691277777777
 20
251.7828269444444
 30
0.0
 10
411.3029055555556
 20
252.4601602777777
 30
0.0
 10
411.0771277777778
 20
252.7106325
 30
0.0
 10
410.5126833333333
 20
253.2468547222222
 30
0.0
 10
409.5778222222222
 20
254.2663825
 30
0.0
 10
408.6500166666666
 20
255.2823825
 30
0.0
 10
408.2196277777777
 20
256.4112713888888
 30
0.0
 10
408.2584333333333
 20
256.4500769444444
 30
0.0
 10
408.3533305555555
 20
257.8788269444444
 30
0.0
 10
410.0928777777777
 20
259.8579102777778
 30
0.0
 10
418.167961111111
 20
250.1036047222222
 30
0.0
 10
418.3972666666667
 20
249.7755213888888
 30
0.0
 10
418.4889888888889
 20
249.3874658333333
 30
0.0
 10
418.34435
 20
248.9006325
 30
0.0
 10
417.8716277777777
 20
247.2813825
 30
0.0
 10
415.9913222222222
 20
247.0167991666667
 30
0.0
 10
415.0278861111111
 20
244.2474936111111
 30
0.0
 10
412.1456916666667
 20
235.9395769444444
 30
0.0
 10
407.2001
 20
219.0485769444444
 30
0.0
 10
407.2001
 20
219.0485769444444
 30
0.0
 10
407.0554611111111
 20
218.6605213888889
 30
0.0
 10
406.6815166666667
 20
218.4029936111111
 30
0.0
 10
406.2648861111111
 20
218.4029936111111
 30
0.0
 10
405.6524638888889
 20
218.4040519444444
 30
0.0
 10
405.0396888888889
 20
218.4054630555556
 30
0.0
 10
404.4272666666666
 20
218.4065213888889
 30
0.0
 10
404.3676472222222
 20
218.4065213888889
 30
0.0
 10
403.9227944444444
 20
219.5212991666666
 30
0.0
 10
403.9192666666667
 20
220.9041880555556
 30
0.0
 10
403.9192666666667
 20
222.2906047222222
 30
0.0
 10
403.9686555555555
 20
223.0663630555555
 30
0.0
 10
403.9651277777778
 20
223.4089102777778
 30
0.0
 10
403.9651277777778
 20
225.0740213888889
 30
0.0
 10
403.9651277777778
 20
226.7391325
 30
0.0
 10
403.9651277777778
 20
228.4042436111111
 30
0.0
 10
402.9655907407407
 20
228.4042436111111
 30
0.0
 10
401.9660537037037
 20
228.4042436111111
 30
0.0
 10
400.9665166666666
 20
228.4042436111111
 30
0.0
 10
400.967575
 20
226.7366630555555
 30
0.0
 10
400.9689861111111
 20
225.0694352777777
 30
0.0
 10
400.9700444444444
 20
223.4018547222222
 30
0.0
 10
400.9665166666666
 20
223.0631880555555
 30
0.0
 10
401.0194333333333
 20
222.2870769444444
 30
0.0
 10
401.0194333333333
 20
220.9041880555556
 30
0.0
 10
401.0194333333333
 20
219.5283547222222
 30
0.0
 10
400.5714055555555
 20
218.4029936111111
 30
0.0
 10
400.5184888888888
 20
218.4029936111111
 30
0.0
 10
399.9810907407407
 20
218.4029936111111
 30
0.0
 10
399.4436925925925
 20
218.4029936111111
 30
0.0
 10
398.9062944444444
 20
218.4029936111111
 30
0.0
 10
398.3806555555555
 20
218.4029936111111
 30
0.0
 10
397.9463861111111
 20
218.8086880555555
 30
0.0
 10
397.9079333333332
 20
219.3307991666667
 30
0.0
 10
396.9695444444444
 20
233.1349936111111
 30
0.0
 10
391.7307944444444
 20
245.9761047222222
 30
0.0
 10
385.9134888888888
 20
256.9192713888888
 30
0.0
 10
378.9778777777777
 20
269.9649936111111
 30
0.0
 10
376.9987944444444
 20
273.6832713888889
 30
0.0
 10
357.2118416666666
 20
280.3045575
 30
0.0
 10
337.4206555555555
 20
286.9265491666666
 30
0.0
 10
318.7834055555555
 20
284.3124658333333
 30
0.0
 10
311.9359888888889
 20
283.0424658333333
 30
0.0
 10
305.088925
 20
281.7724658333333
 30
0.0
 10
293.0376833333333
 20
279.5393824999999
 30
0.0
 10
287.1180722222222
 20
274.6569380555555
 30
0.0
 10
284.3417111111111
 20
272.3709380555555
 30
0.0
 10
272.5307111111111
 20
262.6303908333333
 30
0.0
 10
268.1280444444444
 20
259.0041880555555
 30
0.0
 10
263.7289055555555
 20
255.3776324999999
 30
0.0
 10
261.56285
 20
250.2200213888889
 30
0.0
 10
261.56285
 20
242.9669102777777
 30
0.0
 10
261.56285
 20
235.4456880555555
 30
0.0
 10
261.56285
 20
227.9244658333333
 30
0.0
 10
261.56285
 20
220.4032436111111
 30
0.0
 10
261.56285
 20
219.2990491666666
 30
0.0
 10
260.6667944444444
 20
218.4029936111111
 30
0.0
 10
259.5626
 20
218.4029936111111
 30
0.0
 10
258.5945777777778
 20
218.3969963888889
 30
0.0
 10
257.6269083333333
 20
218.3913519444444
 30
0.0
 10
256.6588861111111
 20
218.3853547222222
 30
0.0
 10
256.5989138888888
 20
218.3853547222222
 30
0.0
 10
256.1547666666666
 20
219.5001325
 30
0.0
 10
256.1512388888888
 20
220.8830213888889
 30
0.0
 10
256.1512388888888
 20
222.2694380555556
 30
0.0
 10
256.2009805555555
 20
223.0455491666666
 30
0.0
 10
256.1971
 20
223.3877436111111
 30
0.0
 10
256.1971
 20
225.0540306481481
 30
0.0
 10
256.1971
 20
226.7203176851851
 30
0.0
 10
256.1971
 20
228.3866047222222
 30
0.0
 10
255.197562962963
 20
228.3866047222222
 30
0.0
 10
254.1980259259259
 20
228.3866047222222
 30
0.0
 10
253.1984888888889
 20
228.3866047222222
 30
0.0
 10
253.1999
 20
226.7179658333333
 30
0.0
 10
253.2009583333333
 20
225.0493269444444
 30
0.0
 10
253.2023694444444
 20
223.3806880555555
 30
0.0
 10
253.1984888888889
 20
223.0420213888889
 30
0.0
 10
253.2514055555556
 20
222.2659102777778
 30
0.0
 10
253.2514055555556
 20
220.8830213888889
 30
0.0
 10
253.2514055555556
 20
219.5071880555555
 30
0.0
 10
252.8033777777777
 20
218.3818269444444
 30
0.0
 10
252.7501083333333
 20
218.3818269444444
 30
0.0
 10
249.3884888888889
 20
218.3818269444444
 30
0.0
 10
245.4197388888889
 20
213.2347991666666
 30
0.0
 10
243.8706916666667
 20
211.5626325
 30
0.0
 10
242.32235
 20
209.8901130555556
 30
0.0
 10
235.7642111111111
 20
210.6073102777778
 30
0.0
 10
232.9913777777778
 20
210.6778658333333
 30
0.0
 10
231.4952472222222
 20
210.7163186111111
 30
0.0
 10
229.0067527777778
 20
211.7707713888889
 30
0.0
 10
229.6622138888889
 20
214.3654519444444
 30
0.0
 10
230.0520333333333
 20
215.9074436111111
 30
0.0
 10
233.49585
 20
215.2032991666666
 30
0.0
 10
233.49585
 20
215.2032991666666
 30
0.0
 10
234.4257722222222
 20
214.8374686111111
 30
0.0
 10
235.3560472222222
 20
214.4719908333333
 30
0.0
 10
236.2859694444444
 20
214.1061602777777
 30
0.0
 10
245.9383222222222
 20
238.6101047222222
 30
0.0
 10
249.5225444444444
 20
245.0694658333333
 30
0.0
 10
249.2505527777778
 20
245.7503269444444
 30
0.0
 10
249.1944611111111
 20
245.7714936111111
 30
0.0
 10
249.1905805555555
 20
246.9709380555555
 30
0.0
 10
249.691525
 20
248.2585769444444
 30
0.0
 10
250.1998777777778
 20
249.5497436111111
 30
0.0
 10
250.5279611111111
 20
250.2552991666666
 30
0.0
 10
250.6514333333333
 20
250.5763269444444
 30
0.0
 10
249.7211583333333
 20
250.9386297222222
 30
0.0
 10
248.7912361111111
 20
251.3005797222222
 30
0.0
 10
247.8609611111111
 20
251.6628825
 30
0.0
 10
247.7343138888889
 20
251.3489102777777
 30
0.0
 10
247.5011277777778
 20
250.6080769444444
 30
0.0
 10
246.9931277777778
 20
249.3204380555555
 30
0.0
 10
246.4883027777778
 20
248.0433825
 30
0.0
 10
245.6628027777778
 20
247.1579102777777
 30
0.0
 10
245.6102388888889
 20
247.1790769444444
 30
0.0
 10
244.2308777777777
 20
246.8051325
 30
0.0
 10
241.1772333333333
 20
248.8399547222222
 30
0.0
 10
247.9509194444445
 20
259.8102852777778
 30
0.0
 10
248.8681416666666
 20
260.7239797222222
 30
0.0
 10
251.3767444444444
 20
260.4858547222222
 30
0.0
 10
252.2078888888888
 20
259.8797825
 30
0.0
 10
252.8136083333333
 20
259.4373991666666
 30
0.0
 10
254.3626555555555
 20
257.8117991666667
 30
0.0
 10
254.3626555555555
 20
257.8117991666667
 30
0.0
 10
275.8185999999999
 20
275.4965491666666
 30
0.0
 10
281.0432388888889
 20
277.7014102777778
 30
0.0
 10
281.0432388888889
 20
279.2007158333333
 30
0.0
 10
281.0044333333333
 20
279.2501047222222
 30
0.0
 10
281.5794611111111
 20
280.3013825
 30
0.0
 10
282.64485
 20
281.1833269444444
 30
0.0
 10
283.7176472222222
 20
282.0652713888889
 30
0.0
 10
284.3452388888889
 20
282.5203547222222
 30
0.0
 10
284.6062944444444
 20
282.7426047222222
 30
0.0
 10
283.9702361111111
 20
283.5106019444444
 30
0.0
 10
283.3338249999999
 20
284.2782463888888
 30
0.0
 10
282.6977666666666
 20
285.0462436111111
 30
0.0
 10
282.4331833333333
 20
284.8345769444444
 30
0.0
 10
281.8687388888889
 20
284.3018825
 30
0.0
 10
280.7998222222222
 20
283.4199380555555
 30
0.0
 10
279.7376083333333
 20
282.5450491666666
 30
0.0
 10
278.5879055555556
 20
282.1746325
 30
0.0
 10
278.5526277777777
 20
282.2169658333333
 30
0.0
 10
277.1630361111111
 20
282.5591602777778
 30
0.0
 10
274.0540055555555
 20
284.9344130555555
 30
0.0
 10
286.2248388888889
 20
291.8724936111111
 30
0.0
  0
SPLINE
  5
1CB
330
1F
100
AcDbEntity
  8
DEFAULT
 62
     1
100
AcDbSpline
210
0.0
220
0.0
230
1.0
 70
    11
 71
     3
 72
   239
 73
   235
 74
     0
 42
0.000000001
 43
0.0000000001
 40
1.0
 40
1.0
 40
1.0
 40
1.0
 40
2.0
 40
2.0
 40
2.0
 40
3.0
 40
3.0
 40
3.0
 40
4.0
 40
4.0
 40
4.0
 40
5.0
 40
5.0
 40
5.0
 40
6.0
 40
6.0
 40
6.0
 40
7.0
 40
7.0
 40
7.0
 40
8.0
 40
8.0
 40
8.0
 40
9.0
 40
9.0
 40
9.0
 40
10.0
 40
10.0
 40
10.0
 40
11.0
 40
11.0
 40
11.0
 40
12.0
 40
12.0
 40
12.0
 40
13.0
 40
13.0
 40
13.0
 40
14.0
 40
14.0
 40
14.0
 40
15.0
 40
15.0
 40
15.0
 40
16.0
 40
16.0
 40
16.0
 40
17.0
 40
17.0
 40
17.0
 40
18.0
 40
18.0
 40
18.0
 40
19.0
 40
19.0
 40
19.0
 40
20.0
 40
20.0
 40
20.0
 40
21.0
 40
21.0
 40
21.0
 40
22.0
 40
22.0
 40
22.0
 40
23.0
 40
23.0
 40
23.0
 40
24.0
 40
24.0
 40
24.0
 40
25.0
 40
25.0
 40
25.0
 40
26.0
 40
26.0
 40
26.0
 40
27.0
 40
27.0
 40
27.0
 40
28.0
 40
28.0
 40
28.0
 40
29.0
 40
29.0
 40
29.0
 40
30.0
 40
30.0
 40
30.0
 40
31.0
 40
31.0
 40
31.0
 40
32.0
 40
32.0
 40
32.0
 40
33.0
 40
33.0
 40
33.0
 40
34.0
 40
34.0
 40
34.0
 40
35.0
 40
35.0
 40
35.0
 40
49.15999999999997
 40
49.15999999999997
 40
49.15999999999997
 40
57.65999999999997
 40
57.65999999999997
 40
57.65999999999997
 40
58.65999999999997
 40
58.65999999999997
 40
58.65999999999997
 40
59.65999999999997
 40
59.65999999999997
 40
59.65999999999997
 40
60.65999999999997
 40
60.65999999999997
 40
60.65999999999997
 40
65.2299999999999
 40
65.2299999999999
 40
65.2299999999999
 40
66.2299999999999
 40
66.2299999999999
 40
66.2299999999999
 40
67.2299999999999
 40
67.2299999999999
 40
67.2299999999999
 40
68.2299999999999
 40
68.2299999999999
 40
68.2299999999999
 40
69.2299999999999
 40
69.2299999999999
 40
69.2299999999999
 40
70.2299999999999
 40
70.2299999999999
 40
70.2299999999999
 40
71.2299999999999
 40
71.2299999999999
 40
71.2299999999999
 40
72.2299999999999
 40
72.2299999999999
 40
72.2299999999999
 40
136.1899999999999
 40
136.1899999999999
 40
136.1899999999999
 40
137.1899999999999
 40
137.1899999999999
 40
137.1899999999999
 40
138.1899999999999
 40
138.1899999999999
 40
138.1899999999999
 40
139.1899999999999
 40
139.1899999999999
 40
139.1899999999999
 40
140.1899999999999
 40
140.1899999999999
 40
140.1899999999999
 40
154.3599999999999
 40
154.3599999999999
 40
154.3599999999999
 40
162.8599999999999
 40
162.8599999999999
 40
162.8599999999999
 40
163.8599999999999
 40
163.8599999999999
 40
163.8599999999999
 40
164.8599999999999
 40
164.8599999999999
 40
164.8599999999999
 40
165.8599999999999
 40
165.8599999999999
 40
165.8599999999999
 40
166.8599999999999
 40
166.8599999999999
 40
166.8599999999999
 40
167.8599999999999
 40
167.8599999999999
 40
167.8599999999999
 40
168.8599999999999
 40
168.8599999999999
 40
168.8599999999999
 40
169.8599999999999
 40
169.8599999999999
 40
169.8599999999999
 40
170.8599999999999
 40
170.8599999999999
 40
170.8599999999999
 40
171.8599999999999
 40
171.8599999999999
 40
171.8599999999999
 40
172.8599999999999
 40
172.8599999999999
 40
172.8599999999999
 40
173.8599999999999
 40
173.8599999999999
 40
173.8599999999999
 40
174.8599999999999
 40
174.8599999999999
 40
174.8599999999999
 40
175.8599999999999
 40
175.8599999999999
 40
175.8599999999999
 40
176.8599999999999
 40
176.8599999999999
 40
176.8599999999999
 40
177.8599999999999
 40
177.8599999999999
 40
177.8599999999999
 40
178.8599999999999
 40
178.8599999999999
 40
178.8599999999999
 40
179.8599999999999
 40
179.8599999999999
 40
179.8599999999999
 40
180.8599999999999
 40
180.8599999999999
 40
180.8599999999999
 40
181.8599999999999
 40
181.8599999999999
 40
181.8599999999999
 40
182.8599999999999
 40
182.8599999999999
 40
182.8599999999999
 40
183.8599999999999
 40
183.8599999999999
 40
183.8599999999999
 40
184.8599999999999
 40
184.8599999999999
 40
184.8599999999999
 40
185.8599999999999
 40
185.8599999999999
 40
185.8599999999999
 40
186.8599999999999
 40
186.8599999999999
 40
186.8599999999999
 40
186.8599999999999
 10
299.6689883333333
 20
196.6665908333333
 30
0.0
 10
298.6208855555556
 20
196.2926463888889
 30
0.0
 10
295.9708188888889
 20
197.3947241666666
 30
0.0
 10
295.5750022222222
 20
198.3175908333333
 30
0.0
 10
295.28008
 20
199.0055075
 30
0.0
 10
294.5314855555555
 20
201.2632852777778
 30
0.0
 10
294.5314855555555
 20
201.2632852777778
 30
0.0
 10
271.4178383333333
 20
196.9805630555555
 30
0.0
 10
261.8222827777778
 20
196.4831463888889
 30
0.0
 10
260.8274494444444
 20
195.4883130555555
 30
0.0
 10
260.8274494444444
 20
195.4212852777778
 30
0.0
 10
259.818505
 20
194.7898130555555
 30
0.0
 10
258.4638383333333
 20
194.5322852777778
 30
0.0
 10
257.1021161111111
 20
194.2818130555555
 30
0.0
 10
256.3295327777778
 20
194.1865630555556
 30
0.0
 10
255.9943938888889
 20
194.1230630555555
 30
0.0
 10
256.1788966666667
 20
193.1412825
 30
0.0
 10
256.3637522222222
 20
192.1591491666666
 30
0.0
 10
256.548255
 20
191.1773686111111
 30
0.0
 10
256.8798661111111
 20
191.2373408333333
 30
0.0
 10
257.6348105555555
 20
191.4313686111111
 30
0.0
 10
258.993005
 20
191.6818408333333
 30
0.0
 10
260.3476716666667
 20
191.9323130555555
 30
0.0
 10
261.533005
 20
191.6959519444444
 30
0.0
 10
261.5435883333333
 20
191.6465630555555
 30
0.0
 10
262.5948661111111
 20
190.6728963888889
 30
0.0
 10
263.1854161111111
 20
187.0985519444444
 30
0.0
 10
249.4150883333333
 20
186.9260436111111
 30
0.0
 10
248.2262272222222
 20
186.9108741666666
 30
0.0
 10
247.2723161111111
 20
189.6343186111111
 30
0.0
 10
247.4352994444445
 20
190.5847019444444
 30
0.0
 10
247.5615938888889
 20
191.3241241666666
 30
0.0
 10
247.8875605555556
 20
193.4316186111111
 30
0.0
 10
247.8875605555556
 20
193.4316186111111
 30
0.0
 10
228.5870883333334
 20
199.8909797222222
 30
0.0
 10
216.5467827777778
 20
204.7663686111111
 30
0.0
 10
215.6154494444445
 20
204.7663686111111
 30
0.0
 10
215.5978105555556
 20
204.7099241666666
 30
0.0
 10
214.3983661111111
 20
204.6358408333333
 30
0.0
 10
213.0860327777778
 20
205.0662297222222
 30
0.0
 10
211.7666438888889
 20
205.5001463888889
 30
0.0
 10
211.0469772222222
 20
205.7894241666667
 30
0.0
 10
210.7185411111111
 20
205.8952575
 30
0.0
 10
210.4080966666667
 20
204.9462852777778
 30
0.0
 10
210.098005
 20
203.9973130555555
 30
0.0
 10
209.7875605555555
 20
203.0483408333333
 30
0.0
 10
210.1085883333333
 20
202.9389797222222
 30
0.0
 10
210.8635327777778
 20
202.7449519444444
 30
0.0
 10
212.1758661111111
 20
202.3110352777778
 30
0.0
 10
213.4740883333333
 20
201.8841741666666
 30
0.0
 10
214.3944855555556
 20
201.1186463888889
 30
0.0
 10
214.3944855555556
 20
201.0551463888889
 30
0.0
 10
214.8467466666667
 20
199.6934241666667
 30
0.0
 10
214.4512827777778
 20
196.1416575
 30
0.0
 10
202.6452216666667
 20
202.2073186111111
 30
0.0
 10
201.2090633333333
 20
203.1704019444444
 30
0.0
 10
200.9578855555556
 20
206.3531630555555
 30
0.0
 10
201.5808911111111
 20
207.1546741666666
 30
0.0
 10
202.0412661111111
 20
207.7469880555555
 30
0.0
 10
203.2858661111111
 20
209.1902019444444
 30
0.0
 10
203.2858661111111
 20
209.1902019444444
 30
0.0
 10
184.3416994444444
 20
229.8665075
 30
0.0
 10
181.4453938888889
 20
234.7136741666667
 30
0.0
 10
180.5140605555555
 20
234.7348408333333
 30
0.0
 10
180.4717272222222
 20
234.6960352777777
 30
0.0
 10
179.3886994444445
 20
235.2146186111111
 30
0.0
 10
178.4506633333334
 20
236.2341463888889
 30
0.0
 10
177.5154494444444
 20
237.2536741666666
 30
0.0
 10
177.0250883333333
 20
237.8604519444444
 30
0.0
 10
176.792255
 20
238.1109241666666
 30
0.0
 10
176.0584772222222
 20
237.4335908333333
 30
0.0
 10
175.3246994444445
 20
236.7562575
 30
0.0
 10
174.5909216666667
 20
236.0789241666666
 30
0.0
 10
174.8166994444445
 20
235.8284519444444
 30
0.0
 10
175.3811438888889
 20
235.2922297222222
 30
0.0
 10
176.316005
 20
234.2727019444444
 30
0.0
 10
177.2438105555556
 20
233.2567019444444
 30
0.0
 10
177.6741994444444
 20
232.1278130555555
 30
0.0
 10
177.6353938888889
 20
232.0890075
 30
0.0
 10
177.5404966666667
 20
230.6602575
 30
0.0
 10
175.8009494444445
 20
228.6811741666666
 30
0.0
 10
167.7258661111111
 20
238.4354797222222
 30
0.0
 10
167.4965605555556
 20
238.7635630555556
 30
0.0
 10
167.4048383333333
 20
239.1516186111111
 30
0.0
 10
167.5494772222222
 20
239.6384519444444
 30
0.0
 10
168.0221994444445
 20
241.2577019444444
 30
0.0
 10
169.902505
 20
241.5222852777777
 30
0.0
 10
170.8659411111111
 20
244.2915908333333
 30
0.0
 10
173.7481355555556
 20
252.5995075
 30
0.0
 10
178.6937272222222
 20
269.4905075
 30
0.0
 10
178.6937272222222
 20
269.4905075
 30
0.0
 10
178.8383661111111
 20
269.8785630555555
 30
0.0
 10
179.2123105555555
 20
270.1360908333333
 30
0.0
 10
179.6289411111111
 20
270.1360908333333
 30
0.0
 10
180.2413633333333
 20
270.1350325
 30
0.0
 10
180.8541383333333
 20
270.1336213888889
 30
0.0
 10
181.4665605555556
 20
270.1325630555555
 30
0.0
 10
181.52618
 20
270.1325630555555
 30
0.0
 10
181.9710327777778
 20
269.0177852777778
 30
0.0
 10
181.9745605555555
 20
267.6348963888888
 30
0.0
 10
181.9745605555555
 20
266.2484797222222
 30
0.0
 10
181.9251716666667
 20
265.4723686111111
 30
0.0
 10
181.9286994444445
 20
265.1301741666666
 30
0.0
 10
181.9286994444445
 20
263.4650630555555
 30
0.0
 10
181.9286994444445
 20
261.7999519444444
 30
0.0
 10
181.9286994444445
 20
260.1348408333333
 30
0.0
 10
182.9282364814815
 20
260.1348408333333
 30
0.0
 10
183.9277735185186
 20
260.1348408333333
 30
0.0
 10
184.9273105555556
 20
260.1348408333333
 30
0.0
 10
184.9262522222222
 20
261.8024213888888
 30
0.0
 10
184.9248411111111
 20
263.4696491666667
 30
0.0
 10
184.9237827777778
 20
265.1372297222222
 30
0.0
 10
184.9273105555556
 20
265.4758963888888
 30
0.0
 10
184.8743938888889
 20
266.2520075
 30
0.0
 10
184.8743938888889
 20
267.6348963888888
 30
0.0
 10
184.8743938888889
 20
269.0107297222222
 30
0.0
 10
185.3224216666667
 20
270.1360908333333
 30
0.0
 10
185.3753383333333
 20
270.1360908333333
 30
0.0
 10
185.9127364814815
 20
270.1360908333333
 30
0.0
 10
186.4501346296296
 20
270.1360908333333
 30
0.0
 10
186.9875327777778
 20
270.1360908333333
 30
0.0
 10
187.5131716666667
 20
270.1360908333333
 30
0.0
 10
187.9474411111111
 20
269.7303963888889
 30
0.0
 10
187.9858938888889
 20
269.2082852777777
 30
0.0
 10
188.9242827777778
 20
255.4040908333333
 30
0.0
 10
194.1630327777778
 20
242.5629797222222
 30
0.0
 10
199.9803383333333
 20
231.6198130555555
 30
0.0
 10
206.9159494444444
 20
218.5740908333333
 30
0.0
 10
208.8950327777778
 20
214.8558130555555
 30
0.0
 10
228.6819855555556
 20
208.2341741666666
 30
0.0
 10
248.4731716666666
 20
201.6125352777777
 30
0.0
 10
267.1104216666666
 20
204.2266186111111
 30
0.0
 10
273.9578383333333
 20
205.4966186111111
 30
0.0
 10
280.8049022222222
 20
206.7666186111111
 30
0.0
 10
292.8561438888889
 20
208.9997019444444
 30
0.0
 10
298.775755
 20
213.8821463888889
 30
0.0
 10
301.5521161111111
 20
216.1681463888889
 30
0.0
 10
313.3631161111111
 20
225.9083408333333
 30
0.0
 10
317.7657827777778
 20
229.5348963888889
 30
0.0
 10
322.1649216666667
 20
233.1614519444444
 30
0.0
 10
324.3309772222222
 20
238.3190630555555
 30
0.0
 10
324.3309772222222
 20
245.5721741666666
 30
0.0
 10
324.3309772222222
 20
253.0933963888889
 30
0.0
 10
324.3309772222222
 20
260.6146186111111
 30
0.0
 10
324.3309772222222
 20
268.1358408333333
 30
0.0
 10
324.3309772222222
 20
269.2400352777777
 30
0.0
 10
325.2270327777778
 20
270.1360908333333
 30
0.0
 10
326.3312272222222
 20
270.1360908333333
 30
0.0
 10
327.2992494444445
 20
270.1420880555555
 30
0.0
 10
328.2669188888889
 20
270.1477325
 30
0.0
 10
329.2349411111111
 20
270.1537297222222
 30
0.0
 10
329.2949133333333
 20
270.1537297222222
 30
0.0
 10
329.7390605555556
 20
269.0389519444444
 30
0.0
 10
329.7425883333333
 20
267.6560630555555
 30
0.0
 10
329.7425883333333
 20
266.2696463888889
 30
0.0
 10
329.6928466666666
 20
265.4935352777778
 30
0.0
 10
329.6967272222222
 20
265.1513408333333
 30
0.0
 10
329.6967272222222
 20
263.4850537962963
 30
0.0
 10
329.6967272222222
 20
261.8187667592592
 30
0.0
 10
329.6967272222222
 20
260.1524797222222
 30
0.0
 10
330.6962642592592
 20
260.1524797222222
 30
0.0
 10
331.6958012962963
 20
260.1524797222222
 30
0.0
 10
332.6953383333333
 20
260.1524797222222
 30
0.0
 10
332.6939272222222
 20
261.8211186111111
 30
0.0
 10
332.6928688888889
 20
263.4897574999999
 30
0.0
 10
332.6914577777778
 20
265.1583963888888
 30
0.0
 10
332.6953383333333
 20
265.4970630555555
 30
0.0
 10
332.6424216666666
 20
266.2731741666666
 30
0.0
 10
332.6424216666666
 20
267.6560630555555
 30
0.0
 10
332.6424216666666
 20
269.0318963888889
 30
0.0
 10
333.0904494444445
 20
270.1572575
 30
0.0
 10
333.1437188888889
 20
270.1572575
 30
0.0
 10
336.5053383333333
 20
270.1572575
 30
0.0
 10
340.4740883333333
 20
275.3042852777778
 30
0.0
 10
342.0231355555555
 20
276.9764519444444
 30
0.0
 10
343.5714772222222
 20
278.6486186111111
 30
0.0
 10
350.1296161111111
 20
277.9317741666666
 30
0.0
 10
352.9024494444444
 20
277.8612186111111
 30
0.0
 10
354.39858
 20
277.8224130555555
 30
0.0
 10
356.8870744444444
 20
276.7683130555555
 30
0.0
 10
356.2316133333333
 20
274.1736325
 30
0.0
 10
355.8417938888889
 20
272.6316408333333
 30
0.0
 10
352.3979772222222
 20
273.3357852777777
 30
0.0
 10
352.3979772222222
 20
273.3357852777777
 30
0.0
 10
351.468055
 20
273.7016158333333
 30
0.0
 10
350.5377799999999
 20
274.0670936111111
 30
0.0
 10
349.6078577777778
 20
274.4329241666667
 30
0.0
 10
339.955505
 20
249.9289797222222
 30
0.0
 10
336.3712827777778
 20
243.4696186111111
 30
0.0
 10
336.6432744444444
 20
242.7887575
 30
0.0
 10
336.6993661111111
 20
242.7675908333333
 30
0.0
 10
336.7032466666666
 20
241.5681463888889
 30
0.0
 10
336.2023022222222
 20
240.2805075
 30
0.0
 10
335.6939494444444
 20
238.9893408333333
 30
0.0
 10
335.3658661111111
 20
238.2837852777778
 30
0.0
 10
335.2423938888888
 20
237.9627575
 30
0.0
 10
336.1726688888889
 20
237.6004547222222
 30
0.0
 10
337.1025911111111
 20
237.2385047222222
 30
0.0
 10
338.0328661111111
 20
236.8762019444444
 30
0.0
 10
338.1595133333333
 20
237.1901741666667
 30
0.0
 10
338.3926994444444
 20
237.9310075
 30
0.0
 10
338.9006994444444
 20
239.2186463888889
 30
0.0
 10
339.4055244444444
 20
240.4957019444444
 30
0.0
 10
340.2310244444445
 20
241.3811741666667
 30
0.0
 10
340.2835883333333
 20
241.3600075
 30
0.0
 10
341.6629494444445
 20
241.7339519444444
 30
0.0
 10
344.7165938888888
 20
239.6991297222222
 30
0.0
 10
337.9429077777777
 20
228.7287991666666
 30
0.0
 10
337.0256855555555
 20
227.8151047222222
 30
0.0
 10
334.5170827777778
 20
228.0532297222222
 30
0.0
 10
333.6859383333334
 20
228.6593019444444
 30
0.0
 10
333.0802188888889
 20
229.1016852777778
 30
0.0
 10
331.5311716666666
 20
230.7272852777777
 30
0.0
 10
331.5311716666666
 20
230.7272852777777
 30
0.0
 10
310.0752272222222
 20
213.0425352777777
 30
0.0
 10
304.8505883333333
 20
210.8376741666666
 30
0.0
 10
304.8505883333333
 20
209.3383686111111
 30
0.0
 10
304.8893938888889
 20
209.2889797222222
 30
0.0
 10
304.3143661111111
 20
208.2377019444444
 30
0.0
 10
303.2489772222222
 20
207.3557575
 30
0.0
 10
302.17618
 20
206.4738130555555
 30
0.0
 10
301.5485883333333
 20
206.0187297222222
 30
0.0
 10
301.2875327777778
 20
205.7964797222222
 30
0.0
 10
301.9235911111111
 20
205.0284825
 30
0.0
 10
302.5600022222222
 20
204.2608380555556
 30
0.0
 10
303.1960605555556
 20
203.4928408333333
 30
0.0
 10
303.4606438888889
 20
203.7045075
 30
0.0
 10
304.0250883333333
 20
204.2372019444445
 30
0.0
 10
305.094005
 20
205.1191463888889
 30
0.0
 10
306.1562188888889
 20
205.9940352777778
 30
0.0
 10
307.3059216666667
 20
206.3644519444444
 30
0.0
 10
307.3411994444444
 20
206.3221186111111
 30
0.0
 10
308.7307911111111
 20
205.9799241666666
 30
0.0
 10
311.8398216666666
 20
203.6046713888889
 30
0.0
 10
299.6689883333333
 20
196.6665908333333
 30
0.0
  0
SPLINE
  5
1CC
330
1F
100
AcDbEntity
  8
DEFAULT
 62
     1
100
AcDbSpline
210
0.0
220
0.0
230
1.0
 70
    11
 71
     3
 72
   239
 73
   235
 74
     0
 42
0.000000001
 43
0.0000000001
 40
1.0
 40
1.0
 40
1.0
 40
1.0
 40
2.0
 40
2.0
 40
2.0
 40
3.0
 40
3.0
 40
3.0
 40
4.0
 40
4.0
 40
4.0
 40
5.0
 40
5.0
 40
5.0
 40
6.0
 40
6.0
 40
6.0
 40
7.0
 40
7.0
 40
7.0
 40
8.0
 40
8.0
 40
8.0
 40
9.0
 40
9.0
 40
9.0
 40
10.0
 40
10.0
 40
10.0
 40
11.0
 40
11.0
 40
11.0
 40
12.0
 40
12.0
 40
12.0
 40
13.0
 40
13.0
 40
13.0
 40
14.0
 40
14.0
 40
14.0
 40
15.0
 40
15.0
 40
15.0
 40
16.0
 40
16.0
 40
16.0
 40
17.0
 40
17.0
 40
17.0
 40
18.0
 40
18.0
 40
18.0
 40
19.0
 40
19.0
 40
19.0
 40
20.0
 40
20.0
 40
20.0
 40
21.0
 40
21.0
 40
21.0
 40
22.0
 40
22.0
 40
22.0
 40
23.0
 40
23.0
 40
23.0
 40
24.0
 40
24.0
 40
24.0
 40
25.0
 40
25.0
 40
25.0
 40
26.0
 40
26.0
 40
26.0
 40
27.0
 40
27.0
 40
27.0
 40
28.0
 40
28.0
 40
28.0
 40
29.0
 40
29.0
 40
29.0
 40
30.0
 40
30.0
 40
30.0
 40
31.0
 40
31.0
 40
31.0
 40
32.0
 40
32.0
 40
32.0
 40
33.0
 40
33.0
 40
33.0
 40
34.0
 40
34.0
 40
34.0
 40
35.0
 40
35.0
 40
35.0
 40
49.15899999999999
 40
49.15899999999999
 40
49.15899999999999
 40
57.65899999999999
 40
57.65899999999999
 40
57.65899999999999
 40
58.65899999999999
 40
58.65899999999999
 40
58.65899999999999
 40
59.65899999999999
 40
59.65899999999999
 40
59.65899999999999
 40
60.65899999999999
 40
60.65899999999999
 40
60.65899999999999
 40
65.22899999999993
 40
65.22899999999993
 40
65.22899999999993
 40
66.22899999999993
 40
66.22899999999993
 40
66.22899999999993
 40
67.22899999999993
 40
67.22899999999993
 40
67.22899999999993
 40
68.22899999999993
 40
68.22899999999993
 40
68.22899999999993
 40
69.22899999999993
 40
69.22899999999993
 40
69.22899999999993
 40
70.22899999999993
 40
70.22899999999993
 40
70.22899999999993
 40
71.22899999999993
 40
71.22899999999993
 40
71.22899999999993
 40
72.22899999999993
 40
72.22899999999993
 40
72.22899999999993
 40
136.189
 40
136.189
 40
136.189
 40
137.189
 40
137.189
 40
137.189
 40
138.189
 40
138.189
 40
138.189
 40
139.189
 40
139.189
 40
139.189
 40
140.189
 40
140.189
 40
140.189
 40
154.3589999999999
 40
154.3589999999999
 40
154.3589999999999
 40
162.8589999999999
 40
162.8589999999999
 40
162.8589999999999
 40
163.8589999999999
 40
163.8589999999999
 40
163.8589999999999
 40
164.8589999999999
 40
164.8589999999999
 40
164.8589999999999
 40
165.8589999999999
 40
165.8589999999999
 40
165.8589999999999
 40
166.8589999999999
 40
166.8589999999999
 40
166.8589999999999
 40
167.8589999999999
 40
167.8589999999999
 40
167.8589999999999
 40
168.8589999999999
 40
168.8589999999999
 40
168.8589999999999
 40
169.8589999999999
 40
169.8589999999999
 40
169.8589999999999
 40
170.8589999999999
 40
170.8589999999999
 40
170.8589999999999
 40
171.8589999999999
 40
171.8589999999999
 40
171.8589999999999
 40
172.8589999999999
 40
172.8589999999999
 40
172.8589999999999
 40
173.8589999999999
 40
173.8589999999999
 40
173.8589999999999
 40
174.8589999999999
 40
174.8589999999999
 40
174.8589999999999
 40
175.8589999999999
 40
175.8589999999999
 40
175.8589999999999
 40
176.8589999999999
 40
176.8589999999999
 40
176.8589999999999
 40
177.8589999999999
 40
177.8589999999999
 40
177.8589999999999
 40
178.8589999999999
 40
178.8589999999999
 40
178.8589999999999
 40
179.8589999999999
 40
179.8589999999999
 40
179.8589999999999
 40
180.8589999999999
 40
180.8589999999999
 40
180.8589999999999
 40
181.8589999999999
 40
181.8589999999999
 40
181.8589999999999
 40
182.8589999999999
 40
182.8589999999999
 40
182.8589999999999
 40
183.8589999999999
 40
183.8589999999999
 40
183.8589999999999
 40
184.8589999999999
 40
184.8589999999999
 40
184.8589999999999
 40
185.8589999999999
 40
185.8589999999999
 40
185.8589999999999
 40
186.8589999999999
 40
186.8589999999999
 40
186.8589999999999
 40
186.8589999999999
 10
286.7249013888889
 20
197.3604341666667
 30
0.0
 10
287.7730041666666
 20
197.7343786111111
 30
0.0
 10
290.4230708333333
 20
196.6323008333333
 30
0.0
 10
290.8188875
 20
195.7094341666667
 30
0.0
 10
291.1138097222222
 20
195.0215175
 30
0.0
 10
291.8624041666666
 20
192.7637397222222
 30
0.0
 10
291.8624041666666
 20
192.7637397222222
 30
0.0
 10
314.9760513888889
 20
197.0464619444444
 30
0.0
 10
324.5716069444445
 20
197.5438786111111
 30
0.0
 10
325.5660875
 20
198.5387119444445
 30
0.0
 10
325.5660875
 20
198.6057397222222
 30
0.0
 10
326.5750319444444
 20
199.2372119444445
 30
0.0
 10
327.9296986111111
 20
199.4947397222222
 30
0.0
 10
329.2917736111111
 20
199.7452119444444
 30
0.0
 10
330.0640041666666
 20
199.8404619444444
 30
0.0
 10
330.3991430555556
 20
199.9039619444445
 30
0.0
 10
330.2146402777778
 20
200.8857425
 30
0.0
 10
330.0301375
 20
201.8678758333333
 30
0.0
 10
329.8456347222222
 20
202.8496563888889
 30
0.0
 10
329.5140236111111
 20
202.7896841666667
 30
0.0
 10
328.7590791666667
 20
202.5956563888889
 30
0.0
 10
327.4005319444444
 20
202.3451841666667
 30
0.0
 10
326.0458652777778
 20
202.0947119444444
 30
0.0
 10
324.8605319444444
 20
202.3310730555555
 30
0.0
 10
324.8503013888889
 20
202.3804619444444
 30
0.0
 10
323.7986708333333
 20
203.3541286111111
 30
0.0
 10
323.2081208333333
 20
206.9284730555555
 30
0.0
 10
336.9788013888889
 20
207.1009813888889
 30
0.0
 10
338.1676625
 20
207.1161508333333
 30
0.0
 10
339.1215736111111
 20
204.3927063888889
 30
0.0
 10
338.9585902777777
 20
203.4423230555556
 30
0.0
 10
338.8322958333333
 20
202.7029008333333
 30
0.0
 10
338.5063291666667
 20
200.5954063888889
 30
0.0
 10
338.5063291666667
 20
200.5954063888889
 30
0.0
 10
357.8068013888889
 20
194.1360452777778
 30
0.0
 10
369.8471069444444
 20
189.2606563888889
 30
0.0
 10
370.7780875
 20
189.2606563888889
 30
0.0
 10
370.7964319444445
 20
189.3171008333333
 30
0.0
 10
371.9951708333333
 20
189.3911841666666
 30
0.0
 10
373.3075041666667
 20
188.9607952777778
 30
0.0
 10
374.6268930555556
 20
188.5268786111111
 30
0.0
 10
375.3465597222222
 20
188.2376008333333
 30
0.0
 10
375.6749958333333
 20
188.1317675
 30
0.0
 10
375.9854402777777
 20
189.0807397222222
 30
0.0
 10
376.2958847222222
 20
190.0297119444444
 30
0.0
 10
376.6063291666666
 20
190.9786841666667
 30
0.0
 10
376.2853013888889
 20
191.0880452777778
 30
0.0
 10
375.5303569444444
 20
191.2820730555555
 30
0.0
 10
374.2176708333333
 20
191.7159897222222
 30
0.0
 10
372.9194486111111
 20
192.1428508333333
 30
0.0
 10
371.9990513888889
 20
192.9083786111111
 30
0.0
 10
371.9990513888889
 20
192.9718786111111
 30
0.0
 10
371.5474958333333
 20
194.3336008333333
 30
0.0
 10
371.9429597222222
 20
197.8853675
 30
0.0
 10
383.7486680555555
 20
191.8197063888889
 30
0.0
 10
385.1844736111111
 20
190.8566230555555
 30
0.0
 10
385.4356513888889
 20
187.6738619444444
 30
0.0
 10
384.8126458333332
 20
186.8723508333333
 30
0.0
 10
384.3526236111111
 20
186.2800369444444
 30
0.0
 10
383.1076708333333
 20
184.8368230555556
 30
0.0
 10
383.1076708333333
 20
184.8368230555556
 30
0.0
 10
402.0521902777778
 20
164.1605175
 30
0.0
 10
404.9484958333333
 20
159.3133508333333
 30
0.0
 10
405.8794763888889
 20
159.2918313888889
 30
0.0
 10
405.9218097222221
 20
159.3309897222222
 30
0.0
 10
407.0051902777777
 20
158.8124063888889
 30
0.0
 10
407.9432263888888
 20
157.7925258333333
 30
0.0
 10
408.8780874999999
 20
156.7733508333333
 30
0.0
 10
409.3688013888889
 20
156.1665730555555
 30
0.0
 10
409.6019875
 20
155.9161008333333
 30
0.0
 10
410.3354125
 20
156.5934341666667
 30
0.0
 10
411.0691902777777
 20
157.2707675
 30
0.0
 10
411.8026152777777
 20
157.9481008333333
 30
0.0
 10
411.5771902777778
 20
158.1985730555556
 30
0.0
 10
411.0130986111111
 20
158.7347952777778
 30
0.0
 10
410.0778847222222
 20
159.7543230555555
 30
0.0
 10
409.1500791666666
 20
160.7703230555555
 30
0.0
 10
408.7200430555555
 20
161.8992119444445
 30
0.0
 10
408.7581430555555
 20
161.9376647222222
 30
0.0
 10
408.8537458333333
 20
163.3667675
 30
0.0
 10
410.5929402777778
 20
165.3454980555556
 30
0.0
 10
418.6676708333333
 20
155.5915452777778
 30
0.0
 10
418.8973291666666
 20
155.2631091666667
 30
0.0
 10
418.9886986111111
 20
154.8754063888889
 30
0.0
 10
418.8440597222222
 20
154.3885730555556
 30
0.0
 10
418.3713375
 20
152.7693230555556
 30
0.0
 10
416.4913847222222
 20
152.5047397222222
 30
0.0
 10
415.527948611111
 20
149.7350813888889
 30
0.0
 10
412.6461069444444
 20
141.4275175
 30
0.0
 10
407.6998097222222
 20
124.5365175
 30
0.0
 10
407.6998097222222
 20
124.5365175
 30
0.0
 10
407.5551708333333
 20
124.1484619444444
 30
0.0
 10
407.1815791666666
 20
123.8909341666667
 30
0.0
 10
406.7649486111111
 20
123.8909341666667
 30
0.0
 10
406.1525263888889
 20
123.8919925
 30
0.0
 10
405.5401041666667
 20
123.8930508333333
 30
0.0
 10
404.9276819444444
 20
123.8941091666667
 30
0.0
 10
404.8673569444445
 20
123.8941091666667
 30
0.0
 10
404.4225041666666
 20
125.0092397222222
 30
0.0
 10
404.4193291666667
 20
126.3921286111111
 30
0.0
 10
404.4193291666667
 20
127.7785452777778
 30
0.0
 10
404.4683652777778
 20
128.5543036111111
 30
0.0
 10
404.4648375
 20
128.8968508333333
 30
0.0
 10
404.4648375
 20
130.5618443518518
 30
0.0
 10
404.4648375
 20
132.2268378703704
 30
0.0
 10
404.4648375
 20
133.8918313888889
 30
0.0
 10
403.4653004629629
 20
133.8918313888889
 30
0.0
 10
402.4657634259259
 20
133.8918313888889
 30
0.0
 10
401.4662263888889
 20
133.8918313888889
 30
0.0
 10
401.4672847222221
 20
132.2246036111111
 30
0.0
 10
401.4686958333333
 20
130.5570230555555
 30
0.0
 10
401.4697541666666
 20
128.8897952777778
 30
0.0
 10
401.4662263888889
 20
128.5511286111111
 30
0.0
 10
401.5194958333333
 20
127.7746647222222
 30
0.0
 10
401.5194958333333
 20
126.3921286111111
 30
0.0
 10
401.5194958333333
 20
125.0162952777778
 30
0.0
 10
401.0711152777777
 20
123.8909341666667
 30
0.0
 10
401.0185513888889
 20
123.8909341666667
 30
0.0
 10
400.4811532407407
 20
123.8909341666667
 30
0.0
 10
399.9437550925925
 20
123.8909341666667
 30
0.0
 10
399.4063569444444
 20
123.8909341666667
 30
0.0
 10
398.8803652777777
 20
123.8909341666667
 30
0.0
 10
398.4468013888888
 20
124.2966286111111
 30
0.0
 10
398.4076430555556
 20
124.8187397222222
 30
0.0
 10
397.4692541666666
 20
138.6225813888889
 30
0.0
 10
392.2308569444444
 20
151.4640452777778
 30
0.0
 10
386.4131986111111
 20
162.4068591666667
 30
0.0
 10
379.4775875
 20
175.4529341666667
 30
0.0
 10
377.4992097222222
 20
179.1712119444445
 30
0.0
 10
357.7115513888888
 20
185.7928508333333
 30
0.0
 10
337.9207180555555
 20
192.4144897222222
 30
0.0
 10
319.2834680555555
 20
189.8004063888889
 30
0.0
 10
312.4360513888889
 20
188.5304063888889
 30
0.0
 10
305.5889875
 20
187.2604063888889
 30
0.0
 10
293.5377458333333
 20
185.0273230555555
 30
0.0
 10
287.6181347222222
 20
180.1448786111111
 30
0.0
 10
284.8417736111111
 20
177.8588786111111
 30
0.0
 10
273.0307736111111
 20
168.1186841666667
 30
0.0
 10
268.6281069444444
 20
164.4921286111111
 30
0.0
 10
264.2289680555555
 20
160.8655730555556
 30
0.0
 10
262.0629125
 20
155.7079619444444
 30
0.0
 10
262.0629125
 20
148.4548508333333
 30
0.0
 10
262.0629125
 20
140.9336286111111
 30
0.0
 10
262.0629125
 20
133.4124063888889
 30
0.0
 10
262.0629125
 20
125.8911841666666
 30
0.0
 10
262.0629125
 20
124.7869897222222
 30
0.0
 10
261.1668569444444
 20
123.8909341666667
 30
0.0
 10
260.0626625
 20
123.8909341666667
 30
0.0
 10
259.0946402777778
 20
123.8849369444444
 30
0.0
 10
258.1269708333333
 20
123.8792925
 30
0.0
 10
257.1589486111111
 20
123.8732952777778
 30
0.0
 10
257.0989763888888
 20
123.8732952777778
 30
0.0
 10
256.6548291666666
 20
124.9880730555556
 30
0.0
 10
256.6513013888888
 20
126.3709619444444
 30
0.0
 10
256.6513013888888
 20
127.7573786111111
 30
0.0
 10
256.7010430555555
 20
128.5334897222222
 30
0.0
 10
256.6971625
 20
128.8756841666667
 30
0.0
 10
256.6971625
 20
130.5419712037037
 30
0.0
 10
256.6971625
 20
132.2082582407407
 30
0.0
 10
256.6971625
 20
133.8745452777778
 30
0.0
 10
255.6976254629629
 20
133.8745452777778
 30
0.0
 10
254.6980884259259
 20
133.8745452777778
 30
0.0
 10
253.6985513888889
 20
133.8745452777778
 30
0.0
 10
253.6999625
 20
132.2059063888889
 30
0.0
 10
253.7010208333333
 20
130.5372675
 30
0.0
 10
253.7024319444444
 20
128.8686286111111
 30
0.0
 10
253.6985513888889
 20
128.5299619444444
 30
0.0
 10
253.7514680555556
 20
127.7538508333333
 30
0.0
 10
253.7514680555556
 20
126.3709619444444
 30
0.0
 10
253.7514680555556
 20
124.9951286111111
 30
0.0
 10
253.3034402777778
 20
123.8697675
 30
0.0
 10
253.2501708333333
 20
123.8697675
 30
0.0
 10
249.8885513888889
 20
123.8697675
 30
0.0
 10
245.9198013888889
 20
118.7223869444444
 30
0.0
 10
244.3707541666667
 20
117.0505730555556
 30
0.0
 10
242.8224125
 20
115.3784063888889
 30
0.0
 10
236.2642736111111
 20
116.0948980555555
 30
0.0
 10
233.4914402777778
 20
116.1654536111111
 30
0.0
 10
231.9953097222222
 20
116.2046119444444
 30
0.0
 10
229.5068152777778
 20
117.2587119444444
 30
0.0
 10
230.1622763888889
 20
119.8530397222222
 30
0.0
 10
230.5520958333333
 20
121.3950313888889
 30
0.0
 10
233.9959125
 20
120.6908869444444
 30
0.0
 10
233.9959125
 20
120.6908869444444
 30
0.0
 10
234.9258347222222
 20
120.3254091666667
 30
0.0
 10
235.8561097222222
 20
119.9595786111111
 30
0.0
 10
236.7860319444444
 20
119.5941008333333
 30
0.0
 10
246.4383847222222
 20
144.0980452777778
 30
0.0
 10
250.0226069444444
 20
150.5574063888889
 30
0.0
 10
249.7506152777778
 20
151.2382675
 30
0.0
 10
249.6945236111111
 20
151.2594341666667
 30
0.0
 10
249.6906430555555
 20
152.4588786111111
 30
0.0
 10
250.1915875
 20
153.7465175
 30
0.0
 10
250.6999402777778
 20
155.0376841666667
 30
0.0
 10
251.0280236111111
 20
155.7432397222222
 30
0.0
 10
251.1514958333333
 20
156.0642675
 30
0.0
 10
250.2212208333333
 20
156.4265702777778
 30
0.0
 10
249.2912986111111
 20
156.7885202777778
 30
0.0
 10
248.3610236111111
 20
157.1508230555555
 30
0.0
 10
248.2343763888889
 20
156.8364980555556
 30
0.0
 10
248.0011902777778
 20
156.0960175
 30
0.0
 10
247.4931902777778
 20
154.8080258333333
 30
0.0
 10
246.9883652777777
 20
153.5313230555556
 30
0.0
 10
246.1628652777777
 20
152.6454980555555
 30
0.0
 10
246.1103013888889
 20
152.6670175
 30
0.0
 10
244.7309402777778
 20
152.2927202777778
 30
0.0
 10
241.6772958333333
 20
154.3275425
 30
0.0
 10
248.4509819444445
 20
165.2982258333333
 30
0.0
 10
249.3682041666666
 20
166.2119202777778
 30
0.0
 10
251.8768069444444
 20
165.9737952777778
 30
0.0
 10
252.7079513888889
 20
165.3673702777778
 30
0.0
 10
253.3136708333333
 20
164.9253397222222
 30
0.0
 10
254.8627180555555
 20
163.2997397222222
 30
0.0
 10
254.8627180555555
 20
163.2997397222222
 30
0.0
 10
276.3186625
 20
180.9844897222222
 30
0.0
 10
281.5433013888889
 20
183.1893508333334
 30
0.0
 10
281.5433013888889
 20
184.6886563888889
 30
0.0
 10
281.5044958333333
 20
184.7380452777778
 30
0.0
 10
282.0795236111111
 20
185.7893230555556
 30
0.0
 10
283.1449125
 20
186.6712675
 30
0.0
 10
284.2177097222222
 20
187.5532119444445
 30
0.0
 10
284.8453013888889
 20
188.0082952777778
 30
0.0
 10
285.1063569444444
 20
188.2305452777778
 30
0.0
 10
284.4702986111111
 20
188.9985425
 30
0.0
 10
283.8338874999999
 20
189.7661869444444
 30
0.0
 10
283.1978291666666
 20
190.5341841666666
 30
0.0
 10
282.9332458333333
 20
190.3225175
 30
0.0
 10
282.3688013888889
 20
189.7898230555555
 30
0.0
 10
281.2998847222222
 20
188.9078786111111
 30
0.0
 10
280.2376708333333
 20
188.0329897222222
 30
0.0
 10
279.0879680555555
 20
187.6625730555556
 30
0.0
 10
279.0526902777777
 20
187.7049063888889
 30
0.0
 10
277.6630986111111
 20
188.0471008333333
 30
0.0
 10
274.5540680555555
 20
190.4223536111111
 30
0.0
 10
286.7249013888889
 20
197.3604341666667
 30
0.0
  0
SPLINE
  5
1CD
330
1F
100
AcDbEntity
  8
DEFAULT
 62
     1
100
AcDbSpline
210
0.0
220
0.0
230
1.0
 70
    11
 71
     3
 72
   239
 73
   235
 74
     0
 42
0.000000001
 43
0.0000000001
 40
1.0
 40
1.0
 40
1.0
 40
1.0
 40
2.0
 40
2.0
 40
2.0
 40
3.0
 40
3.0
 40
3.0
 40
4.0
 40
4.0
 40
4.0
 40
5.0
 40
5.0
 40
5.0
 40
6.0
 40
6.0
 40
6.0
 40
7.0
 40
7.0
 40
7.0
 40
8.0
 40
8.0
 40
8.0
 40
9.0
 40
9.0
 40
9.0
 40
10.0
 40
10.0
 40
10.0
 40
11.0
 40
11.0
 40
11.0
 40
12.0
 40
12.0
 40
12.0
 40
13.0
 40
13.0
 40
13.0
 40
14.0
 40
14.0
 40
14.0
 40
15.0
 40
15.0
 40
15.0
 40
16.0
 40
16.0
 40
16.0
 40
17.0
 40
17.0
 40
17.0
 40
18.0
 40
18.0
 40
18.0
 40
19.0
 40
19.0
 40
19.0
 40
20.0
 40
20.0
 40
20.0
 40
21.0
 40
21.0
 40
21.0
 40
22.0
 40
22.0
 40
22.0
 40
23.0
 40
23.0
 40
23.0
 40
24.0
 40
24.0
 40
24.0
 40
25.0
 40
25.0
 40
25.0
 40
26.0
 40
26.0
 40
26.0
 40
27.0
 40
27.0
 40
27.0
 40
28.0
 40
28.0
 40
28.0
 40
29.0
 40
29.0
 40
29.0
 40
30.0
 40
30.0
 40
30.0
 40
31.0
 40
31.0
 40
31.0
 40
32.0
 40
32.0
 40
32.0
 40
33.0
 40
33.0
 40
33.0
 40
34.0
 40
34.0
 40
34.0
 40
35.0
 40
35.0
 40
35.0
 40
49.15899999999999
 40
49.15899999999999
 40
49.15899999999999
 40
57.65899999999999
 40
57.65899999999999
 40
57.65899999999999
 40
58.65899999999999
 40
58.65899999999999
 40
58.65899999999999
 40
59.65899999999999
 40
59.65899999999999
 40
59.65899999999999
 40
60.65899999999999
 40
60.65899999999999
 40
60.65899999999999
 40
65.22899999999993
 40
65.22899999999993
 40
65.22899999999993
 40
66.22899999999993
 40
66.22899999999993
 40
66.22899999999993
 40
67.22899999999993
 40
67.22899999999993
 40
67.22899999999993
 40
68.22899999999993
 40
68.22899999999993
 40
68.22899999999993
 40
69.22899999999993
 40
69.22899999999993
 40
69.22899999999993
 40
70.22899999999993
 40
70.22899999999993
 40
70.22899999999993
 40
71.22899999999993
 40
71.22899999999993
 40
71.22899999999993
 40
72.22899999999993
 40
72.22899999999993
 40
72.22899999999993
 40
136.1879999999999
 40
136.1879999999999
 40
136.1879999999999
 40
137.1879999999999
 40
137.1879999999999
 40
137.1879999999999
 40
138.1879999999999
 40
138.1879999999999
 40
138.1879999999999
 40
139.1879999999999
 40
139.1879999999999
 40
139.1879999999999
 40
140.1879999999999
 40
140.1879999999999
 40
140.1879999999999
 40
154.3569999999999
 40
154.3569999999999
 40
154.3569999999999
 40
162.8569999999999
 40
162.8569999999999
 40
162.8569999999999
 40
163.8569999999999
 40
163.8569999999999
 40
163.8569999999999
 40
164.8569999999999
 40
164.8569999999999
 40
164.8569999999999
 40
165.8569999999999
 40
165.8569999999999
 40
165.8569999999999
 40
166.8569999999999
 40
166.8569999999999
 40
166.8569999999999
 40
167.8569999999999
 40
167.8569999999999
 40
167.8569999999999
 40
168.8569999999999
 40
168.8569999999999
 40
168.8569999999999
 40
169.8569999999999
 40
169.8569999999999
 40
169.8569999999999
 40
170.8569999999999
 40
170.8569999999999
 40
170.8569999999999
 40
171.8569999999999
 40
171.8569999999999
 40
171.8569999999999
 40
172.8569999999999
 40
172.8569999999999
 40
172.8569999999999
 40
173.8569999999999
 40
173.8569999999999
 40
173.8569999999999
 40
174.8569999999999
 40
174.8569999999999
 40
174.8569999999999
 40
175.8569999999999
 40
175.8569999999999
 40
175.8569999999999
 40
176.8569999999999
 40
176.8569999999999
 40
176.8569999999999
 40
177.8569999999999
 40
177.8569999999999
 40
177.8569999999999
 40
178.8569999999999
 40
178.8569999999999
 40
178.8569999999999
 40
179.8569999999999
 40
179.8569999999999
 40
179.8569999999999
 40
180.8569999999999
 40
180.8569999999999
 40
180.8569999999999
 40
181.8569999999999
 40
181.8569999999999
 40
181.8569999999999
 40
182.8569999999999
 40
182.8569999999999
 40
182.8569999999999
 40
183.8569999999999
 40
183.8569999999999
 40
183.8569999999999
 40
184.8569999999999
 40
184.8569999999999
 40
184.8569999999999
 40
185.8569999999999
 40
185.8569999999999
 40
185.8569999999999
 40
186.8569999999999
 40
186.8569999999999
 40
186.8569999999999
 40
186.8569999999999
 10
299.6689883333333
 20
102.1547077777778
 30
0.0
 10
298.6208855555556
 20
101.7804105555556
 30
0.0
 10
295.9708188888889
 20
102.8824883333333
 30
0.0
 10
295.5750022222222
 20
103.8057077777778
 30
0.0
 10
295.28008
 20
104.4936244444444
 30
0.0
 10
294.5314855555555
 20
106.7510494444444
 30
0.0
 10
294.5314855555555
 20
106.7510494444444
 30
0.0
 10
271.4178383333333
 20
102.46868
 30
0.0
 10
261.8222827777778
 20
101.9709105555555
 30
0.0
 10
260.8274494444444
 20
100.97643
 30
0.0
 10
260.8274494444444
 20
100.9090494444444
 30
0.0
 10
259.818505
 20
100.27793
 30
0.0
 10
258.4638383333333
 20
100.0200494444444
 30
0.0
 10
257.1021161111111
 20
99.76957722222221
 30
0.0
 10
256.3295327777778
 20
99.67432722222222
 30
0.0
 10
255.9943938888889
 20
99.61118
 30
0.0
 10
256.1788966666667
 20
98.62904666666665
 30
0.0
 10
256.3637522222222
 20
97.64726611111111
 30
0.0
 10
256.548255
 20
96.66513277777779
 30
0.0
 10
256.8798661111111
 20
96.72510499999999
 30
0.0
 10
257.6348105555555
 20
96.91948555555557
 30
0.0
 10
258.993005
 20
97.169605
 30
0.0
 10
260.3476716666667
 20
97.42043
 30
0.0
 10
261.533005
 20
97.18406888888889
 30
0.0
 10
261.5435883333333
 20
97.13467999999999
 30
0.0
 10
262.5948661111111
 20
96.16101333333333
 30
0.0
 10
263.1854161111111
 20
92.58666888888888
 30
0.0
 10
249.4150883333333
 20
92.41416055555555
 30
0.0
 10
248.2262272222222
 20
92.39899111111112
 30
0.0
 10
247.2723161111111
 20
95.12208277777778
 30
0.0
 10
247.4352994444445
 20
96.07281888888889
 30
0.0
 10
247.5615938888889
 20
96.8122411111111
 30
0.0
 10
247.8875605555556
 20
98.91973555555555
 30
0.0
 10
247.8875605555556
 20
98.91973555555555
 30
0.0
 10
228.5870883333334
 20
105.3790966666667
 30
0.0
 10
216.5467827777778
 20
110.2544855555555
 30
0.0
 10
215.6154494444445
 20
110.2544855555555
 30
0.0
 10
215.5978105555556
 20
110.1980411111111
 30
0.0
 10
214.3983661111111
 20
110.1239577777778
 30
0.0
 10
213.0860327777778
 20
110.5543466666667
 30
0.0
 10
211.7666438888889
 20
110.9882633333333
 30
0.0
 10
211.0469772222222
 20
111.2771883333333
 30
0.0
 10
210.7185411111111
 20
111.3833744444444
 30
0.0
 10
210.4080966666667
 20
110.4344022222222
 30
0.0
 10
210.098005
 20
109.48543
 30
0.0
 10
209.7875605555555
 20
108.5364577777778
 30
0.0
 10
210.1085883333333
 20
108.4267438888889
 30
0.0
 10
210.8635327777778
 20
108.2327161111111
 30
0.0
 10
212.1758661111111
 20
107.7991522222222
 30
0.0
 10
213.4740883333333
 20
107.3722911111111
 30
0.0
 10
214.3944855555556
 20
106.6064105555556
 30
0.0
 10
214.3944855555556
 20
106.5429105555556
 30
0.0
 10
214.8467466666667
 20
105.1815411111111
 30
0.0
 10
214.4512827777778
 20
101.6297744444444
 30
0.0
 10
202.6452216666667
 20
107.6954355555556
 30
0.0
 10
201.2090633333333
 20
108.6585188888889
 30
0.0
 10
200.9578855555556
 20
111.84128
 30
0.0
 10
201.5808911111111
 20
112.6424383333333
 30
0.0
 10
202.0412661111111
 20
113.235105
 30
0.0
 10
203.2858661111111
 20
114.6783188888889
 30
0.0
 10
203.2858661111111
 20
114.6783188888889
 30
0.0
 10
184.3416994444444
 20
135.3542716666666
 30
0.0
 10
181.4453938888889
 20
140.2017911111111
 30
0.0
 10
180.5140605555555
 20
140.2229577777778
 30
0.0
 10
180.4717272222222
 20
140.1841522222222
 30
0.0
 10
179.3886994444445
 20
140.7027355555555
 30
0.0
 10
178.4506633333334
 20
141.7222633333333
 30
0.0
 10
177.5154494444444
 20
142.7417911111111
 30
0.0
 10
177.0250883333333
 20
143.3485688888889
 30
0.0
 10
176.792255
 20
143.5986883333333
 30
0.0
 10
176.0584772222222
 20
142.921355
 30
0.0
 10
175.3246994444445
 20
142.2440216666667
 30
0.0
 10
174.5909216666667
 20
141.5666883333333
 30
0.0
 10
174.8166994444445
 20
141.3165688888889
 30
0.0
 10
175.3811438888889
 20
140.7799938888889
 30
0.0
 10
176.316005
 20
139.7608188888889
 30
0.0
 10
177.2438105555556
 20
138.7444661111111
 30
0.0
 10
177.6741994444444
 20
137.61593
 30
0.0
 10
177.6353938888889
 20
137.5771244444444
 30
0.0
 10
177.5404966666667
 20
136.1480216666667
 30
0.0
 10
175.8009494444445
 20
134.1692911111111
 30
0.0
 10
167.7258661111111
 20
143.9232438888889
 30
0.0
 10
167.4965605555556
 20
144.25168
 30
0.0
 10
167.4048383333333
 20
144.6397355555555
 30
0.0
 10
167.5494772222222
 20
145.1265688888889
 30
0.0
 10
168.0221994444445
 20
146.7454661111111
 30
0.0
 10
169.902505
 20
147.0100494444444
 30
0.0
 10
170.8659411111111
 20
149.7797077777778
 30
0.0
 10
173.7481355555556
 20
158.0876244444444
 30
0.0
 10
178.6937272222222
 20
174.9782716666666
 30
0.0
 10
178.6937272222222
 20
174.9782716666666
 30
0.0
 10
178.8383661111111
 20
175.3663272222222
 30
0.0
 10
179.2123105555555
 20
175.623855
 30
0.0
 10
179.6289411111111
 20
175.623855
 30
0.0
 10
180.2413633333333
 20
175.6227966666667
 30
0.0
 10
180.8541383333333
 20
175.6217383333333
 30
0.0
 10
181.4665605555556
 20
175.62068
 30
0.0
 10
181.52618
 20
175.62068
 30
0.0
 10
181.9710327777778
 20
174.5055494444444
 30
0.0
 10
181.9745605555555
 20
173.1226605555555
 30
0.0
 10
181.9745605555555
 20
171.7362438888889
 30
0.0
 10
181.9251716666667
 20
170.9604855555555
 30
0.0
 10
181.9286994444445
 20
170.6179383333333
 30
0.0
 10
181.9286994444445
 20
168.9529448148148
 30
0.0
 10
181.9286994444445
 20
167.2879512962963
 30
0.0
 10
181.9286994444445
 20
165.6229577777778
 30
0.0
 10
182.9282364814815
 20
165.6229577777778
 30
0.0
 10
183.9277735185186
 20
165.6229577777778
 30
0.0
 10
184.9273105555556
 20
165.6229577777778
 30
0.0
 10
184.9262522222222
 20
167.2901855555555
 30
0.0
 10
184.9248411111111
 20
168.9577661111111
 30
0.0
 10
184.9237827777778
 20
170.6249938888889
 30
0.0
 10
184.9273105555556
 20
170.9636605555555
 30
0.0
 10
184.8743938888889
 20
171.7401244444444
 30
0.0
 10
184.8743938888889
 20
173.1226605555555
 30
0.0
 10
184.8743938888889
 20
174.4984938888889
 30
0.0
 10
185.3224216666667
 20
175.623855
 30
0.0
 10
185.3753383333333
 20
175.623855
 30
0.0
 10
185.9127364814815
 20
175.623855
 30
0.0
 10
186.4501346296296
 20
175.623855
 30
0.0
 10
186.9875327777778
 20
175.623855
 30
0.0
 10
187.5131716666667
 20
175.623855
 30
0.0
 10
187.9474411111111
 20
175.2181605555556
 30
0.0
 10
187.9858938888889
 20
174.6960494444444
 30
0.0
 10
188.9242827777778
 20
160.8922077777778
 30
0.0
 10
194.1630327777778
 20
148.0510966666667
 30
0.0
 10
199.9803383333333
 20
137.10793
 30
0.0
 10
206.9159494444444
 20
124.0622077777778
 30
0.0
 10
208.8950327777778
 20
120.34393
 30
0.0
 10
228.6819855555556
 20
113.7222911111111
 30
0.0
 10
248.4731716666666
 20
107.1006522222222
 30
0.0
 10
267.1104216666666
 20
109.7147355555555
 30
0.0
 10
273.9578383333333
 20
110.9843827777778
 30
0.0
 10
280.8049022222222
 20
112.2547355555556
 30
0.0
 10
292.8561438888889
 20
114.4878188888889
 30
0.0
 10
298.775755
 20
119.3702633333333
 30
0.0
 10
301.5521161111111
 20
121.6559105555556
 30
0.0
 10
313.3631161111111
 20
131.3964577777778
 30
0.0
 10
317.7657827777778
 20
135.0226605555555
 30
0.0
 10
322.1649216666667
 20
138.6492161111111
 30
0.0
 10
324.3309772222222
 20
143.8068272222222
 30
0.0
 10
324.3309772222222
 20
151.0602911111111
 30
0.0
 10
324.3309772222222
 20
158.5813957407407
 30
0.0
 10
324.3309772222222
 20
166.1025003703704
 30
0.0
 10
324.3309772222222
 20
173.623605
 30
0.0
 10
324.3309772222222
 20
174.7277994444444
 30
0.0
 10
325.2270327777778
 20
175.623855
 30
0.0
 10
326.3312272222222
 20
175.623855
 30
0.0
 10
327.2992494444445
 20
175.6298522222222
 30
0.0
 10
328.2669188888889
 20
175.6358494444444
 30
0.0
 10
329.2349411111111
 20
175.6418466666667
 30
0.0
 10
329.2949133333333
 20
175.6418466666667
 30
0.0
 10
329.7390605555556
 20
174.5267161111111
 30
0.0
 10
329.7425883333333
 20
173.1438272222222
 30
0.0
 10
329.7425883333333
 20
171.7574105555555
 30
0.0
 10
329.6928466666666
 20
170.9816522222222
 30
0.0
 10
329.6967272222222
 20
170.639105
 30
0.0
 10
329.6967272222222
 20
168.9729355555556
 30
0.0
 10
329.6967272222222
 20
167.3067661111111
 30
0.0
 10
329.6967272222222
 20
165.6405966666667
 30
0.0
 10
330.6962642592592
 20
165.6405966666667
 30
0.0
 10
331.6958012962963
 20
165.6405966666667
 30
0.0
 10
332.6953383333333
 20
165.6405966666667
 30
0.0
 10
332.6939272222222
 20
167.3092355555555
 30
0.0
 10
332.6928688888889
 20
168.9775216666667
 30
0.0
 10
332.6914577777778
 20
170.6461605555556
 30
0.0
 10
332.6953383333333
 20
170.9848272222222
 30
0.0
 10
332.6424216666666
 20
171.7612911111111
 30
0.0
 10
332.6424216666666
 20
173.1438272222222
 30
0.0
 10
332.6424216666666
 20
174.5196605555556
 30
0.0
 10
333.0904494444445
 20
175.6450216666667
 30
0.0
 10
333.1437188888889
 20
175.6450216666667
 30
0.0
 10
336.5053383333333
 20
175.6450216666667
 30
0.0
 10
340.4740883333333
 20
180.7924022222222
 30
0.0
 10
342.0231355555555
 20
182.4642161111111
 30
0.0
 10
343.5714772222222
 20
184.1367355555555
 30
0.0
 10
350.1296161111111
 20
183.4198911111111
 30
0.0
 10
352.9024494444444
 20
183.3493355555555
 30
0.0
 10
354.39858
 20
183.31053
 30
0.0
 10
356.8870744444444
 20
182.25643
 30
0.0
 10
356.2316133333333
 20
179.6617494444444
 30
0.0
 10
355.8417938888889
 20
178.119405
 30
0.0
 10
352.3979772222222
 20
178.8239022222222
 30
0.0
 10
352.3979772222222
 20
178.8239022222222
 30
0.0
 10
351.468055
 20
179.18938
 30
0.0
 10
350.5377799999999
 20
179.5552105555556
 30
0.0
 10
349.6078577777778
 20
179.9206883333333
 30
0.0
 10
339.955505
 20
155.4167438888889
 30
0.0
 10
336.3712827777778
 20
148.9573827777778
 30
0.0
 10
336.6432744444444
 20
148.2765216666667
 30
0.0
 10
336.6993661111111
 20
148.2557077777778
 30
0.0
 10
336.7032466666666
 20
147.0559105555556
 30
0.0
 10
336.2023022222222
 20
145.7686244444444
 30
0.0
 10
335.6939494444444
 20
144.477105
 30
0.0
 10
335.3658661111111
 20
143.7715494444444
 30
0.0
 10
335.2423938888888
 20
143.4508744444445
 30
0.0
 10
336.1726688888889
 20
143.0885716666667
 30
0.0
 10
337.1025911111111
 20
142.7262688888889
 30
0.0
 10
338.0328661111111
 20
142.3639661111111
 30
0.0
 10
338.1595133333333
 20
142.6779383333333
 30
0.0
 10
338.3926994444444
 20
143.4187716666667
 30
0.0
 10
338.9006994444444
 20
144.7064105555555
 30
0.0
 10
339.4055244444444
 20
145.9834661111111
 30
0.0
 10
340.2310244444445
 20
146.8692911111111
 30
0.0
 10
340.2835883333333
 20
146.8477716666667
 30
0.0
 10
341.6629494444445
 20
147.2220688888889
 30
0.0
 10
344.7165938888888
 20
145.1868938888889
 30
0.0
 10
337.9429077777777
 20
134.2169161111111
 30
0.0
 10
337.0256855555555
 20
133.3028688888889
 30
0.0
 10
334.5170827777778
 20
133.5409938888889
 30
0.0
 10
333.6859383333334
 20
134.1474188888889
 30
0.0
 10
333.0802188888889
 20
134.5894494444445
 30
0.0
 10
331.5311716666666
 20
136.2154022222222
 30
0.0
 10
331.5311716666666
 20
136.2154022222222
 30
0.0
 10
310.0752272222222
 20
118.5302994444444
 30
0.0
 10
304.8505883333333
 20
116.3254383333333
 30
0.0
 10
304.8505883333333
 20
114.8261327777778
 30
0.0
 10
304.8893938888889
 20
114.7767438888889
 30
0.0
 10
304.3143661111111
 20
113.7258188888889
 30
0.0
 10
303.2489772222222
 20
112.8438744444444
 30
0.0
 10
302.17618
 20
111.96193
 30
0.0
 10
301.5485883333333
 20
111.5068466666667
 30
0.0
 10
301.2875327777778
 20
111.2845966666667
 30
0.0
 10
301.9235911111111
 20
110.5165994444444
 30
0.0
 10
302.5600022222222
 20
109.748955
 30
0.0
 10
303.1960605555556
 20
108.9809577777778
 30
0.0
 10
303.4606438888889
 20
109.1922716666667
 30
0.0
 10
304.0250883333333
 20
109.7253188888889
 30
0.0
 10
305.094005
 20
110.6072633333333
 30
0.0
 10
306.1562188888889
 20
111.4817994444444
 30
0.0
 10
307.3059216666667
 20
111.8522161111111
 30
0.0
 10
307.3411994444444
 20
111.8098827777778
 30
0.0
 10
308.7307911111111
 20
111.4676883333333
 30
0.0
 10
311.8398216666666
 20
109.0927883333333
 30
0.0
 10
299.6689883333333
 20
102.1547077777778
 30
0.0
  0
SPLINE
  5
1CE
330
1F
100
AcDbEntity
  8
DEFAULT
 62
     1
100
AcDbSpline
210
0.0
220
0.0
230
1.0
 70
    11
 71
     3
 72
    98
 73
    94
 74
     0
 42
0.000000001
 43
0.0000000001
 40
1.0
 40
1.0
 40
1.0
 40
1.0
 40
2.0
 40
2.0
 40
2.0
 40
3.0
 40
3.0
 40
3.0
 40
4.0
 40
4.0
 40
4.0
 40
5.0
 40
5.0
 40
5.0
 40
6.0
 40
6.0
 40
6.0
 40
7.0
 40
7.0
 40
7.0
 40
8.0
 40
8.0
 40
8.0
 40
9.0
 40
9.0
 40
9.0
 40
10.0
 40
10.0
 40
10.0
 40
11.0
 40
11.0
 40
11.0
 40
12.0
 40
12.0
 40
12.0
 40
13.0
 40
13.0
 40
13.0
 40
14.0
 40
14.0
 40
14.0
 40
15.0
 40
15.0
 40
15.0
 40
16.0
 40
16.0
 40
16.0
 40
17.0
 40
17.0
 40
17.0
 40
18.0
 40
18.0
 40
18.0
 40
19.0
 40
19.0
 40
19.0
 40
20.0
 40
20.0
 40
20.0
 40
21.0
 40
21.0
 40
21.0
 40
22.0
 40
22.0
 40
22.0
 40
23.0
 40
23.0
 40
23.0
 40
24.0
 40
24.0
 40
24.0
 40
25.0
 40
25.0
 40
25.0
 40
26.0
 40
26.0
 40
26.0
 40
27.0
 40
27.0
 40
27.0
 40
28.0
 40
28.0
 40
28.0
 40
36.5
 40
36.5
 40
36.5
 40
45.0
 40
45.0
 40
45.0
 40
46.0
 40
46.0
 40
46.0
 40
47.0
 40
47.0
 40
47.0
 40
47.0
 10
434.6019727777777
 20
195.2406630555555
 30
0.0
 10
434.6019727777777
 20
197.5936908333333
 30
0.0
 10
434.4008894444444
 20
199.8620519444444
 30
0.0
 10
434.1045561111111
 20
201.9575519444444
 30
0.0
 10
426.5903894444444
 20
200.7157741666666
 30
0.0
 10
420.9847505555556
 20
206.4131352777777
 30
0.0
 10
422.1947783333333
 20
215.8499408333333
 30
0.0
 10
422.501695
 20
218.234718611111
 30
0.0
 10
422.5295644444444
 20
219.6659380555555
 30
0.0
 10
423.739945
 20
221.3532741666666
 30
0.0
 10
428.4562311111111
 20
227.9276408333333
 30
0.0
 10
423.6055366666666
 20
220.5732824999999
 30
0.0
 10
429.5561922222222
 20
243.6160213888889
 30
0.0
 10
431.6456949999999
 20
251.7073324999999
 30
0.0
 10
422.311195
 20
260.8414547222222
 30
0.0
 10
421.0330811111111
 20
263.2682130555555
 30
0.0
 10
419.6604227777777
 20
265.8745352777777
 30
0.0
 10
417.2668255555556
 20
268.4258241666666
 30
0.0
 10
415.4574283333333
 20
268.5997436111111
 30
0.0
 10
413.6501477777778
 20
268.7764852777777
 30
0.0
 10
411.2290338888889
 20
264.9142741666666
 30
0.0
 10
411.9539922222222
 20
262.5855880555555
 30
0.0
 10
412.678245
 20
260.2618408333333
 30
0.0
 10
415.3907533333333
 20
257.9716075
 30
0.0
 10
417.6601727777777
 20
258.2517130555555
 30
0.0
 10
424.1188283333333
 20
259.0489908333333
 30
0.0
 10
426.9029505555555
 20
245.9447074999999
 30
0.0
 10
418.5752783333333
 20
223.4311352777777
 30
0.0
 10
414.7158894444445
 20
212.9973797222222
 30
0.0
 10
406.6722033333333
 20
220.4808547222222
 30
0.0
 10
406.6722033333333
 20
206.5503658333333
 30
0.0
 10
406.6722033333333
 20
201.2586991666666
 30
0.0
 10
407.51887
 20
201.5938380555555
 30
0.0
 10
408.7006755555555
 20
203.4635602777777
 30
0.0
 10
410.8173422222222
 20
206.8149491666666
 30
0.0
 10
418.6035005555556
 20
207.9547741666666
 30
0.0
 10
418.6035005555556
 20
193.2721630555555
 30
0.0
 10
418.6035005555556
 20
178.5895519444444
 30
0.0
 10
410.8212227777777
 20
179.7297297222222
 30
0.0
 10
408.7045561111111
 20
183.0811186111111
 30
0.0
 10
407.5223977777778
 20
184.9508408333333
 30
0.0
 10
406.6760838888889
 20
185.2859797222222
 30
0.0
 10
406.6760838888889
 20
179.9943130555555
 30
0.0
 10
406.6760838888889
 20
166.0634713888889
 30
0.0
 10
414.71977
 20
173.5469463888888
 30
0.0
 10
418.5788061111111
 20
163.1131908333333
 30
0.0
 10
426.9064783333333
 20
140.5996186111111
 30
0.0
 10
424.1223561111111
 20
127.4953352777778
 30
0.0
 10
417.6637005555556
 20
128.2926130555555
 30
0.0
 10
415.3942811111111
 20
128.5727186111111
 30
0.0
 10
412.68142
 20
126.2828380555555
 30
0.0
 10
411.9578727777777
 20
123.9587380555555
 30
0.0
 10
411.2325616666667
 20
121.6296991666666
 30
0.0
 10
413.6536755555555
 20
117.7678408333333
 30
0.0
 10
415.4609561111111
 20
117.9449352777778
 30
0.0
 10
417.2703533333333
 20
118.1185019444444
 30
0.0
 10
419.6635977777777
 20
120.6697908333333
 30
0.0
 10
421.0366088888889
 20
123.2761130555555
 30
0.0
 10
422.3150755555556
 20
125.7028713888889
 30
0.0
 10
431.6492227777778
 20
134.8369936111111
 30
0.0
 10
429.55972
 20
142.9283047222222
 30
0.0
 10
423.6094172222222
 20
165.9713963888888
 30
0.0
 10
428.4597588888889
 20
158.6166852777777
 30
0.0
 10
423.7434727777778
 20
165.1910519444444
 30
0.0
 10
422.5330922222222
 20
166.8783880555555
 30
0.0
 10
422.5052227777778
 20
168.3096075
 30
0.0
 10
422.1983061111111
 20
170.6943852777777
 30
0.0
 10
420.9882783333334
 20
180.1311908333333
 30
0.0
 10
426.5939172222222
 20
185.8285519444444
 30
0.0
 10
434.1080838888889
 20
184.5867741666666
 30
0.0
 10
434.4044172222222
 20
186.6822741666666
 30
0.0
 10
434.6055005555555
 20
188.9506352777777
 30
0.0
 10
434.6055005555555
 20
191.3036630555555
 30
0.0
 10
434.534945
 20
191.3812741666666
 30
0.0
 10
433.4342783333333
 20
191.8010797222222
 30
0.0
 10
432.1043061111111
 20
191.8010797222222
 30
0.0
 10
430.7214172222222
 20
191.8010797222222
 30
0.0
 10
429.9453061111111
 20
191.7481630555555
 30
0.0
 10
429.6066394444444
 20
191.7516908333333
 30
0.0
 10
428.6047505555555
 20
191.7506325
 30
0.0
 10
427.6028616666667
 20
191.7492213888888
 30
0.0
 10
426.6009727777778
 20
191.7481630555555
 30
0.0
 10
426.6009727777778
 20
192.7477000925926
 30
0.0
 10
426.6009727777778
 20
193.7472371296296
 30
0.0
 10
426.6009727777778
 20
194.7467741666667
 30
0.0
 10
427.6005098148148
 20
194.7467741666667
 30
0.0
 10
428.6000468518519
 20
194.7467741666667
 30
0.0
 10
429.5995838888888
 20
194.7467741666667
 30
0.0
 10
429.9417783333333
 20
194.7503019444444
 30
0.0
 10
430.7178894444444
 20
194.7009130555555
 30
0.0
 10
432.1043061111111
 20
194.7009130555555
 30
0.0
 10
433.487195
 20
194.7044408333333
 30
0.0
 10
434.6019727777777
 20
195.1806908333333
 30
0.0
 10
434.6019727777777
 20
195.2406630555555
 30
0.0
  0
SPLINE
  5
1CF
330
1F
100
AcDbEntity
  8
DEFAULT
 62
     1
100
AcDbSpline
210
0.0
220
0.0
230
1.0
 70
    11
 71
     3
 72
   128
 73
   124
 74
     0
 42
0.000000001
 43
0.0000000001
 40
1.0
 40
1.0
 40
1.0
 40
1.0
 40
2.0
 40
2.0
 40
2.0
 40
3.0
 40
3.0
 40
3.0
 40
4.0
 40
4.0
 40
4.0
 40
5.0
 40
5.0
 40
5.0
 40
6.0
 40
6.0
 40
6.0
 40
7.0
 40
7.0
 40
7.0
 40
8.0
 40
8.0
 40
8.0
 40
9.0
 40
9.0
 40
9.0
 40
10.0
 40
10.0
 40
10.0
 40
11.0
 40
11.0
 40
11.0
 40
12.0
 40
12.0
 40
12.0
 40
13.0
 40
13.0
 40
13.0
 40
14.0
 40
14.0
 40
14.0
 40
15.0
 40
15.0
 40
15.0
 40
16.0
 40
16.0
 40
16.0
 40
17.0
 40
17.0
 40
17.0
 40
18.0
 40
18.0
 40
18.0
 40
19.0
 40
19.0
 40
19.0
 40
20.0
 40
20.0
 40
20.0
 40
21.0
 40
21.0
 40
21.0
 40
26.67000000000007
 40
26.67000000000007
 40
26.67000000000007
 40
27.67000000000007
 40
27.67000000000007
 40
27.67000000000007
 40
28.67000000000007
 40
28.67000000000007
 40
28.67000000000007
 40
37.17000000000007
 40
37.17000000000007
 40
37.17000000000007
 40
45.67000000000007
 40
45.67000000000007
 40
45.67000000000007
 40
46.67000000000007
 40
46.67000000000007
 40
46.67000000000007
 40
47.67000000000007
 40
47.67000000000007
 40
47.67000000000007
 40
48.67000000000007
 40
48.67000000000007
 40
48.67000000000007
 40
54.34000000000015
 40
54.34000000000015
 40
54.34000000000015
 40
55.34000000000015
 40
55.34000000000015
 40
55.34000000000015
 40
56.34000000000015
 40
56.34000000000015
 40
56.34000000000015
 40
62.01000000000022
 40
62.01000000000022
 40
62.01000000000022
 40
63.01000000000022
 40
63.01000000000022
 40
63.01000000000022
 40
64.01000000000022
 40
64.01000000000022
 40
64.01000000000022
 40
78.18000000000018
 40
78.18000000000018
 40
78.18000000000018
 40
86.68000000000018
 40
86.68000000000018
 40
86.68000000000018
 40
87.68000000000018
 40
87.68000000000018
 40
87.68000000000018
 40
88.68000000000018
 40
88.68000000000018
 40
88.68000000000018
 40
89.68000000000018
 40
89.68000000000018
 40
89.68000000000018
 40
95.35000000000025
 40
95.35000000000025
 40
95.35000000000025
 40
96.35000000000025
 40
96.35000000000025
 40
96.35000000000025
 40
96.35000000000025
 10
411.7410202777777
 20
302.5902
 30
0.0
 10
411.7410202777777
 20
314.1436722222222
 30
0.0
 10
431.9975202777777
 20
341.4638416666666
 30
0.0
 10
422.9519452777777
 20
349.7153138888888
 30
0.0
 10
414.1540202777776
 20
357.7410083333333
 30
0.0
 10
411.3113369444443
 20
352.9862694444444
 30
0.0
 10
415.4458924999999
 20
362.0949916666667
 30
0.0
 10
415.4705869444443
 20
362.151436111111
 30
0.0
 10
416.6703841666666
 20
362.0949916666667
 30
0.0
 10
417.9294480555554
 20
361.5234916666666
 30
0.0
 10
419.1923924999999
 20
360.9484638888889
 30
0.0
 10
419.8767813888888
 20
360.5851027777778
 30
0.0
 10
420.1907536111111
 20
360.4439916666666
 30
0.0
 10
420.7975313888888
 20
360.168825
 30
0.0
 10
421.4043091666666
 20
359.8936583333333
 30
0.0
 10
422.0110869444444
 20
359.6184916666666
 30
0.0
 10
422.4248952777778
 20
360.5275999999999
 30
0.0
 10
422.8390563888888
 20
361.4363555555555
 30
0.0
 10
423.2528647222222
 20
362.3454638888889
 30
0.0
 10
422.6436174999999
 20
362.6216888888889
 30
0.0
 10
422.0347230555555
 20
362.8982666666666
 30
0.0
 10
421.4254758333333
 20
363.1744916666667
 30
0.0
 10
421.1185591666666
 20
363.3191305555555
 30
0.0
 10
420.3886619444443
 20
363.5911222222222
 30
0.0
 10
419.1288924999999
 20
364.1622694444444
 30
0.0
 10
417.9192174999999
 20
364.7126027777777
 30
0.0
 10
417.0933647222221
 20
365.5525666666666
 30
0.0
 10
417.0616147222222
 20
365.6509916666666
 30
0.0
 10
418.1234758333333
 20
369.0411861111111
 30
0.0
 10
426.6649313888888
 20
364.7570527777777
 30
0.0
 10
433.1948480555555
 20
360.1039138888889
 30
0.0
 10
439.4390147222221
 20
355.6553861111111
 30
0.0
 10
445.2104591666666
 20
350.1591083333333
 30
0.0
 10
442.6775147222222
 20
347.9013305555555
 30
0.0
 10
442.6351813888888
 20
347.8589972222222
 30
0.0
 10
441.5345147222221
 20
348.3317194444444
 30
0.0
 10
440.5537924999999
 20
349.3089138888889
 30
0.0
 10
439.5734230555555
 20
350.2896361111111
 30
0.0
 10
439.0583674999999
 20
350.8717194444444
 30
0.0
 10
438.8145980555555
 20
351.1116083333333
 30
0.0
 10
438.3429341666666
 20
351.5832722222222
 30
0.0
 10
437.8716230555555
 20
352.0545833333333
 30
0.0
 10
437.3999591666666
 20
352.5262472222222
 30
0.0
 10
436.6933452777777
 20
351.8196333333333
 30
0.0
 10
435.9867313888888
 20
351.1126666666666
 30
0.0
 10
435.2801174999999
 20
350.4060527777777
 30
0.0
 10
435.7538980555555
 20
349.9333305555555
 30
0.0
 10
436.2276786111111
 20
349.4606083333333
 30
0.0
 10
436.7014591666666
 20
348.987886111111
 30
0.0
 10
436.9378202777777
 20
348.7479972222222
 30
0.0
 10
437.5273119444444
 20
348.2364694444444
 30
0.0
 10
438.5041536111111
 20
347.2592749999999
 30
0.0
 10
439.4390147222221
 20
346.3208861111111
 30
0.0
 10
439.9187924999999
 20
345.2519694444444
 30
0.0
 10
439.9187924999999
 20
345.1390805555555
 30
0.0
 10
437.4708674999999
 20
341.9746638888888
 30
0.0
 10
431.2849091666666
 20
337.6421999999999
 30
0.0
 10
436.4072424999999
 20
333.1337
 30
0.0
 10
439.3458813888888
 20
330.5478388888889
 30
0.0
 10
442.1081313888888
 20
327.1223666666666
 30
0.0
 10
442.1081313888888
 20
321.6260888888889
 30
0.0
 10
442.1081313888888
 20
320.9593388888889
 30
0.0
 10
442.1081313888888
 20
320.2925888888888
 30
0.0
 10
442.1081313888888
 20
319.6258388888888
 30
0.0
 10
442.1081313888888
 20
319.5658666666666
 30
0.0
 10
440.993353611111
 20
319.1213666666666
 30
0.0
 10
439.6104647222222
 20
319.1178388888889
 30
0.0
 10
438.2240480555554
 20
319.1178388888889
 30
0.0
 10
437.4479369444444
 20
319.1672277777777
 30
0.0
 10
437.1057425
 20
319.1636999999999
 30
0.0
 10
436.1062054629629
 20
319.1636999999999
 30
0.0
 10
435.1066684259259
 20
319.1636999999999
 30
0.0
 10
434.1071313888888
 20
319.1636999999999
 30
0.0
 10
434.1071313888888
 20
318.1641629629629
 30
0.0
 10
434.1071313888888
 20
317.1646259259259
 30
0.0
 10
434.1071313888888
 20
316.1650888888889
 30
0.0
 10
435.1090202777777
 20
316.1661472222222
 30
0.0
 10
436.1109091666665
 20
316.1675583333333
 30
0.0
 10
437.1127980555555
 20
316.1686166666667
 30
0.0
 10
437.4514647222221
 20
316.1650888888889
 30
0.0
 10
438.2275758333332
 20
316.2180055555555
 30
0.0
 10
439.6104647222222
 20
316.2180055555555
 30
0.0
 10
440.9404369444443
 20
316.2180055555555
 30
0.0
 10
442.0375758333332
 20
315.7982
 30
0.0
 10
442.1081313888888
 20
315.7205888888889
 30
0.0
 10
442.1081313888888
 20
315.0538388888888
 30
0.0
 10
442.1081313888888
 20
314.3870888888889
 30
0.0
 10
442.1081313888888
 20
313.7203388888888
 30
0.0
 10
442.1081313888888
 20
307.0845888888888
 30
0.0
 10
429.7362147222221
 20
312.2351444444444
 30
0.0
 10
426.6317702777777
 20
307.5784777777777
 30
0.0
 10
422.864103611111
 20
301.9199222222222
 30
0.0
 10
427.7747702777777
 20
288.0910333333333
 30
0.0
 10
421.5411869444443
 20
288.0910333333333
 30
0.0
 10
420.8744369444444
 20
288.0910333333333
 30
0.0
 10
420.2076869444443
 20
288.0910333333333
 30
0.0
 10
419.5409369444444
 20
288.0910333333333
 30
0.0
 10
419.4806119444444
 20
288.0910333333333
 30
0.0
 10
419.0364647222221
 20
289.2058111111111
 30
0.0
 10
419.0329369444444
 20
290.5887
 30
0.0
 10
419.0329369444444
 20
291.9751166666666
 30
0.0
 10
419.0823258333332
 20
292.7512277777777
 30
0.0
 10
419.0787980555555
 20
293.0934222222222
 30
0.0
 10
419.0787980555554
 20
294.7597092592592
 30
0.0
 10
419.0787980555554
 20
296.4259962962963
 30
0.0
 10
419.0787980555555
 20
298.0922833333333
 30
0.0
 10
418.0792610185184
 20
298.0922833333333
 30
0.0
 10
417.0797239814813
 20
298.0922833333333
 30
0.0
 10
416.0801869444443
 20
298.0922833333333
 30
0.0
 10
416.0812452777777
 20
296.4236444444444
 30
0.0
 10
416.0826563888888
 20
294.7550055555555
 30
0.0
 10
416.0837147222221
 20
293.0863666666666
 30
0.0
 10
416.0801869444443
 20
292.7477
 30
0.0
 10
416.133103611111
 20
291.9715888888888
 30
0.0
 10
416.133103611111
 20
290.5887
 30
0.0
 10
416.133103611111
 20
289.2587277777778
 30
0.0
 10
415.7132980555555
 20
288.1615888888888
 30
0.0
 10
415.6356869444443
 20
288.0910333333333
 30
0.0
 10
414.9689369444444
 20
288.0910333333333
 30
0.0
 10
414.3021869444444
 20
288.0910333333333
 30
0.0
 10
413.6354369444443
 20
288.0910333333333
 30
0.0
 10
411.9138813888888
 20
288.0910333333333
 30
0.0
 10
411.7410202777777
 20
287.2090888888889
 30
0.0
 10
411.7410202777777
 20
302.5902
 30
0.0
  0
SPLINE
  5
1D0
330
1F
100
AcDbEntity
  8
DEFAULT
 62
     1
100
AcDbSpline
210
0.0
220
0.0
230
1.0
 70
     8
 71
     3
 72
    80
 73
    76
 74
     0
 42
0.000000001
 43
0.0000000001
 40
0.0
 40
0.0
 40
0.0
 40
0.0
 40
1.0
 40
1.0
 40
1.0
 40
2.0
 40
2.0
 40
2.0
 40
3.0
 40
3.0
 40
3.0
 40
4.0
 40
4.0
 40
4.0
 40
5.0
 40
5.0
 40
5.0
 40
6.0
 40
6.0
 40
6.0
 40
7.0
 40
7.0
 40
7.0
 40
8.0
 40
8.0
 40
8.0
 40
9.0
 40
9.0
 40
9.0
 40
10.0
 40
10.0
 40
10.0
 40
11.0
 40
11.0
 40
11.0
 40
12.0
 40
12.0
 40
12.0
 40
13.0
 40
13.0
 40
13.0
 40
14.0
 40
14.0
 40
14.0
 40
15.0
 40
15.0
 40
15.0
 40
16.0
 40
16.0
 40
16.0
 40
17.0
 40
17.0
 40
17.0
 40
18.0
 40
18.0
 40
18.0
 40
19.0
 40
19.0
 40
19.0
 40
27.49900000000002
 40
27.49900000000002
 40
27.49900000000002
 40
28.49900000000002
 40
28.49900000000002
 40
28.49900000000002
 40
29.49900000000002
 40
29.49900000000002
 40
29.49900000000002
 40
30.49900000000002
 40
30.49900000000002
 40
30.49900000000002
 40
31.49900000000002
 40
31.49900000000002
 40
31.49900000000002
 40
32.49900000000002
 40
32.49900000000002
 40
32.49900000000002
 40
32.49900000000002
 10
347.9271891666667
 20
93.23017083333332
 30
0.0
 10
348.3166558333334
 20
92.84176249999999
 30
0.0
 10
348.9481280555555
 20
92.84035138888888
 30
0.0
 10
349.3365363888889
 20
93.23017083333332
 30
0.0
 10
349.7002502777777
 20
93.59670694444442
 30
0.0
 10
350.0636113888889
 20
93.96289027777776
 30
0.0
 10
350.4273252777778
 20
94.32942638888888
 30
0.0
 10
350.4146252777778
 20
94.48676527777776
 30
0.0
 10
349.9387280555555
 20
95.51370138888888
 30
0.0
 10
349.0193891666667
 20
96.43515694444443
 30
0.0
 10
348.0397252777777
 20
97.41623194444443
 30
0.0
 10
347.4551725
 20
97.92917083333332
 30
0.0
 10
347.2131669444444
 20
98.1708236111111
 30
0.0
 10
346.7418558333333
 20
98.6407236111111
 30
0.0
 10
346.2701919444444
 20
99.11027083333332
 30
0.0
 10
345.7988808333333
 20
99.58017083333333
 30
0.0
 10
346.5044363888888
 20
100.2881958333333
 30
0.0
 10
347.2099919444444
 20
100.9962208333333
 30
0.0
 10
347.9155475
 20
101.7042458333333
 30
0.0
 10
348.3886225
 20
101.2325819444444
 30
0.0
 10
348.8616975
 20
100.7612708333333
 30
0.0
 10
349.3347725
 20
100.2896069444444
 30
0.0
 10
349.5771308333333
 20
100.0532458333333
 30
0.0
 10
350.0893641666667
 20
99.46269583333333
 30
0.0
 10
351.0662058333333
 20
98.48867638888888
 30
0.0
 10
351.9883669444445
 20
97.57498194444442
 30
0.0
 10
353.0244752777778
 20
97.10049583333333
 30
0.0
 10
353.1740530555555
 20
97.08038749999999
 30
0.0
 10
354.2052225
 20
98.11649583333332
 30
0.0
 10
355.2360391666666
 20
99.15295694444443
 30
0.0
 10
356.2672086111111
 20
100.1890652777778
 30
0.0
 10
356.6609086111111
 20
100.5785319444444
 30
0.0
 10
356.6594975
 20
101.2124736111111
 30
0.0
 10
356.2696780555556
 20
101.6008819444444
 30
0.0
 10
355.7990725
 20
102.0714875
 30
0.0
 10
355.3284669444444
 20
102.5420930555556
 30
0.0
 10
354.8578613888889
 20
103.0126986111111
 30
0.0
 10
350.0110475
 20
107.4700458333333
 30
0.0
 10
345.2471363888889
 20
111.7400680555555
 30
0.0
 10
345.2386697222222
 20
118.3281930555555
 30
0.0
 10
345.2365530555555
 20
118.9942375
 30
0.0
 10
345.2347891666666
 20
119.6602819444444
 30
0.0
 10
345.2326725
 20
120.3263263888889
 30
0.0
 10
345.2369058333333
 20
120.8748958333333
 30
0.0
 10
344.7895836111111
 20
121.3208069444444
 30
0.0
 10
344.2357225
 20
121.3250402777778
 30
0.0
 10
343.7227836111111
 20
121.3232763888889
 30
0.0
 10
343.2098447222222
 20
121.3215125
 30
0.0
 10
342.6969058333333
 20
121.3197486111111
 30
0.0
 10
342.5974225
 20
121.1998041666667
 30
0.0
 10
342.2047808333333
 20
120.1365319444444
 30
0.0
 10
342.2019586111111
 20
118.8344291666667
 30
0.0
 10
342.2019586111111
 20
117.4398986111111
 30
0.0
 10
342.2531113888889
 20
116.6669625
 30
0.0
 10
342.2509947222222
 20
116.3251208333333
 30
0.0
 10
342.2502891666667
 20
115.6597819444444
 30
0.0
 10
342.2499363888889
 20
114.9947958333333
 30
0.0
 10
342.2492308333333
 20
114.3294569444444
 30
0.0
 10
341.2498113888889
 20
114.3294569444444
 30
0.0
 10
340.2503919444444
 20
114.3294569444444
 30
0.0
 10
339.2509725
 20
114.3294569444444
 30
0.0
 10
339.2516780555555
 20
114.9962069444444
 30
0.0
 10
339.2520308333333
 20
115.6629569444444
 30
0.0
 10
339.2527363888889
 20
116.3297069444444
 30
0.0
 10
339.2474447222222
 20
116.6690791666667
 30
0.0
 10
339.3007141666666
 20
117.4476597222222
 30
0.0
 10
339.3035363888889
 20
118.8294902777778
 30
0.0
 10
339.3014197222222
 20
120.1118375
 30
0.0
 10
338.9126586111111
 20
121.1761680555555
 30
0.0
 10
338.8152919444444
 20
121.3183375
 30
0.0
 10
338.1975780555555
 20
121.3165736111111
 30
0.0
 10
337.5795113888889
 20
121.3144569444444
 30
0.0
 10
336.9617975
 20
121.3126930555555
 30
0.0
 10
336.5352891666666
 20
121.3144569444444
 30
0.0
 10
336.1567586111111
 20
121.0445819444444
 30
0.0
 10
336.0174113888889
 20
120.6399458333333
 30
0.0
  0
SPLINE
  5
1D1
330
1F
100
AcDbEntity
  8
DEFAULT
 62
     1
100
AcDbSpline
210
0.0
220
0.0
230
1.0
 70
    11
 71
     3
 72
    17
 73
    13
 74
     0
 42
0.000000001
 43
0.0000000001
 40
0.0
 40
0.0
 40
0.0
 40
0.0
 40
1.0
 40
1.0
 40
1.0
 40
2.0
 40
2.0
 40
2.0
 40
3.0
 40
3.0
 40
3.0
 40
4.0
 40
4.0
 40
4.0
 40
4.0
 10
353.1037797222222
 20
100.4827880555555
 30
0.0
 10
352.6751547222221
 20
100.0531047222222
 30
0.0
 10
351.9770075
 20
100.0520463888889
 30
0.0
 10
351.5469713888888
 20
100.4803186111111
 30
0.0
 10
351.1172880555555
 20
100.9085908333333
 30
0.0
 10
351.1158769444444
 20
101.6074436111111
 30
0.0
 10
351.5445019444444
 20
102.0367741666666
 30
0.0
 10
351.9727741666666
 20
102.4668102777778
 30
0.0
 10
352.6712741666666
 20
102.4678686111111
 30
0.0
 10
353.1009574999999
 20
102.0395963888889
 30
0.0
 10
353.5309936111111
 20
101.6109713888889
 30
0.0
 10
353.5320519444444
 20
100.9128241666667
 30
0.0
 10
353.1037797222222
 20
100.4827880555555
 30
0.0
  0
SPLINE
  5
1D2
330
1F
100
AcDbEntity
  8
DEFAULT
 62
     1
100
AcDbSpline
210
0.0
220
0.0
230
1.0
 70
     8
 71
     3
 72
    92
 73
    88
 74
     0
 42
0.000000001
 43
0.0000000001
 40
0.0
 40
0.0
 40
0.0
 40
0.0
 40
1.0
 40
1.0
 40
1.0
 40
2.0
 40
2.0
 40
2.0
 40
3.0
 40
3.0
 40
3.0
 40
4.0
 40
4.0
 40
4.0
 40
5.0
 40
5.0
 40
5.0
 40
6.0
 40
6.0
 40
6.0
 40
7.0
 40
7.0
 40
7.0
 40
8.0
 40
8.0
 40
8.0
 40
9.0
 40
9.0
 40
9.0
 40
10.0
 40
10.0
 40
10.0
 40
11.0
 40
11.0
 40
11.0
 40
12.0
 40
12.0
 40
12.0
 40
13.0
 40
13.0
 40
13.0
 40
21.50999999999999
 40
21.50999999999999
 40
21.50999999999999
 40
30.00999999999999
 40
30.00999999999999
 40
30.00999999999999
 40
31.00999999999999
 40
31.00999999999999
 40
31.00999999999999
 40
32.00999999999999
 40
32.00999999999999
 40
32.00999999999999
 40
33.00999999999999
 40
33.00999999999999
 40
33.00999999999999
 40
34.00999999999999
 40
34.00999999999999
 40
34.00999999999999
 40
35.00999999999999
 40
35.00999999999999
 40
35.00999999999999
 40
36.00999999999999
 40
36.00999999999999
 40
36.00999999999999
 40
37.00999999999999
 40
37.00999999999999
 40
37.00999999999999
 40
38.00999999999999
 40
38.00999999999999
 40
38.00999999999999
 40
39.00999999999999
 40
39.00999999999999
 40
39.00999999999999
 40
40.00999999999999
 40
40.00999999999999
 40
40.00999999999999
 40
41.00999999999999
 40
41.00999999999999
 40
41.00999999999999
 40
42.00999999999999
 40
42.00999999999999
 40
42.00999999999999
 40
43.00999999999999
 40
43.00999999999999
 40
43.00999999999999
 40
44.00999999999999
 40
44.00999999999999
 40
44.00999999999999
 40
44.00999999999999
 10
329.8666249999999
 20
38.39598055555555
 30
0.0
 10
329.9971527777777
 20
38.46300833333333
 30
0.0
 10
331.1295694444444
 20
38.65033333333333
 30
0.0
 10
332.4030972222222
 20
38.40338888888888
 30
0.0
 10
333.7612916666666
 20
38.14198055555556
 30
0.0
 10
334.5127083333333
 20
37.94089722222222
 30
0.0
 10
334.8478472222222
 20
37.880925
 30
0.0
 10
335.5029555555555
 20
37.75286666666666
 30
0.0
 10
336.157711111111
 20
37.62445555555555
 30
0.0
 10
336.8128194444444
 20
37.49639722222222
 30
0.0
 10
337.0022611111111
 20
38.47853055555555
 30
0.0
 10
337.1917027777777
 20
39.4603111111111
 30
0.0
 10
337.3811444444444
 20
40.44244444444444
 30
0.0
 10
336.7270944444444
 20
40.56803333333333
 30
0.0
 10
336.0733972222222
 20
40.69397499999999
 30
0.0
 10
335.4193472222222
 20
40.81956388888889
 30
0.0
 10
335.0842083333333
 20
40.89011944444444
 30
0.0
 10
334.3151527777777
 20
40.98925
 30
0.0
 10
332.9534305555555
 20
41.25030555555555
 30
0.0
 10
331.6693194444444
 20
41.50077777777778
 30
0.0
 10
330.6991805555555
 20
42.09309166666667
 30
0.0
 10
330.6039305555555
 20
42.20986111111111
 30
0.0
 10
330.947536111111
 20
43.98186388888889
 30
0.0
 10
331.2907888888889
 20
45.75421944444444
 30
0.0
 10
331.6343944444444
 20
47.52622222222222
 30
0.0
 10
332.7844499999999
 20
46.59806388888889
 30
0.0
 10
334.0999583333333
 20
45.90661944444444
 30
0.0
 10
335.5357638888889
 20
45.5436111111111
 30
0.0
 10
341.7943944444444
 20
43.96281388888888
 30
0.0
 10
348.5994777777777
 20
48.09031388888888
 30
0.0
 10
350.1830972222222
 20
54.81425833333333
 30
0.0
 10
352.2785972222222
 20
54.51792499999999
 30
0.0
 10
354.5152083333333
 20
54.31719444444444
 30
0.0
 10
356.8682361111111
 20
54.31719444444444
 30
0.0
 10
356.9282083333333
 20
54.31719444444444
 30
0.0
 10
357.373061111111
 20
53.20241666666666
 30
0.0
 10
357.376236111111
 20
51.81952777777776
 30
0.0
 10
357.376236111111
 20
50.43275833333333
 30
0.0
 10
357.3268472222222
 20
49.65699999999999
 30
0.0
 10
357.3307277777777
 20
49.31445277777777
 30
0.0
 10
357.3307277777778
 20
48.3137398148148
 30
0.0
 10
357.3307277777778
 20
47.31302685185184
 30
0.0
 10
357.3307277777777
 20
46.31231388888888
 30
0.0
 10
358.3302648148148
 20
46.31231388888889
 30
0.0
 10
359.3298018518519
 20
46.31231388888889
 30
0.0
 10
360.3293388888889
 20
46.31231388888888
 30
0.0
 10
360.3279277777777
 20
47.31561388888888
 30
0.0
 10
360.3268694444444
 20
48.31856111111111
 30
0.0
 10
360.3254583333333
 20
49.3218611111111
 30
0.0
 10
360.3293388888889
 20
49.66052777777778
 30
0.0
 10
360.2760694444444
 20
50.43663888888889
 30
0.0
 10
360.2760694444444
 20
51.81952777777776
 30
0.0
 10
360.2760694444444
 20
53.14914722222221
 30
0.0
 10
360.6962277777777
 20
54.24663888888887
 30
0.0
 10
360.7734861111111
 20
54.31719444444444
 30
0.0
 10
363.1265138888889
 20
54.31719444444444
 30
0.0
 10
365.3948749999999
 20
54.51792499999999
 30
0.0
 10
367.4903749999999
 20
54.81073055555555
 30
0.0
 10
369.0747
 20
48.09031388888888
 30
0.0
 10
375.8797833333333
 20
43.96281388888888
 30
0.0
 10
382.1377083333333
 20
45.5436111111111
 30
0.0
 10
383.5735138888889
 20
45.90661944444444
 30
0.0
 10
384.8897277777777
 20
46.59806388888889
 30
0.0
 10
386.0394305555554
 20
47.52622222222222
 30
0.0
 10
386.3826833333333
 20
45.75421944444444
 30
0.0
 10
386.7262888888889
 20
43.98186388888889
 30
0.0
 10
387.0695416666666
 20
42.20986111111111
 30
0.0
 10
386.9742916666666
 20
42.09309166666667
 30
0.0
 10
386.0041527777777
 20
41.50077777777778
 30
0.0
 10
384.7200416666666
 20
41.25030555555555
 30
0.0
 10
383.3583194444444
 20
40.98925
 30
0.0
 10
382.5892638888888
 20
40.89011944444444
 30
0.0
 10
382.2541249999999
 20
40.81956388888889
 30
0.0
 10
381.6004277777777
 20
40.69397499999999
 30
0.0
 10
380.9463777777777
 20
40.56803333333333
 30
0.0
 10
380.2926805555555
 20
40.44244444444444
 30
0.0
 10
380.4821222222222
 20
39.4603111111111
 30
0.0
 10
380.6715638888888
 20
38.47853055555555
 30
0.0
 10
380.8610055555555
 20
37.49639722222222
 30
0.0
 10
381.5157611111111
 20
37.62445555555555
 30
0.0
 10
382.1708694444444
 20
37.75286666666666
 30
0.0
 10
382.8256249999999
 20
37.880925
 30
0.0
 10
383.1607638888889
 20
37.94089722222222
 30
0.0
 10
383.9121805555555
 20
38.14198055555556
 30
0.0
 10
385.2707277777777
 20
38.40338888888888
 30
0.0
 10
386.5439027777777
 20
38.65033333333333
 30
0.0
 10
387.6763194444444
 20
38.46300833333333
 30
0.0
 10
387.8068472222222
 20
38.39598055555555
 30
0.0
  0
SPLINE
  5
1D3
330
1F
100
AcDbEntity
  8
DEFAULT
 62
     1
100
AcDbSpline
210
0.0
220
0.0
230
1.0
 70
     8
 71
     3
 72
    41
 73
    37
 74
     0
 42
0.000000001
 43
0.0000000001
 40
0.0
 40
0.0
 40
0.0
 40
0.0
 40
1.0
 40
1.0
 40
1.0
 40
2.0
 40
2.0
 40
2.0
 40
3.0
 40
3.0
 40
3.0
 40
4.0
 40
4.0
 40
4.0
 40
5.0
 40
5.0
 40
5.0
 40
6.0
 40
6.0
 40
6.0
 40
7.0
 40
7.0
 40
7.0
 40
8.0
 40
8.0
 40
8.0
 40
9.0
 40
9.0
 40
9.0
 40
10.0
 40
10.0
 40
10.0
 40
11.0
 40
11.0
 40
11.0
 40
12.0
 40
12.0
 40
12.0
 40
12.0
 10
394.6137297222222
 20
47.38525222222222
 30
0.0
 10
392.2353019444444
 20
47.16406055555555
 30
0.0
 10
391.811968611111
 20
49.64232444444444
 30
0.0
 10
387.5758130555554
 20
50.64068555555556
 30
0.0
 10
385.6965658333332
 20
51.13281055555555
 30
0.0
 10
383.8169658333333
 20
51.62458277777777
 30
0.0
 10
381.9377186111111
 20
52.11670777777778
 30
0.0
 10
381.8809213888888
 20
52.27651611111111
 30
0.0
 10
381.7687380555554
 20
53.40434666666667
 30
0.0
 10
382.0862380555555
 20
54.64753555555556
 30
0.0
 10
382.4351352777777
 20
55.98985499999999
 30
0.0
 10
382.6771408333333
 20
56.72963
 30
0.0
 10
382.7579269444444
 20
57.0548911111111
 30
0.0
 10
382.9272602777777
 20
57.70188555555555
 30
0.0
 10
383.0969463888889
 20
58.34923277777778
 30
0.0
 10
383.2662797222222
 20
58.99622722222222
 30
0.0
 10
382.296493611111
 20
59.24634666666667
 30
0.0
 10
381.3270602777777
 20
59.49611333333333
 30
0.0
 10
380.3572741666666
 20
59.74623277777777
 30
0.0
 10
380.191468611111
 20
59.101355
 30
0.0
 10
380.0253102777777
 20
58.45612444444444
 30
0.0
 10
379.8595047222221
 20
57.81124666666666
 30
0.0
 10
379.7730741666666
 20
57.48104666666666
 30
0.0
 10
379.6273769444444
 20
56.71446055555555
 30
0.0
 10
379.286593611111
 20
55.37284666666666
 30
0.0
 10
378.9518074999999
 20
54.11801611111111
 30
0.0
 10
378.3016380555555
 20
53.17715777777778
 30
0.0
 10
378.181693611111
 20
53.08931611111111
 30
0.0
 10
376.4322686111111
 20
53.54192999999999
 30
0.0
 10
374.6824908333332
 20
53.99489666666666
 30
0.0
 10
372.9330658333332
 20
54.44751055555555
 30
0.0
 10
371.7629019444444
 20
59.3154911111111
 30
0.0
 10
367.3542380555555
 20
63.62537722222222
 30
0.0
 10
362.3694880555555
 20
64.19017444444444
 30
0.0
 10
360.6595741666666
 20
68.81085777777778
 30
0.0
 10
360.830318611111
 20
74.78373833333333
 30
0.0
 10
362.0675102777777
 20
77.38723833333333
 30
0.0
  0
SPLINE
  5
1D4
330
1F
100
AcDbEntity
  8
DEFAULT
 62
     1
100
AcDbSpline
210
0.0
220
0.0
230
1.0
 70
     8
 71
     3
 72
    80
 73
    76
 74
     0
 42
0.000000001
 43
0.0000000001
 40
0.0
 40
0.0
 40
0.0
 40
0.0
 40
1.0
 40
1.0
 40
1.0
 40
2.0
 40
2.0
 40
2.0
 40
3.0
 40
3.0
 40
3.0
 40
4.0
 40
4.0
 40
4.0
 40
5.0
 40
5.0
 40
5.0
 40
13.5
 40
13.5
 40
13.5
 40
14.5
 40
14.5
 40
14.5
 40
15.5
 40
15.5
 40
15.5
 40
16.5
 40
16.5
 40
16.5
 40
17.5
 40
17.5
 40
17.5
 40
18.5
 40
18.5
 40
18.5
 40
19.5
 40
19.5
 40
19.5
 40
20.5
 40
20.5
 40
20.5
 40
21.5
 40
21.5
 40
21.5
 40
22.5
 40
22.5
 40
22.5
 40
23.5
 40
23.5
 40
23.5
 40
24.5
 40
24.5
 40
24.5
 40
25.5
 40
25.5
 40
25.5
 40
26.5
 40
26.5
 40
26.5
 40
27.5
 40
27.5
 40
27.5
 40
28.5
 40
28.5
 40
28.5
 40
29.5
 40
29.5
 40
29.5
 40
30.5
 40
30.5
 40
30.5
 40
31.5
 40
31.5
 40
31.5
 40
32.5
 40
32.5
 40
32.5
 40
32.5
 10
381.6577541666666
 20
120.6400516666667
 30
0.0
 10
381.5184069444444
 20
121.044335
 30
0.0
 10
381.1398763888888
 20
121.3145627777778
 30
0.0
 10
380.7133680555555
 20
121.3127988888889
 30
0.0
 10
380.0956541666666
 20
121.3145627777778
 30
0.0
 10
379.4775874999999
 20
121.3166794444444
 30
0.0
 10
378.859873611111
 20
121.3184433333333
 30
0.0
 10
378.7625069444443
 20
121.1762738888889
 30
0.0
 10
378.3737458333333
 20
120.1119433333333
 30
0.0
 10
378.3719819444444
 20
118.8295961111111
 30
0.0
 10
378.3744513888888
 20
117.4477655555555
 30
0.0
 10
378.4280736111111
 20
116.669185
 30
0.0
 10
378.4224291666666
 20
116.3298127777777
 30
0.0
 10
378.4231347222221
 20
115.6630627777778
 30
0.0
 10
378.4234875
 20
114.99596
 30
0.0
 10
378.4241930555555
 20
114.32921
 30
0.0
 10
377.4246560185185
 20
114.32921
 30
0.0
 10
376.4251189814815
 20
114.32921
 30
0.0
 10
375.4255819444444
 20
114.32921
 30
0.0
 10
375.4252291666666
 20
114.9945488888889
 30
0.0
 10
375.424523611111
 20
115.6598877777778
 30
0.0
 10
375.4241708333332
 20
116.3252266666667
 30
0.0
 10
375.4220541666666
 20
116.6667155555555
 30
0.0
 10
375.4735597222221
 20
117.4400044444444
 30
0.0
 10
375.4732069444444
 20
118.834535
 30
0.0
 10
375.4703847222221
 20
120.136285
 30
0.0
 10
375.0780958333332
 20
121.19991
 30
0.0
 10
374.9782597222222
 20
121.3198544444444
 30
0.0
 10
374.4653208333333
 20
121.3216183333333
 30
0.0
 10
373.9523819444444
 20
121.3230294444444
 30
0.0
 10
373.4394430555554
 20
121.3247933333333
 30
0.0
 10
372.8855819444444
 20
121.3209127777778
 30
0.0
 10
372.4382597222221
 20
120.8750016666666
 30
0.0
 10
372.4424930555555
 20
120.3260794444444
 30
0.0
 10
372.4403763888889
 20
119.660035
 30
0.0
 10
372.4386124999999
 20
118.9939905555555
 30
0.0
 10
372.4364958333333
 20
118.3279461111111
 30
0.0
 10
372.4280291666666
 20
111.7398211111111
 30
0.0
 10
367.6637652777778
 20
107.4701516666667
 30
0.0
 10
362.8173041666666
 20
103.0128044444444
 30
0.0
 10
362.346698611111
 20
102.5421988888889
 30
0.0
 10
361.8760930555555
 20
102.0712405555555
 30
0.0
 10
361.4054875
 20
101.600635
 30
0.0
 10
361.0153152777777
 20
101.2125794444444
 30
0.0
 10
361.0142569444444
 20
100.5786377777778
 30
0.0
 10
361.4083097222221
 20
100.1888183333333
 30
0.0
 10
362.4391263888888
 20
99.15270999999998
 30
0.0
 10
363.4699430555555
 20
98.11660166666665
 30
0.0
 10
364.5007597222221
 20
97.08049333333331
 30
0.0
 10
364.6506902777777
 20
97.10024888888886
 30
0.0
 10
365.686798611111
 20
97.57508777777775
 30
0.0
 10
366.6089597222222
 20
98.4887822222222
 30
0.0
 10
367.585448611111
 20
99.46280166666664
 30
0.0
 10
368.0980347222222
 20
100.0533516666667
 30
0.0
 10
368.3403930555555
 20
100.28936
 30
0.0
 10
368.8134680555555
 20
100.7610238888889
 30
0.0
 10
369.2865430555555
 20
101.232335
 30
0.0
 10
369.7596180555554
 20
101.7039988888889
 30
0.0
 10
370.465173611111
 20
100.9959738888889
 30
0.0
 10
371.1707291666665
 20
100.2883016666667
 30
0.0
 10
371.8762847222221
 20
99.58027666666665
 30
0.0
 10
371.404973611111
 20
99.11037666666665
 30
0.0
 10
370.9336624999999
 20
98.64082944444442
 30
0.0
 10
370.4623513888889
 20
98.17092944444443
 30
0.0
 10
370.2196402777777
 20
97.92927666666664
 30
0.0
 10
369.6354402777777
 20
97.41633777777776
 30
0.0
 10
368.6561291666666
 20
96.43526277777775
 30
0.0
 10
367.7364375
 20
95.51345444444443
 30
0.0
 10
367.2605402777777
 20
94.48651833333331
 30
0.0
 10
367.2478402777777
 20
94.3295322222222
 30
0.0
 10
367.6115541666666
 20
93.9629961111111
 30
0.0
 10
367.9749152777777
 20
93.59681277777776
 30
0.0
 10
368.3386291666666
 20
93.23027666666665
 30
0.0
 10
368.7273902777777
 20
92.84010444444442
 30
0.0
 10
369.3581569444444
 20
92.84186833333331
 30
0.0
 10
369.7479763888888
 20
93.23027666666665
 30
0.0
  0
SPLINE
  5
1D5
330
1F
100
AcDbEntity
  8
DEFAULT
 62
     1
100
AcDbSpline
210
0.0
220
0.0
230
1.0
 70
    11
 71
     3
 72
    17
 73
    13
 74
     0
 42
0.000000001
 43
0.0000000001
 40
0.0
 40
0.0
 40
0.0
 40
0.0
 40
1.0
 40
1.0
 40
1.0
 40
2.0
 40
2.0
 40
2.0
 40
3.0
 40
3.0
 40
3.0
 40
4.0
 40
4.0
 40
4.0
 40
4.0
 10
364.5742080555555
 20
102.0396316666667
 30
0.0
 10
365.0038913888889
 20
102.4679038888889
 30
0.0
 10
365.7023913888889
 20
102.4668455555556
 30
0.0
 10
366.1306636111111
 20
102.0368094444444
 30
0.0
 10
366.5589358333333
 20
101.6071261111111
 30
0.0
 10
366.5578775
 20
100.9086261111111
 30
0.0
 10
366.1278413888888
 20
100.4803538888889
 30
0.0
 10
365.6985108333332
 20
100.0520816666667
 30
0.0
 10
365.0000108333333
 20
100.05314
 30
0.0
 10
364.5713858333332
 20
100.4828233333333
 30
0.0
 10
364.1431136111111
 20
100.9128594444444
 30
0.0
 10
364.1441719444444
 20
101.6110066666667
 30
0.0
 10
364.5742080555555
 20
102.0396316666667
 30
0.0
  0
SPLINE
  5
1D6
330
1F
100
AcDbEntity
  8
DEFAULT
 62
     1
100
AcDbSpline
210
0.0
220
0.0
230
1.0
 70
     8
 71
     3
 72
    41
 73
    37
 74
     0
 42
0.000000001
 43
0.0000000001
 40
0.0
 40
0.0
 40
0.0
 40
0.0
 40
1.0
 40
1.0
 40
1.0
 40
2.0
 40
2.0
 40
2.0
 40
3.0
 40
3.0
 40
3.0
 40
4.0
 40
4.0
 40
4.0
 40
5.0
 40
5.0
 40
5.0
 40
6.0
 40
6.0
 40
6.0
 40
7.0
 40
7.0
 40
7.0
 40
8.0
 40
8.0
 40
8.0
 40
9.0
 40
9.0
 40
9.0
 40
10.0
 40
10.0
 40
10.0
 40
11.0
 40
11.0
 40
11.0
 40
12.0
 40
12.0
 40
12.0
 40
12.0
 10
323.0615416666666
 20
47.38525222222222
 30
0.0
 10
325.4396166666666
 20
47.16406055555555
 30
0.0
 10
325.8633027777777
 20
49.64232444444444
 30
0.0
 10
330.0994583333333
 20
50.64068555555556
 30
0.0
 10
331.9787055555556
 20
51.13281055555555
 30
0.0
 10
333.8583055555555
 20
51.62458277777777
 30
0.0
 10
335.7375527777778
 20
52.11670777777778
 30
0.0
 10
335.79435
 20
52.27651611111111
 30
0.0
 10
335.9065333333333
 20
53.40434666666667
 30
0.0
 10
335.5890333333333
 20
54.64753555555556
 30
0.0
 10
335.2401361111111
 20
55.98985499999999
 30
0.0
 10
334.9977777777777
 20
56.72963
 30
0.0
 10
334.9173444444444
 20
57.0548911111111
 30
0.0
 10
334.7476583333333
 20
57.70188555555555
 30
0.0
 10
334.5783249999999
 20
58.34923277777778
 30
0.0
 10
334.4086388888888
 20
58.99622722222222
 30
0.0
 10
335.3784249999999
 20
59.24634666666667
 30
0.0
 10
336.3478583333333
 20
59.49611333333333
 30
0.0
 10
337.3176444444444
 20
59.74623277777777
 30
0.0
 10
337.4834499999999
 20
59.101355
 30
0.0
 10
337.6496083333333
 20
58.45612444444444
 30
0.0
 10
337.8154138888888
 20
57.81124666666666
 30
0.0
 10
337.9021972222222
 20
57.48104666666666
 30
0.0
 10
338.0475416666666
 20
56.71446055555555
 30
0.0
 10
338.3886777777777
 20
55.37284666666666
 30
0.0
 10
338.7234638888888
 20
54.11801611111111
 30
0.0
 10
339.3736333333333
 20
53.17715777777778
 30
0.0
 10
339.4932249999999
 20
53.08931611111111
 30
0.0
 10
341.2430027777777
 20
53.54192999999999
 30
0.0
 10
342.9924277777777
 20
53.99489666666666
 30
0.0
 10
344.7422055555555
 20
54.44751055555555
 30
0.0
 10
345.9123694444444
 20
59.3154911111111
 30
0.0
 10
350.3206805555555
 20
63.62537722222222
 30
0.0
 10
355.3057833333333
 20
64.19017444444444
 30
0.0
 10
357.0156972222222
 20
68.81085777777778
 30
0.0
 10
356.8446
 20
74.78373833333333
 30
0.0
 10
355.6074083333333
 20
77.38723833333333
 30
0.0
  0
SPLINE
  5
1D7
330
1F
100
AcDbEntity
  8
DEFAULT
 62
     1
100
AcDbSpline
210
0.0
220
0.0
230
1.0
 70
    11
 71
     3
 72
    65
 73
    61
 74
     0
 42
0.000000001
 43
0.0000000001
 40
1.0
 40
1.0
 40
1.0
 40
1.0
 40
2.0
 40
2.0
 40
2.0
 40
3.0
 40
3.0
 40
3.0
 40
4.0
 40
4.0
 40
4.0
 40
5.0
 40
5.0
 40
5.0
 40
6.0
 40
6.0
 40
6.0
 40
7.0
 40
7.0
 40
7.0
 40
8.0
 40
8.0
 40
8.0
 40
9.0
 40
9.0
 40
9.0
 40
10.0
 40
10.0
 40
10.0
 40
11.0
 40
11.0
 40
11.0
 40
12.0
 40
12.0
 40
12.0
 40
13.0
 40
13.0
 40
13.0
 40
14.0
 40
14.0
 40
14.0
 40
15.0
 40
15.0
 40
15.0
 40
16.0
 40
16.0
 40
16.0
 40
17.0
 40
17.0
 40
17.0
 40
18.0
 40
18.0
 40
18.0
 40
19.0
 40
19.0
 40
19.0
 40
20.0
 40
20.0
 40
20.0
 40
21.0
 40
21.0
 40
21.0
 40
21.0
 10
322.5137483333333
 20
63.74119416666666
 30
0.0
 10
320.8877955555556
 20
72.82874972222221
 30
0.0
 10
324.9690816666667
 20
72.27453583333332
 30
0.0
 10
327.2480261111111
 20
81.51766638888887
 30
0.0
 10
328.6414983333333
 20
87.17939694444443
 30
0.0
 10
326.9199427777777
 20
90.85534138888887
 30
0.0
 10
333.9084705555555
 20
87.63836083333332
 30
0.0
 10
341.5284705555555
 20
84.13174972222221
 30
0.0
 10
351.9742205555555
 20
85.03450805555555
 30
0.0
 10
355.6081844444444
 20
77.3866386111111
 30
0.0
 10
356.0382205555555
 20
76.69836916666665
 30
0.0
 10
357.0506927777778
 20
76.01045249999999
 30
0.0
 10
358.8357483333334
 20
76.01045249999999
 30
0.0
 10
360.6243316666666
 20
76.01045249999999
 30
0.0
 10
361.6368038888889
 20
76.69836916666665
 30
0.0
 10
362.0671927777778
 20
77.3866386111111
 30
0.0
 10
365.7008038888889
 20
85.03450805555555
 30
0.0
 10
376.1465538888889
 20
84.13174972222221
 30
0.0
 10
383.7665538888889
 20
87.63836083333332
 30
0.0
 10
390.7550816666666
 20
90.85534138888887
 30
0.0
 10
389.0335261111111
 20
87.17939694444443
 30
0.0
 10
390.4273511111111
 20
81.51766638888887
 30
0.0
 10
392.7059427777778
 20
72.27453583333332
 30
0.0
 10
396.7875816666667
 20
72.82874972222221
 30
0.0
 10
395.1616288888889
 20
63.74119416666666
 30
0.0
 10
393.9194983333333
 20
56.81228583333333
 30
0.0
 10
400.131915
 20
47.90147194444443
 30
0.0
 10
394.6144705555556
 20
47.38641638888888
 30
0.0
 10
391.1748872222222
 20
46.77223027777777
 30
0.0
 10
387.1884983333333
 20
41.5091386111111
 30
0.0
 10
387.8058594444444
 20
38.39763861111111
 30
0.0
 10
388.1681622222222
 20
36.48911083333333
 30
0.0
 10
388.5301122222222
 20
34.58058305555555
 30
0.0
 10
388.892415
 20
32.67205527777777
 30
0.0
 10
389.2169705555556
 20
30.23436083333333
 30
0.0
 10
389.2487205555555
 20
28.29725805555555
 30
0.0
 10
381.8086372222222
 20
26.49844416666666
 30
0.0
 10
378.7676927777777
 20
25.7611386111111
 30
0.0
 10
376.7462761111111
 20
22.30003583333333
 30
0.0
 10
371.8073872222222
 20
20.93125805555555
 30
0.0
 10
366.8684983333333
 20
19.56600805555555
 30
0.0
 10
365.8348594444445
 20
24.72361916666666
 30
0.0
 10
358.8357483333334
 20
24.72361916666666
 30
0.0
 10
351.8366372222222
 20
24.72361916666666
 30
0.0
 10
350.8029983333333
 20
19.56600805555555
 30
0.0
 10
345.8641094444444
 20
20.93125805555555
 30
0.0
 10
340.9252205555555
 20
22.30003583333333
 30
0.0
 10
338.9038038888889
 20
25.7611386111111
 30
0.0
 10
335.8632122222222
 20
26.49844416666666
 30
0.0
 10
328.4266566666666
 20
28.29725805555555
 30
0.0
 10
328.4584066666666
 20
30.23436083333333
 30
0.0
 10
328.7794344444444
 20
32.67205527777777
 30
0.0
 10
329.1417372222222
 20
34.58058305555555
 30
0.0
 10
329.5036872222222
 20
36.48911083333333
 30
0.0
 10
329.86599
 20
38.39763861111111
 30
0.0
 10
330.4833511111111
 20
41.5091386111111
 30
0.0
 10
326.5001372222222
 20
46.77223027777777
 30
0.0
 10
323.0605538888889
 20
47.38641638888888
 30
0.0
 10
317.5431094444444
 20
47.90147194444443
 30
0.0
 10
323.7558788888888
 20
56.81228583333333
 30
0.0
 10
322.5137483333333
 20
63.74119416666666
 30
0.0
  0
SPLINE
  5
1D8
330
1F
100
AcDbEntity
  8
DEFAULT
 62
     1
100
AcDbSpline
210
0.0
220
0.0
230
1.0
 70
    11
 71
     3
 72
   416
 73
   412
 74
     0
 42
0.000000001
 43
0.0000000001
 40
14.16999999999996
 40
14.16999999999996
 40
14.16999999999996
 40
14.16999999999996
 40
15.16999999999996
 40
15.16999999999996
 40
15.16999999999996
 40
16.16999999999996
 40
16.16999999999996
 40
16.16999999999996
 40
27.42999999999995
 40
27.42999999999995
 40
27.42999999999995
 40
28.42999999999995
 40
28.42999999999995
 40
28.42999999999995
 40
29.42999999999995
 40
29.42999999999995
 40
29.42999999999995
 40
101.3057991259923
 40
101.3057991259923
 40
101.3057991259923
 40
102.3057991259923
 40
102.3057991259923
 40
102.3057991259923
 40
103.3057991259923
 40
103.3057991259923
 40
103.3057991259923
 40
104.3057991259923
 40
104.3057991259923
 40
104.3057991259923
 40
105.3057991259923
 40
105.3057991259923
 40
105.3057991259923
 40
106.3057991259923
 40
106.3057991259923
 40
106.3057991259923
 40
107.3057991259923
 40
107.3057991259923
 40
107.3057991259923
 40
108.3057991259923
 40
108.3057991259923
 40
108.3057991259923
 40
109.3057991259923
 40
109.3057991259923
 40
109.3057991259923
 40
110.3057991259923
 40
110.3057991259923
 40
110.3057991259923
 40
111.3057991259923
 40
111.3057991259923
 40
111.3057991259923
 40
112.3057991259923
 40
112.3057991259923
 40
112.3057991259923
 40
113.3057991259923
 40
113.3057991259923
 40
113.3057991259923
 40
114.3057991259923
 40
114.3057991259923
 40
114.3057991259923
 40
121.5557991259923
 40
121.5557991259923
 40
121.5557991259923
 40
122.5557991259923
 40
122.5557991259923
 40
122.5557991259923
 40
123.5557991259923
 40
123.5557991259923
 40
123.5557991259923
 40
124.5557991259923
 40
124.5557991259923
 40
124.5557991259923
 40
133.0557991259923
 40
133.0557991259923
 40
133.0557991259923
 40
138.7147991259923
 40
138.7147991259923
 40
138.7147991259923
 40
139.7147991259923
 40
139.7147991259923
 40
139.7147991259923
 40
140.7147991259923
 40
140.7147991259923
 40
140.7147991259923
 40
147.9357991259923
 40
147.9357991259923
 40
147.9357991259923
 40
148.9357991259923
 40
148.9357991259923
 40
148.9357991259923
 40
161.8657991259923
 40
161.8657991259923
 40
161.8657991259923
 40
162.8657991259923
 40
162.8657991259923
 40
162.8657991259923
 40
163.8657991259923
 40
163.8657991259923
 40
163.8657991259923
 40
164.8657991259923
 40
164.8657991259923
 40
164.8657991259923
 40
173.3657991259923
 40
173.3657991259923
 40
173.3657991259923
 40
187.5257991259923
 40
187.5257991259923
 40
187.5257991259923
 40
188.5257991259923
 40
188.5257991259923
 40
188.5257991259923
 40
189.5257991259923
 40
189.5257991259923
 40
189.5257991259923
 40
202.4157991259924
 40
202.4157991259924
 40
202.4157991259924
 40
203.4157991259924
 40
203.4157991259924
 40
203.4157991259924
 40
210.6657991259924
 40
210.6657991259924
 40
210.6657991259924
 40
211.6657991259924
 40
211.6657991259924
 40
211.6657991259924
 40
212.6657991259924
 40
212.6657991259924
 40
212.6657991259924
 40
213.6657991259924
 40
213.6657991259924
 40
213.6657991259924
 40
222.1657991259924
 40
222.1657991259924
 40
222.1657991259924
 40
227.8247991259925
 40
227.8247991259925
 40
227.8247991259925
 40
228.8247991259925
 40
228.8247991259925
 40
228.8247991259925
 40
229.8247991259925
 40
229.8247991259925
 40
229.8247991259925
 40
237.0337991259923
 40
237.0337991259923
 40
237.0337991259923
 40
238.0337991259923
 40
238.0337991259923
 40
238.0337991259923
 40
239.0337991259923
 40
239.0337991259923
 40
239.0337991259923
 40
240.0337991259923
 40
240.0337991259923
 40
240.0337991259923
 40
241.0337991259923
 40
241.0337991259923
 40
241.0337991259923
 40
242.0337991259923
 40
242.0337991259923
 40
242.0337991259923
 40
243.0337991259923
 40
243.0337991259923
 40
243.0337991259923
 40
244.0337991259923
 40
244.0337991259923
 40
244.0337991259923
 40
245.0337991259923
 40
245.0337991259923
 40
245.0337991259923
 40
246.0337991259923
 40
246.0337991259923
 40
246.0337991259923
 40
247.0337991259923
 40
247.0337991259923
 40
247.0337991259923
 40
248.0337991259923
 40
248.0337991259923
 40
248.0337991259923
 40
249.0337991259923
 40
249.0337991259923
 40
249.0337991259923
 40
250.0337991259923
 40
250.0337991259923
 40
250.0337991259923
 40
251.0337991259923
 40
251.0337991259923
 40
251.0337991259923
 40
252.0337991259923
 40
252.0337991259923
 40
252.0337991259923
 40
253.0337991259923
 40
253.0337991259923
 40
253.0337991259923
 40
264.3237991259923
 40
264.3237991259923
 40
264.3237991259923
 40
265.3237991259923
 40
265.3237991259923
 40
265.3237991259923
 40
266.3237991259923
 40
266.3237991259923
 40
266.3237991259923
 40
267.3237991259923
 40
267.3237991259923
 40
267.3237991259923
 40
275.8237991259923
 40
275.8237991259923
 40
275.8237991259923
 40
289.9837991259922
 40
289.9837991259922
 40
289.9837991259922
 40
290.9837991259922
 40
290.9837991259922
 40
290.9837991259922
 40
291.9837991259922
 40
291.9837991259922
 40
291.9837991259922
 40
302.6937991259922
 40
302.6937991259922
 40
302.6937991259922
 40
303.6937991259922
 40
303.6937991259922
 40
303.6937991259922
 40
304.6937991259922
 40
304.6937991259922
 40
304.6937991259922
 40
305.6937991259922
 40
305.6937991259922
 40
305.6937991259922
 40
306.6937991259922
 40
306.6937991259922
 40
306.6937991259922
 40
307.6937991259922
 40
307.6937991259922
 40
307.6937991259922
 40
308.6937991259922
 40
308.6937991259922
 40
308.6937991259922
 40
309.6937991259922
 40
309.6937991259922
 40
309.6937991259922
 40
310.6937991259922
 40
310.6937991259922
 40
310.6937991259922
 40
311.6937991259922
 40
311.6937991259922
 40
311.6937991259922
 40
312.6937991259922
 40
312.6937991259922
 40
312.6937991259922
 40
313.6937991259922
 40
313.6937991259922
 40
313.6937991259922
 40
314.6937991259922
 40
314.6937991259922
 40
314.6937991259922
 40
315.6937991259922
 40
315.6937991259922
 40
315.6937991259922
 40
316.6937991259922
 40
316.6937991259922
 40
316.6937991259922
 40
317.6937991259922
 40
317.6937991259922
 40
317.6937991259922
 40
318.6937991259922
 40
318.6937991259922
 40
318.6937991259922
 40
324.2347991259921
 40
324.2347991259921
 40
324.2347991259921
 40
325.2347991259921
 40
325.2347991259921
 40
325.2347991259921
 40
326.2347991259921
 40
326.2347991259921
 40
326.2347991259921
 40
327.2347991259921
 40
327.2347991259921
 40
327.2347991259921
 40
335.7347991259921
 40
335.7347991259921
 40
335.7347991259921
 40
341.3947991259922
 40
341.3947991259922
 40
341.3947991259922
 40
342.3947991259922
 40
342.3947991259922
 40
342.3947991259922
 40
343.3947991259922
 40
343.3947991259922
 40
343.3947991259922
 40
352.1847991259921
 40
352.1847991259921
 40
352.1847991259921
 40
353.1847991259921
 40
353.1847991259921
 40
353.1847991259921
 40
354.1847991259921
 40
354.1847991259921
 40
354.1847991259921
 40
355.1847991259921
 40
355.1847991259921
 40
355.1847991259921
 40
356.1847991259921
 40
356.1847991259921
 40
356.1847991259921
 40
357.1847991259921
 40
357.1847991259921
 40
357.1847991259921
 40
358.1847991259921
 40
358.1847991259921
 40
358.1847991259921
 40
359.1847991259921
 40
359.1847991259921
 40
359.1847991259921
 40
360.1847991259921
 40
360.1847991259921
 40
360.1847991259921
 40
368.9637991259921
 40
368.9637991259921
 40
368.9637991259921
 40
369.9637991259921
 40
369.9637991259921
 40
369.9637991259921
 40
370.9637991259921
 40
370.9637991259921
 40
370.9637991259921
 40
371.9637991259921
 40
371.9637991259921
 40
371.9637991259921
 40
380.4637991259921
 40
380.4637991259921
 40
380.4637991259921
 40
386.1237991259922
 40
386.1237991259922
 40
386.1237991259922
 40
387.1237991259922
 40
387.1237991259922
 40
387.1237991259922
 40
388.1237991259922
 40
388.1237991259922
 40
388.1237991259922
 40
393.6137991259922
 40
393.6137991259922
 40
393.6137991259922
 40
394.6137991259922
 40
394.6137991259922
 40
394.6137991259922
 40
395.6137991259922
 40
395.6137991259922
 40
395.6137991259922
 40
396.6137991259922
 40
396.6137991259922
 40
396.6137991259922
 40
397.6137991259922
 40
397.6137991259922
 40
397.6137991259922
 40
398.6137991259922
 40
398.6137991259922
 40
398.6137991259922
 40
399.6137991259922
 40
399.6137991259922
 40
399.6137991259922
 40
400.6137991259922
 40
400.6137991259922
 40
400.6137991259922
 40
401.6137991259922
 40
401.6137991259922
 40
401.6137991259922
 40
402.6137991259922
 40
402.6137991259922
 40
402.6137991259922
 40
403.6137991259922
 40
403.6137991259922
 40
403.6137991259922
 40
404.6137991259922
 40
404.6137991259922
 40
404.6137991259922
 40
405.6137991259922
 40
405.6137991259922
 40
405.6137991259922
 40
406.6137991259922
 40
406.6137991259922
 40
406.6137991259922
 40
407.6137991259922
 40
407.6137991259922
 40
407.6137991259922
 40
408.6137991259922
 40
408.6137991259922
 40
408.6137991259922
 40
409.6137991259922
 40
409.6137991259922
 40
409.6137991259922
 40
420.3637991259922
 40
420.3637991259922
 40
420.3637991259922
 40
421.3637991259922
 40
421.3637991259922
 40
421.3637991259922
 40
422.3637991259922
 40
422.3637991259922
 40
422.3637991259922
 40
423.3637991259922
 40
423.3637991259922
 40
423.3637991259922
 40
431.8637991259922
 40
431.8637991259922
 40
431.8637991259922
 40
446.0337991259921
 40
446.0337991259921
 40
446.0337991259921
 40
446.0337991259921
 10
302.024415
 20
56.58333305555555
 30
0.0
 10
301.6822205555555
 20
56.5794525
 30
0.0
 10
300.9061094444444
 20
56.62919416666666
 30
0.0
 10
299.5196927777777
 20
56.62919416666666
 30
0.0
 10
298.2391094444444
 20
56.62566638888888
 30
0.0
 10
297.1878316666666
 20
56.24466638888888
 30
0.0
 10
297.039665
 20
56.14236083333333
 30
0.0
 10
297.039665
 20
54.81826824074074
 30
0.0
 10
297.039665
 20
53.49417564814814
 30
0.0
 10
297.039665
 20
52.17008305555555
 30
0.0
 10
297.039665
 20
51.81024972222222
 30
0.0
 10
297.2301649999999
 20
51.48216638888888
 30
0.0
 10
297.5370816666666
 20
51.30224972222221
 30
0.0
 10
300.2534705555556
 20
49.73485805555555
 30
0.0
 10
302.9698594444444
 20
48.16711361111111
 30
0.0
 10
305.6862483333333
 20
46.59972194444443
 30
0.0
 10
307.9158038888889
 20
38.44702749999999
 30
0.0
 10
310.1453594444444
 20
30.29433305555555
 30
0.0
 10
312.374915
 20
22.14163861111111
 30
0.0
 10
311.3635011111111
 20
19.35928027777777
 30
0.0
 10
310.3524399999999
 20
16.57727472222222
 30
0.0
 10
309.3410261111111
 20
13.79491638888888
 30
0.0
 10
309.1963872222222
 20
13.39980527777778
 30
0.0
 10
309.3128038888889
 20
12.95883305555555
 30
0.0
 10
309.6373594444444
 20
12.68684138888889
 30
0.0
 10
310.1146677777778
 20
12.28608583333333
 30
0.0
 10
310.5923288888889
 20
11.8849775
 30
0.0
 10
311.0696372222222
 20
11.48422194444444
 30
0.0
 10
311.2389705555555
 20
11.53713861111111
 30
0.0
 10
312.2126372222222
 20
12.10511083333333
 30
0.0
 10
313.0310816666666
 20
13.0787775
 30
0.0
 10
313.9200816666666
 20
14.13711083333333
 30
0.0
 10
314.3786927777778
 20
14.76505527777777
 30
0.0
 10
314.597415
 20
15.02223027777777
 30
0.0
 10
315.66739
 20
16.30281361111111
 30
0.0
 10
316.7377177777777
 20
17.58374972222222
 30
0.0
 10
317.8076927777777
 20
18.86433305555555
 30
0.0
 10
318.5742788888888
 20
18.2222775
 30
0.0
 10
319.3412177777777
 20
17.58022194444444
 30
0.0
 10
320.1078038888888
 20
16.93816638888889
 30
0.0
 10
319.0378288888888
 20
15.66111083333333
 30
0.0
 10
317.9675011111111
 20
14.38405527777777
 30
0.0
 10
316.8975261111111
 20
13.10699972222222
 30
0.0
 10
316.6823316666666
 20
12.84241638888889
 30
0.0
 10
316.1461094444444
 20
12.27797194444444
 30
0.0
 10
315.2571094444444
 20
11.21575805555555
 30
0.0
 10
314.4245538888889
 20
10.21739694444444
 30
0.0
 10
314.0435538888889
 20
9.148833055555551
 30
0.0
 10
314.040026111111
 20
8.99361083333333
 30
0.0
 10
314.5399122222222
 20
8.573805277777774
 30
0.0
 10
315.0394455555555
 20
8.153999722222219
 30
0.0
 10
315.5393316666666
 20
7.734194166666665
 30
0.0
 10
315.8144983333333
 20
7.504888611111107
 30
0.0
 10
316.1884427777778
 20
7.437508055555551
 30
0.0
 10
316.5235816666666
 20
7.561333055555551
 30
0.0
 10
318.8589705555555
 20
8.410469166666665
 30
0.0
 10
321.1943594444444
 20
9.2592525
 30
0.0
 10
323.5297483333333
 20
10.1083886111111
 30
0.0
 10
324.3822946296296
 20
10.1083886111111
 30
0.0
 10
325.2348409259259
 20
10.1083886111111
 30
0.0
 10
326.0873872222222
 20
10.1083886111111
 30
0.0
 10
326.1794622222222
 20
10.23538861111111
 30
0.0
 10
326.5745733333333
 20
11.3039525
 30
0.0
 10
326.5745733333333
 20
12.59547194444444
 30
0.0
 10
326.5745733333333
 20
13.97800805555555
 30
0.0
 10
326.5213038888889
 20
14.75447194444444
 30
0.0
 10
326.5248316666667
 20
15.09313861111111
 30
0.0
 10
326.5237733333333
 20
15.76094694444444
 30
0.0
 10
326.5223622222222
 20
16.42875527777777
 30
0.0
 10
326.5213038888889
 20
17.09656361111111
 30
0.0
 10
327.5208409259259
 20
17.09656361111111
 30
0.0
 10
328.5203779629629
 20
17.09656361111111
 30
0.0
 10
329.519915
 20
17.09656361111111
 30
0.0
 10
329.519915
 20
16.43110712962963
 30
0.0
 10
329.519915
 20
15.76565064814814
 30
0.0
 10
329.519915
 20
15.10019416666666
 30
0.0
 10
329.5234427777777
 20
14.75764694444444
 30
0.0
 10
329.4740538888888
 20
13.98188861111111
 30
0.0
 10
329.4740538888888
 20
12.59547194444444
 30
0.0
 10
329.4775816666666
 20
11.28984138888889
 30
0.0
 10
329.8726927777778
 20
10.22480527777778
 30
0.0
 10
329.9679427777778
 20
10.1083886111111
 30
0.0
 10
330.8170788888888
 20
10.1083886111111
 30
0.0
 10
331.666215
 20
10.1083886111111
 30
0.0
 10
332.5153511111111
 20
10.1083886111111
 30
0.0
 10
343.4793316666666
 20
10.1083886111111
 30
0.0
 10
343.8783233333333
 20
3.218285833333336
 30
0.0
 10
352.3481649999999
 20
3.218285833333336
 30
0.0
 10
353.8686372222222
 20
3.218285833333336
 30
0.0
 10
355.3891094444445
 20
3.218285833333336
 30
0.0
 10
356.9095816666667
 20
3.218285833333336
 30
0.0
 10
357.0083594444444
 20
3.366452499999999
 30
0.0
 10
357.3928872222222
 20
4.424785833333332
 30
0.0
 10
357.3928872222222
 20
5.702194166666668
 30
0.0
 10
357.3928872222222
 20
7.084730277777773
 30
0.0
 10
357.3399705555555
 20
7.861194166666659
 30
0.0
 10
357.3434983333333
 20
8.199860833333329
 30
0.0
 10
357.34244
 20
9.867441388888885
 30
0.0
 10
357.3410288888888
 20
11.53466916666666
 30
0.0
 10
357.3399705555555
 20
13.20224972222222
 30
0.0
 10
358.3395075925926
 20
13.20224972222222
 30
0.0
 10
359.3390446296296
 20
13.20224972222222
 30
0.0
 10
360.3385816666666
 20
13.20224972222222
 30
0.0
 10
360.3385816666666
 20
11.53713861111111
 30
0.0
 10
360.3385816666666
 20
9.8720275
 30
0.0
 10
360.3385816666666
 20
8.206916388888889
 30
0.0
 10
360.3421094444444
 20
7.864369166666664
 30
0.0
 10
360.2930733333333
 20
7.088610833333327
 30
0.0
 10
360.2930733333333
 20
5.702194166666668
 30
0.0
 10
360.2966011111111
 20
4.407499722222219
 30
0.0
 10
360.6878316666666
 20
3.34563861111111
 30
0.0
 10
360.7830816666666
 20
3.218285833333336
 30
0.0
 10
362.2988501851851
 20
3.218285833333336
 30
0.0
 10
363.8146187037037
 20
3.218285833333336
 30
0.0
 10
365.3303872222222
 20
3.218285833333336
 30
0.0
 10
373.8005816666666
 20
3.218285833333336
 30
0.0
 10
374.1995733333333
 20
10.1083886111111
 30
0.0
 10
385.1639066666667
 20
10.1083886111111
 30
0.0
 10
386.016452962963
 20
10.1083886111111
 30
0.0
 10
386.8689992592593
 20
10.1083886111111
 30
0.0
 10
387.7215455555556
 20
10.1083886111111
 30
0.0
 10
387.8132677777778
 20
10.23538861111111
 30
0.0
 10
388.2080261111111
 20
11.3039525
 30
0.0
 10
388.2080261111111
 20
12.59547194444444
 30
0.0
 10
388.2080261111111
 20
13.97800805555555
 30
0.0
 10
388.1551094444445
 20
14.75447194444444
 30
0.0
 10
388.1586372222222
 20
15.09313861111111
 30
0.0
 10
388.1575788888888
 20
15.76094694444444
 30
0.0
 10
388.1561677777777
 20
16.42875527777777
 30
0.0
 10
388.1551094444445
 20
17.09656361111111
 30
0.0
 10
389.1546464814814
 20
17.09656361111111
 30
0.0
 10
390.1541835185185
 20
17.09656361111111
 30
0.0
 10
391.1537205555555
 20
17.09656361111111
 30
0.0
 10
391.1537205555555
 20
16.43110712962963
 30
0.0
 10
391.1537205555555
 20
15.76565064814814
 30
0.0
 10
391.1537205555555
 20
15.10019416666666
 30
0.0
 10
391.1572483333333
 20
14.75764694444444
 30
0.0
 10
391.1078594444444
 20
13.98188861111111
 30
0.0
 10
391.1078594444444
 20
12.59547194444444
 30
0.0
 10
391.1113872222222
 20
11.27573027777777
 30
0.0
 10
391.5139066666666
 20
10.20363861111111
 30
0.0
 10
391.6056288888889
 20
10.1083886111111
 30
0.0
 10
392.4533538888889
 20
10.1083886111111
 30
0.0
 10
393.3010788888889
 20
10.1083886111111
 30
0.0
 10
394.1488038888888
 20
10.1083886111111
 30
0.0
 10
396.4831344444444
 20
9.2592525
 30
0.0
 10
398.8171122222222
 20
8.410469166666665
 30
0.0
 10
401.1514427777777
 20
7.561333055555551
 30
0.0
 10
401.4865816666667
 20
7.437508055555551
 30
0.0
 10
401.8605261111111
 20
7.504888611111107
 30
0.0
 10
402.1356927777778
 20
7.734194166666665
 30
0.0
 10
402.640165
 20
8.156469166666666
 30
0.0
 10
403.1446372222222
 20
8.578391388888887
 30
0.0
 10
403.6491094444444
 20
9.000666388888888
 30
0.0
 10
403.638526111111
 20
9.159063611111105
 30
0.0
 10
403.2539983333333
 20
10.23150805555556
 30
0.0
 10
402.4249705555555
 20
11.21963861111111
 30
0.0
 10
401.539851111111
 20
12.28149972222222
 30
0.0
 10
400.9997483333333
 20
12.84241638888889
 30
0.0
 10
400.7845538888889
 20
13.10347194444444
 30
0.0
 10
399.7135205555555
 20
14.38158583333333
 30
0.0
 10
398.6421344444444
 20
15.6600525
 30
0.0
 10
397.571101111111
 20
16.93816638888889
 30
0.0
 10
398.3366288888889
 20
17.58022194444444
 30
0.0
 10
399.1018038888889
 20
18.2222775
 30
0.0
 10
399.8673316666666
 20
18.86433305555555
 30
0.0
 10
400.9373066666666
 20
17.5872775
 30
0.0
 10
402.0076344444444
 20
16.31022194444444
 30
0.0
 10
403.0776094444444
 20
15.03316638888889
 30
0.0
 10
403.2998594444444
 20
14.77175805555555
 30
0.0
 10
403.7584705555556
 20
14.14416638888889
 30
0.0
 10
404.6474705555556
 20
13.08195249999999
 30
0.0
 10
405.4764983333333
 20
12.10158305555555
 30
0.0
 10
406.4431094444444
 20
11.53713861111111
 30
0.0
 10
406.6159705555555
 20
11.4912775
 30
0.0
 10
407.0911622222222
 20
11.88991638888889
 30
0.0
 10
407.5660011111111
 20
12.2882025
 30
0.0
 10
408.0411927777777
 20
12.68684138888889
 30
0.0
 10
408.3625733333333
 20
12.95883305555555
 30
0.0
 10
408.482165
 20
13.39980527777778
 30
0.0
 10
408.3375261111111
 20
13.79491638888888
 30
0.0
 10
407.326465
 20
16.57727472222222
 30
0.0
 10
406.3150511111111
 20
19.35928027777777
 30
0.0
 10
405.3039899999999
 20
22.14163861111111
 30
0.0
 10
407.5335455555556
 20
30.29433305555555
 30
0.0
 10
409.7631011111111
 20
38.4470275
 30
0.0
 10
411.9926566666666
 20
46.59972194444443
 30
0.0
 10
414.7076344444444
 20
48.16711361111111
 30
0.0
 10
417.422965
 20
49.73485805555555
 30
0.0
 10
420.1379427777777
 20
51.30224972222221
 30
0.0
 10
420.4483872222222
 20
51.48216638888888
 30
0.0
 10
420.6388872222222
 20
51.81024972222222
 30
0.0
 10
420.6388872222222
 20
52.17008305555555
 30
0.0
 10
420.6388872222222
 20
53.49770342592592
 30
0.0
 10
420.6388872222222
 20
54.82532379629629
 30
0.0
 10
420.6388872222222
 20
56.15294416666666
 30
0.0
 10
420.4907205555555
 20
56.25172194444444
 30
0.0
 10
419.4323872222222
 20
56.63589694444444
 30
0.0
 10
418.1553316666667
 20
56.63589694444444
 30
0.0
 10
416.7724427777777
 20
56.63589694444444
 30
0.0
 10
415.9963316666666
 20
56.58333305555555
 30
0.0
 10
415.657665
 20
56.58686083333333
 30
0.0
 10
413.9904372222222
 20
56.58580249999999
 30
0.0
 10
412.3228566666666
 20
56.58439138888887
 30
0.0
 10
410.6556288888889
 20
56.58333305555555
 30
0.0
 10
410.6556288888889
 20
57.58287009259259
 30
0.0
 10
410.6556288888889
 20
58.58240712962962
 30
0.0
 10
410.6556288888889
 20
59.58194416666666
 30
0.0
 10
412.3207399999999
 20
59.58194416666666
 30
0.0
 10
413.9858511111111
 20
59.58194416666666
 30
0.0
 10
415.6509622222222
 20
59.58194416666666
 30
0.0
 10
415.9928038888888
 20
59.58547194444444
 30
0.0
 10
416.7692677777777
 20
59.53608305555555
 30
0.0
 10
418.1553316666667
 20
59.53608305555555
 30
0.0
 10
419.4500261111111
 20
59.53961083333333
 30
0.0
 10
420.5118872222221
 20
59.93084138888889
 30
0.0
 10
420.6388872222222
 20
60.02644416666666
 30
0.0
 10
420.6388872222222
 20
61.28586083333332
 30
0.0
 10
420.6388872222222
 20
62.5452775
 30
0.0
 10
420.6388872222222
 20
63.80469416666666
 30
0.0
 10
420.6388872222222
 20
64.25977749999998
 30
0.0
 10
420.3354983333332
 20
64.6548886111111
 30
0.0
 10
419.8980538888889
 20
64.77130527777777
 30
0.0
 10
417.2628038888889
 20
65.47686083333333
 30
0.0
 10
414.6279066666667
 20
66.18241638888888
 30
0.0
 10
411.9926566666666
 20
66.88797194444444
 30
0.0
 10
410.2227705555555
 20
75.5945275
 30
0.0
 10
408.4532372222222
 20
84.30108305555554
 30
0.0
 10
406.6833511111111
 20
93.00763861111109
 30
0.0
 10
407.6958233333333
 20
95.78752749999998
 30
0.0
 10
408.7079427777778
 20
98.56741638888889
 30
0.0
 10
409.7204149999999
 20
101.3473052777778
 30
0.0
 10
409.8650538888889
 20
101.7424163888889
 30
0.0
 10
409.7451094444444
 20
102.1865636111111
 30
0.0
 10
409.4240816666667
 20
102.4585552777778
 30
0.0
 10
408.9503011111111
 20
102.8561358333333
 30
0.0
 10
408.4761677777777
 20
103.2533636111111
 30
0.0
 10
408.0023872222222
 20
103.6509441666666
 30
0.0
 10
407.8475177777777
 20
103.6121386111111
 30
0.0
 10
406.85974
 20
103.0441663888889
 30
0.0
 10
406.0303594444444
 20
102.0634441666667
 30
0.0
 10
405.1413594444444
 20
101.0051108333333
 30
0.0
 10
404.6827483333333
 20
100.3771663888889
 30
0.0
 10
404.4604983333332
 20
100.1196386111111
 30
0.0
 10
403.389465
 20
98.84152472222222
 30
0.0
 10
402.3180788888889
 20
97.56305805555554
 30
0.0
 10
401.2470455555555
 20
96.28494416666665
 30
0.0
 10
400.4815177777777
 20
96.92805805555555
 30
0.0
 10
399.7156372222222
 20
97.57152472222221
 30
0.0
 10
398.9501094444444
 20
98.21463861111111
 30
0.0
 10
400.0214955555555
 20
99.48922472222222
 30
0.0
 10
401.0925288888888
 20
100.7641636111111
 30
0.0
 10
402.163915
 20
102.0387497222222
 30
0.0
 10
402.3794622222222
 20
102.3033330555555
 30
0.0
 10
402.9188594444444
 20
102.8677775
 30
0.0
 10
403.8078594444444
 20
103.9261108333333
 30
0.0
 10
404.6368872222221
 20
104.9205913888889
 30
0.0
 10
405.0252955555555
 20
105.9789247222222
 30
0.0
 10
405.0319983333333
 20
106.1450830555555
 30
0.0
 10
404.3793594444444
 20
106.6918886111111
 30
0.0
 10
403.7267205555555
 20
107.2386941666667
 30
0.0
 10
403.0740816666666
 20
107.7854997222222
 30
0.0
 10
400.1918872222222
 20
113.3195247222222
 30
0.0
 10
397.3100455555556
 20
118.8531969444444
 30
0.0
 10
394.4278511111111
 20
124.3872219444444
 30
0.0
 10
394.2546372222222
 20
124.7188330555555
 30
0.0
 10
393.9127955555555
 20
124.9266191666667
 30
0.0
 10
393.5423788888889
 20
124.9266191666667
 30
0.0
 10
392.8907983333334
 20
124.9266191666666
 30
0.0
 10
392.2392177777778
 20
124.9266191666666
 30
0.0
 10
391.5876372222222
 20
124.9266191666667
 30
0.0
 10
391.4959149999999
 20
124.7999719444444
 30
0.0
 10
391.1008038888888
 20
123.7310552777778
 30
0.0
 10
391.1008038888888
 20
122.4398886111111
 30
0.0
 10
391.1008038888888
 20
121.0569997222222
 30
0.0
 10
391.1537205555555
 20
120.2808886111111
 30
0.0
 10
391.1501927777777
 20
119.9422219444444
 30
0.0
 10
391.1512511111111
 20
119.2744136111111
 30
0.0
 10
391.1526622222221
 20
118.6062525
 30
0.0
 10
391.1537205555555
 20
117.9384441666667
 30
0.0
 10
390.1541835185185
 20
117.9384441666667
 30
0.0
 10
389.1546464814814
 20
117.9384441666667
 30
0.0
 10
388.1551094444445
 20
117.9384441666667
 30
0.0
 10
388.1551094444445
 20
118.6040182407407
 30
0.0
 10
388.1551094444445
 20
119.2695923148148
 30
0.0
 10
388.1551094444445
 20
119.9351663888889
 30
0.0
 10
388.1515816666666
 20
120.2773608333333
 30
0.0
 10
388.2009705555555
 20
121.0534719444444
 30
0.0
 10
388.2009705555555
 20
122.4398886111111
 30
0.0
 10
388.1974427777777
 20
123.7592775
 30
0.0
 10
387.7952761111111
 20
124.8317219444444
 30
0.0
 10
387.7035538888888
 20
124.9266191666667
 30
0.0
 10
386.6699149999999
 20
124.9266191666666
 30
0.0
 10
385.636276111111
 20
124.9266191666666
 30
0.0
 10
384.6026372222221
 20
124.9266191666667
 30
0.0
 10
382.9766844444444
 20
124.9266191666667
 30
0.0
 10
381.6569427777778
 20
123.0113886111111
 30
0.0
 10
381.6569427777778
 20
120.6407219444444
 30
0.0
 10
381.6004983333333
 20
112.8157580555555
 30
0.0
 10
382.701165
 20
106.1412025
 30
0.0
 10
374.3897205555556
 20
97.85833305555553
 30
0.0
 10
372.8424372222221
 20
96.31563583333332
 30
0.0
 10
371.2948011111111
 20
94.77258583333332
 30
0.0
 10
369.7475177777778
 20
93.2298886111111
 30
0.0
 10
368.0432483333333
 20
91.2437497222222
 30
0.0
 10
364.8682483333333
 20
89.83616638888888
 30
0.0
 10
358.8392761111111
 20
89.83616638888888
 30
0.0
 10
352.8067761111111
 20
89.83616638888888
 30
0.0
 10
349.6317761111111
 20
91.2437497222222
 30
0.0
 10
347.9278594444444
 20
93.2298886111111
 30
0.0
 10
346.3802233333333
 20
94.77258583333332
 30
0.0
 10
344.83294
 20
96.31563583333332
 30
0.0
 10
343.2853038888888
 20
97.85833305555553
 30
0.0
 10
334.9738594444444
 20
106.1412025
 30
0.0
 10
336.0745261111111
 20
112.8157580555555
 30
0.0
 10
336.0180816666667
 20
120.6407219444444
 30
0.0
 10
336.0180816666667
 20
123.0113886111111
 30
0.0
 10
334.6810538888888
 20
124.9266191666667
 30
0.0
 10
333.0512205555556
 20
124.9266191666667
 30
0.0
 10
332.0188751851852
 20
124.9266191666666
 30
0.0
 10
330.9865298148148
 20
124.9266191666666
 30
0.0
 10
329.9541844444444
 20
124.9266191666667
 30
0.0
 10
329.8621094444444
 20
124.7999719444444
 30
0.0
 10
329.4669983333333
 20
123.7310552777778
 30
0.0
 10
329.4669983333333
 20
122.4398886111111
 30
0.0
 10
329.4669983333333
 20
121.0569997222222
 30
0.0
 10
329.519915
 20
120.2808886111111
 30
0.0
 10
329.51674
 20
119.9422219444444
 30
0.0
 10
329.5177983333333
 20
119.2744136111111
 30
0.0
 10
329.5188566666666
 20
118.6062525
 30
0.0
 10
329.519915
 20
117.9384441666667
 30
0.0
 10
328.5203779629629
 20
117.9384441666667
 30
0.0
 10
327.5208409259259
 20
117.9384441666667
 30
0.0
 10
326.5213038888889
 20
117.9384441666667
 30
0.0
 10
326.5213038888889
 20
118.6040182407407
 30
0.0
 10
326.5213038888889
 20
119.2695923148148
 30
0.0
 10
326.5213038888889
 20
119.9351663888889
 30
0.0
 10
326.5181288888889
 20
120.2773608333333
 30
0.0
 10
326.5671649999999
 20
121.0534719444444
 30
0.0
 10
326.5671649999999
 20
122.4398886111111
 30
0.0
 10
326.5636372222222
 20
123.7451663888889
 30
0.0
 10
326.1685261111111
 20
124.8102025
 30
0.0
 10
326.0736288888889
 20
124.9266191666667
 30
0.0
 10
325.4280455555556
 20
124.9266191666666
 30
0.0
 10
324.7824622222223
 20
124.9266191666666
 30
0.0
 10
324.1368788888889
 20
124.9266191666667
 30
0.0
 10
323.7625816666666
 20
124.9266191666667
 30
0.0
 10
323.4203872222222
 20
124.7188330555555
 30
0.0
 10
323.2475261111111
 20
124.3872219444444
 30
0.0
 10
320.36639
 20
118.8531969444444
 30
0.0
 10
317.4856066666666
 20
113.3195247222222
 30
0.0
 10
314.6044705555555
 20
107.7854997222222
 30
0.0
 10
313.9472455555555
 20
107.2351663888889
 30
0.0
 10
313.2896677777778
 20
106.6848330555555
 30
0.0
 10
312.6324427777778
 20
106.1344997222222
 30
0.0
 10
312.6571372222222
 20
105.9545830555555
 30
0.0
 10
313.0451927777777
 20
104.8962497222222
 30
0.0
 10
313.8601094444444
 20
103.9222302777778
 30
0.0
 10
314.7526372222222
 20
102.8638969444444
 30
0.0
 10
315.2923872222222
 20
102.3033330555555
 30
0.0
 10
315.5075816666666
 20
102.0419247222222
 30
0.0
 10
316.5810844444445
 20
100.7662802777778
 30
0.0
 10
317.65494
 20
99.49028305555555
 30
0.0
 10
318.7284427777778
 20
98.21463861111111
 30
0.0
 10
317.962915
 20
97.57152472222221
 30
0.0
 10
317.1973872222222
 20
96.92805805555555
 30
0.0
 10
316.4318594444445
 20
96.28494416666665
 30
0.0
 10
315.3604733333333
 20
97.55953027777777
 30
0.0
 10
314.28944
 20
98.83446916666666
 30
0.0
 10
313.2180538888888
 20
100.1090552777778
 30
0.0
 10
312.9958038888889
 20
100.3701108333333
 30
0.0
 10
312.533665
 20
100.9977025
 30
0.0
 10
311.6411372222222
 20
102.0560358333333
 30
0.0
 10
310.8121094444444
 20
103.0371108333333
 30
0.0
 10
309.8419705555555
 20
103.5976747222222
 30
0.0
 10
309.6691094444444
 20
103.6435358333333
 30
0.0
 10
309.1974455555555
 20
103.2484247222222
 30
0.0
 10
308.7261344444444
 20
102.8536663888889
 30
0.0
 10
308.2544705555555
 20
102.4585552777778
 30
0.0
 10
307.9334427777778
 20
102.1865636111111
 30
0.0
 10
307.8134983333333
 20
101.7424163888889
 30
0.0
 10
307.9581372222222
 20
101.3473052777778
 30
0.0
 10
308.9706094444444
 20
98.56741638888889
 30
0.0
 10
309.9834344444444
 20
95.78752749999998
 30
0.0
 10
310.9959066666667
 20
93.00763861111109
 30
0.0
 10
309.2260205555555
 20
84.30108305555554
 30
0.0
 10
307.4561344444444
 20
75.5945275
 30
0.0
 10
305.6862483333333
 20
66.88797194444444
 30
0.0
 10
303.0509983333333
 20
66.18241638888888
 30
0.0
 10
300.4157483333333
 20
65.47686083333333
 30
0.0
 10
297.7804983333333
 20
64.77130527777777
 30
0.0
 10
297.3430538888888
 20
64.6548886111111
 30
0.0
 10
297.039665
 20
64.25977749999998
 30
0.0
 10
297.039665
 20
63.80469416666666
 30
0.0
 10
297.039665
 20
62.54057379629629
 30
0.0
 10
297.039665
 20
61.27645342592592
 30
0.0
 10
297.039665
 20
60.01233305555555
 30
0.0
 10
297.2019427777778
 20
59.90649972222221
 30
0.0
 10
298.2532205555555
 20
59.52902749999999
 30
0.0
 10
299.5196927777777
 20
59.52902749999999
 30
0.0
 10
300.9025816666667
 20
59.52902749999999
 30
0.0
 10
301.6786927777778
 20
59.58194416666666
 30
0.0
 10
302.0173594444444
 20
59.57806361111111
 30
0.0
 10
303.6859983333333
 20
59.57947472222222
 30
0.0
 10
305.3546372222222
 20
59.58053305555555
 30
0.0
 10
307.023276111111
 20
59.58194416666666
 30
0.0
 10
307.023276111111
 20
58.58240712962962
 30
0.0
 10
307.023276111111
 20
57.58287009259258
 30
0.0
 10
307.023276111111
 20
56.58333305555555
 30
0.0
 10
305.356989074074
 20
56.58333305555555
 30
0.0
 10
303.690702037037
 20
56.58333305555555
 30
0.0
 10
302.024415
 20
56.58333305555555
 30
0.0
  0
SPLINE
  5
1D9
330
1F
100
AcDbEntity
  8
DEFAULT
 62
     1
100
AcDbSpline
210
0.0
220
0.0
230
1.0
 70
    11
 71
     3
 72
    74
 73
    70
 74
     0
 42
0.000000001
 43
0.0000000001
 40
1.0
 40
1.0
 40
1.0
 40
1.0
 40
2.0
 40
2.0
 40
2.0
 40
3.0
 40
3.0
 40
3.0
 40
4.0
 40
4.0
 40
4.0
 40
5.0
 40
5.0
 40
5.0
 40
6.0
 40
6.0
 40
6.0
 40
7.0
 40
7.0
 40
7.0
 40
8.0
 40
8.0
 40
8.0
 40
9.0
 40
9.0
 40
9.0
 40
10.0
 40
10.0
 40
10.0
 40
11.0
 40
11.0
 40
11.0
 40
12.0
 40
12.0
 40
12.0
 40
13.0
 40
13.0
 40
13.0
 40
14.0
 40
14.0
 40
14.0
 40
15.0
 40
15.0
 40
15.0
 40
16.0
 40
16.0
 40
16.0
 40
17.0
 40
17.0
 40
17.0
 40
18.0
 40
18.0
 40
18.0
 40
19.0
 40
19.0
 40
19.0
 40
20.0
 40
20.0
 40
20.0
 40
21.0
 40
21.0
 40
21.0
 40
22.0
 40
22.0
 40
22.0
 40
23.0
 40
23.0
 40
23.0
 40
24.0
 40
24.0
 40
24.0
 40
24.0
 10
350.2064863888889
 20
209.7972266666666
 30
0.0
 10
350.1465141666667
 20
209.8035766666666
 30
0.0
 10
349.8501808333333
 20
210.9659794444444
 30
0.0
 10
350.0279808333333
 20
212.3400488888888
 30
0.0
 10
350.2089558333333
 20
213.7151766666666
 30
0.0
 10
350.3606502777778
 20
214.4771766666666
 30
0.0
 10
350.4019252777778
 20
214.8172544444444
 30
0.0
 10
350.5321002777778
 20
215.8078544444444
 30
0.0
 10
350.6619225
 20
216.7981016666666
 30
0.0
 10
350.7920975
 20
217.7887016666666
 30
0.0
 10
349.8011447222222
 20
217.919935
 30
0.0
 10
348.8101919444445
 20
218.0515211111111
 30
0.0
 10
347.8192391666666
 20
218.1827544444444
 30
0.0
 10
347.6894169444444
 20
217.1886266666666
 30
0.0
 10
347.5595947222222
 20
216.1941461111111
 30
0.0
 10
347.4297725
 20
215.2000183333333
 30
0.0
 10
347.3828530555555
 20
214.8648794444444
 30
0.0
 10
347.3327586111111
 20
214.0873572222222
 30
0.0
 10
347.1524891666666
 20
212.7196377777777
 30
0.0
 10
346.9792752777777
 20
211.4009544444444
 30
0.0
 10
346.4201225
 20
210.3673155555555
 30
0.0
 10
346.3340447222222
 20
210.3059322222222
 30
0.0
 10
345.4221141666666
 20
210.4805572222222
 30
0.0
 10
344.5101836111111
 20
210.6548294444444
 30
0.0
 10
343.5982530555556
 20
210.8294544444444
 30
0.0
 10
341.3002586111111
 20
213.5028044444444
 30
0.0
 10
342.7223058333333
 20
217.7223794444444
 30
0.0
 10
343.8882363888889
 20
223.7756933333333
 30
0.0
 10
344.7282002777778
 20
228.1169766666666
 30
0.0
 10
346.8208780555556
 20
232.6544044444444
 30
0.0
 10
344.4195197222222
 20
238.5782488888888
 30
0.0
 10
344.0134725
 20
239.5787266666666
 30
0.0
 10
346.1728252777777
 20
241.3980016666666
 30
0.0
 10
349.2458725
 20
242.6440127777778
 30
0.0
 10
349.3016113888888
 20
242.6665905555555
 30
0.0
 10
350.1324030555555
 20
241.8005211111111
 30
0.0
 10
350.6552197222222
 20
240.5199377777777
 30
0.0
 10
351.1762725
 20
239.2354738888889
 30
0.0
 10
351.4218058333333
 20
238.4974627777777
 30
0.0
 10
351.5537447222222
 20
238.1817266666666
 30
0.0
 10
351.9294530555555
 20
237.2553322222222
 30
0.0
 10
352.3048086111111
 20
236.3292905555555
 30
0.0
 10
352.6805169444444
 20
235.4028961111111
 30
0.0
 10
353.6069113888889
 20
235.7782516666666
 30
0.0
 10
354.5333058333333
 20
236.15396
 30
0.0
 10
355.4597002777778
 20
236.5293155555555
 30
0.0
 10
355.0822280555556
 20
237.4574738888889
 30
0.0
 10
354.7044030555555
 20
238.3852794444444
 30
0.0
 10
354.3269308333333
 20
239.3134377777778
 30
0.0
 10
354.2027530555555
 20
239.6288211111111
 30
0.0
 10
353.8619697222222
 20
240.3280266666666
 30
0.0
 10
353.3426808333333
 20
241.6096683333333
 30
0.0
 10
352.8431475
 20
242.8422738888889
 30
0.0
 10
352.8198641666667
 20
244.0166711111111
 30
0.0
 10
352.8653725
 20
244.1112155555555
 30
0.0
 10
354.3234030555555
 20
244.7024711111111
 30
0.0
 10
355.8354086111111
 20
244.3712127777777
 30
0.0
 10
356.2411030555555
 20
243.3710877777777
 30
0.0
 10
357.1833725
 20
241.046635
 30
0.0
 10
358.0416808333333
 20
238.7793322222222
 30
0.0
 10
358.8904641666667
 20
236.8358794444444
 30
0.0
 10
361.4015363888889
 20
231.0683155555555
 30
0.0
 10
359.5639169444444
 20
224.4392683333333
 30
0.0
 10
357.3167225
 20
219.4322933333333
 30
0.0
 10
355.5510697222222
 20
215.4977627777778
 30
0.0
 10
353.5324752777777
 20
212.5644155555555
 30
0.0
 10
353.1708780555555
 20
211.8366349999999
 30
0.0
 10
352.2709419444444
 20
210.3295683333333
 30
0.0
 10
352.8770141666667
 20
209.3876516666666
 30
0.0
 10
350.2064863888889
 20
209.7972266666666
 30
0.0
  0
POLYLINE
  5
1DA
330
1F
100
AcDbEntity
  8
DEFAULT
 62
    18
100
AcDb2dPolyline
 66
     1
 10
0.0
 20
0.0
 30
0.0
  0
VERTEX
  5
1DB
330
1DA
100
AcDbEntity
  8
DEFAULT
 62
    18
100
AcDbVertex
100
AcDb2dVertex
 10
356.2109405555555
 20
234.6759975
 30
0.0
  0
VERTEX
  5
1DC
330
1DA
100
AcDbEntity
  8
DEFAULT
 62
    18
100
AcDbVertex
100
AcDb2dVertex
 10
353.4317572222222
 20
233.5492252777778
 30
0.0
  0
SEQEND
  5
1DD
330
1DA
100
AcDbEntity
  8
DEFAULT
 62
    18
  0
SPLINE
  5
1DE
330
1F
100
AcDbEntity
  8
DEFAULT
 62
     1
100
AcDbSpline
210
0.0
220
0.0
230
1.0
 70
     8
 71
     3
 72
    71
 73
    67
 74
     0
 42
0.000000001
 43
0.0000000001
 40
0.0
 40
0.0
 40
0.0
 40
0.0
 40
1.0
 40
1.0
 40
1.0
 40
2.0
 40
2.0
 40
2.0
 40
3.0
 40
3.0
 40
3.0
 40
4.0
 40
4.0
 40
4.0
 40
5.0
 40
5.0
 40
5.0
 40
6.0
 40
6.0
 40
6.0
 40
7.0
 40
7.0
 40
7.0
 40
8.0
 40
8.0
 40
8.0
 40
9.0
 40
9.0
 40
9.0
 40
10.0
 40
10.0
 40
10.0
 40
11.0
 40
11.0
 40
11.0
 40
12.0
 40
12.0
 40
12.0
 40
13.0
 40
13.0
 40
13.0
 40
14.0
 40
14.0
 40
14.0
 40
15.0
 40
15.0
 40
15.0
 40
16.0
 40
16.0
 40
16.0
 40
17.0
 40
17.0
 40
17.0
 40
18.0
 40
18.0
 40
18.0
 40
19.0
 40
19.0
 40
19.0
 40
20.0
 40
20.0
 40
20.0
 40
21.0
 40
21.0
 40
21.0
 40
22.0
 40
22.0
 40
22.0
 40
22.0
 10
358.8905347222222
 20
236.8357030555555
 30
0.0
 10
358.3246791666666
 20
237.7546891666666
 30
0.0
 10
360.1524208333333
 20
239.9073391666666
 30
0.0
 10
362.9764069444444
 20
241.6458280555555
 30
0.0
 10
363.0275597222222
 20
241.6772252777778
 30
0.0
 10
363.9902902777778
 20
240.9607336111111
 30
0.0
 10
364.7180708333332
 20
239.7849252777777
 30
0.0
 10
365.4447930555555
 20
238.6045308333333
 30
0.0
 10
365.8095652777777
 20
237.9173197222222
 30
0.0
 10
365.9923041666666
 20
237.6280419444444
 30
0.0
 10
366.5161791666667
 20
236.7767891666666
 30
0.0
 10
367.0404069444444
 20
235.9255363888888
 30
0.0
 10
367.5642819444444
 20
235.074283611111
 30
0.0
 10
368.4155347222222
 20
235.598158611111
 30
0.0
 10
369.2664347222221
 20
236.1223863888888
 30
0.0
 10
370.1176874999999
 20
236.6462613888888
 30
0.0
 10
369.5916958333333
 20
237.4989252777777
 30
0.0
 10
369.0653513888889
 20
238.3512363888889
 30
0.0
 10
368.5393597222222
 20
239.2039002777777
 30
0.0
 10
368.3643819444443
 20
239.4942363888888
 30
0.0
 10
367.9124736111111
 20
240.1274725
 30
0.0
 10
367.1875152777777
 20
241.3050447222222
 30
0.0
 10
366.4904263888889
 20
242.4378141666666
 30
0.0
 10
366.2727625
 20
243.5921030555555
 30
0.0
 10
366.3020430555555
 20
243.6926447222222
 30
0.0
 10
367.6418930555555
 20
244.5177919444444
 30
0.0
 10
369.1877652777777
 20
244.4422975
 30
0.0
 10
369.7539736111111
 20
243.5229586111111
 30
0.0
 10
371.0687763888889
 20
241.3868891666666
 30
0.0
 10
372.2911513888889
 20
239.2931530555555
 30
0.0
 10
373.4503791666667
 20
237.5176225
 30
0.0
 10
376.6740624999999
 20
232.5677975
 30
0.0
 10
375.1945125
 20
226.0862113888888
 30
0.0
 10
372.9455541666666
 20
220.8132419444444
 30
0.0
 10
370.9177875
 20
216.0585030555555
 30
0.0
 10
368.2638402777778
 20
212.2862502777778
 30
0.0
 10
367.8683763888889
 20
211.5048475
 30
0.0
 10
366.9560930555555
 20
210.0051891666666
 30
0.0
 10
367.5547569444444
 20
209.0586863888888
 30
0.0
 10
364.8877569444444
 20
209.4890752777777
 30
0.0
 10
364.8281375
 20
209.4957780555555
 30
0.0
 10
364.5409763888889
 20
210.6610030555555
 30
0.0
 10
364.7297124999999
 20
212.0333086111111
 30
0.0
 10
364.9212708333333
 20
213.4070252777777
 30
0.0
 10
365.0789625
 20
214.1679669444444
 30
0.0
 10
365.1227069444444
 20
214.5076919444444
 30
0.0
 10
365.2606430555555
 20
215.4972336111111
 30
0.0
 10
365.3985791666666
 20
216.4864225
 30
0.0
 10
365.5365152777778
 20
217.4759641666666
 30
0.0
 10
364.5466208333333
 20
217.6149586111111
 30
0.0
 10
363.5570791666666
 20
217.7539530555555
 30
0.0
 10
362.5671847222222
 20
217.8929475
 30
0.0
 10
362.4292486111111
 20
216.8998780555555
 30
0.0
 10
362.2916652777777
 20
215.9068086111111
 30
0.0
 10
362.1537291666666
 20
214.9137391666666
 30
0.0
 10
362.1039875
 20
214.5793058333333
 30
0.0
 10
362.0478958333333
 20
213.8017836111111
 30
0.0
 10
361.8566902777778
 20
212.4358280555555
 30
0.0
 10
361.6732458333333
 20
211.1185558333333
 30
0.0
 10
361.1056263888888
 20
210.0891502777777
 30
0.0
 10
361.0195486111111
 20
210.0284725
 30
0.0
 10
360.1090291666666
 20
210.2101530555555
 30
0.0
 10
359.1981569444444
 20
210.3921863888889
 30
0.0
 10
358.2876375
 20
210.5738669444444
 30
0.0
 10
356.7153069444444
 20
213.2549780555555
 30
0.0
 10
356.0796013888889
 20
215.2912113888889
 30
0.0
 10
357.3167930555555
 20
219.4321169444444
 30
0.0
  0
POLYLINE
  5
1DF
330
1F
100
AcDbEntity
  8
DEFAULT
 62
    18
100
AcDb2dPolyline
 66
     1
 10
0.0
 20
0.0
 30
0.0
  0
VERTEX
  5
1E0
330
1DF
100
AcDbEntity
  8
DEFAULT
 62
    18
100
AcDbVertex
100
AcDb2dVertex
 10
371.1660724999999
 20
234.9431561111111
 30
0.0
  0
VERTEX
  5
1E1
330
1DF
100
AcDbEntity
  8
DEFAULT
 62
    18
100
AcDbVertex
100
AcDb2dVertex
 10
368.6126669444444
 20
233.3711783333333
 30
0.0
  0
SEQEND
  5
1E2
330
1DF
100
AcDbEntity
  8
DEFAULT
 62
    18
  0
POLYLINE
  5
1E3
330
1F
100
AcDbEntity
  8
DEFAULT
 62
    18
100
AcDb2dPolyline
 66
     1
 10
0.0
 20
0.0
 30
0.0
  0
VERTEX
  5
1E4
330
1E3
100
AcDbEntity
  8
DEFAULT
 62
    18
100
AcDbVertex
100
AcDb2dVertex
 10
371.690406111111
 20
234.0915152777777
 30
0.0
  0
VERTEX
  5
1E5
330
1E3
100
AcDbEntity
  8
DEFAULT
 62
    18
100
AcDbVertex
100
AcDb2dVertex
 10
369.1370005555555
 20
232.5195374999999
 30
0.0
  0
SEQEND
  5
1E6
330
1E3
100
AcDbEntity
  8
DEFAULT
 62
    18
  0
SPLINE
  5
1E7
330
1F
100
AcDbEntity
  8
DEFAULT
 62
     1
100
AcDbSpline
210
0.0
220
0.0
230
1.0
 70
     8
 71
     3
 72
    68
 73
    64
 74
     0
 42
0.000000001
 43
0.0000000001
 40
0.0
 40
0.0
 40
0.0
 40
0.0
 40
1.0
 40
1.0
 40
1.0
 40
2.0
 40
2.0
 40
2.0
 40
3.0
 40
3.0
 40
3.0
 40
4.0
 40
4.0
 40
4.0
 40
5.0
 40
5.0
 40
5.0
 40
6.0
 40
6.0
 40
6.0
 40
7.0
 40
7.0
 40
7.0
 40
8.0
 40
8.0
 40
8.0
 40
9.0
 40
9.0
 40
9.0
 40
10.0
 40
10.0
 40
10.0
 40
11.0
 40
11.0
 40
11.0
 40
12.0
 40
12.0
 40
12.0
 40
13.0
 40
13.0
 40
13.0
 40
14.0
 40
14.0
 40
14.0
 40
15.0
 40
15.0
 40
15.0
 40
23.50055321729116
 40
23.50055321729116
 40
23.50055321729116
 40
24.50055321729116
 40
24.50055321729116
 40
24.50055321729116
 40
25.50055321729116
 40
25.50055321729116
 40
25.50055321729116
 40
26.50055321729116
 40
26.50055321729116
 40
26.50055321729116
 40
27.50055321729116
 40
27.50055321729116
 40
27.50055321729116
 40
28.50055321729116
 40
28.50055321729116
 40
28.50055321729116
 40
28.50055321729116
 10
373.4505202777777
 20
237.5175166666667
 30
0.0
 10
372.9707425
 20
238.4753083333333
 30
0.0
 10
373.9137175
 20
240.8057583333333
 30
0.0
 10
376.2205313888888
 20
243.1880666666666
 30
0.0
 10
376.2621591666666
 20
243.2311055555556
 30
0.0
 10
377.3719980555555
 20
242.7753166666666
 30
0.0
 10
378.3678897222222
 20
241.8161138888889
 30
0.0
 10
379.3644869444444
 20
240.8516194444444
 30
0.0
 10
379.8876563888888
 20
240.2762388888889
 30
0.0
 10
380.1356591666666
 20
240.0405833333333
 30
0.0
 10
380.8539147222222
 20
239.3452583333333
 30
0.0
 10
381.5721702777777
 20
238.6502861111111
 30
0.0
 10
382.2904258333332
 20
237.9549611111111
 30
0.0
 10
382.9857508333333
 20
238.6732166666666
 30
0.0
 10
383.6807230555555
 20
239.3911194444445
 30
0.0
 10
384.3760480555555
 20
240.109375
 30
0.0
 10
383.6553230555555
 20
240.8054055555556
 30
0.0
 10
382.9349508333333
 20
241.5014361111111
 30
0.0
 10
382.2142258333333
 20
242.1974666666666
 30
0.0
 10
381.9732786111111
 20
242.4355916666667
 30
0.0
 10
381.3788480555555
 20
242.9375944444444
 30
0.0
 10
380.3850730555555
 20
243.8992666666667
 30
0.0
 10
379.4297508333333
 20
244.82425
 30
0.0
 10
378.9333924999999
 20
245.8889333333333
 30
0.0
 10
378.9369202777777
 20
245.9940611111111
 30
0.0
 10
380.0308841666666
 20
247.1243611111111
 30
0.0
 10
381.5478286111111
 20
247.4333944444444
 30
0.0
 10
382.3235869444444
 20
246.6823305555556
 30
0.0
 10
384.125928611111
 20
244.9378444444444
 30
0.0
 10
385.8277286111111
 20
243.2117027777778
 30
0.0
 10
387.3901813888888
 20
241.7776611111111
 30
0.0
 10
395.6564702777777
 20
234.1724777777778
 30
0.0
 10
385.0741952777777
 20
216.1808111111111
 30
0.0
 10
384.3658174999999
 20
214.4754833333333
 30
0.0
 10
383.5692452777777
 20
212.9112666666666
 30
0.0
 10
384.2377591666666
 20
212.0123888888889
 30
0.0
 10
381.5453591666666
 20
212.2409888888889
 30
0.0
 10
381.4853869444444
 20
212.2431055555555
 30
0.0
 10
381.1117952777777
 20
213.3832833333333
 30
0.0
 10
381.1964619444444
 20
214.7661722222222
 30
0.0
 10
381.284303611111
 20
216.1504722222222
 30
0.0
 10
381.3841397222222
 20
216.9209388888889
 30
0.0
 10
381.4024841666666
 20
217.2631333333333
 30
0.0
 10
381.4656313888888
 20
218.2600833333333
 30
0.0
 10
381.5287786111111
 20
219.2570333333333
 30
0.0
 10
381.5919258333333
 20
220.2539833333333
 30
0.0
 10
380.5943878703703
 20
220.3181888888888
 30
0.0
 10
379.5968499074074
 20
220.3823944444444
 30
0.0
 10
378.5993119444444
 20
220.4466
 30
0.0
 10
378.5368702777777
 20
219.4461222222222
 30
0.0
 10
378.4740758333333
 20
218.4452916666667
 30
0.0
 10
378.4116341666667
 20
217.4448138888889
 30
0.0
 10
378.3869397222222
 20
217.1072055555555
 30
0.0
 10
378.3894091666666
 20
216.3279194444444
 30
0.0
 10
378.3015674999999
 20
214.9513805555555
 30
0.0
 10
378.2176063888888
 20
213.6238777777777
 30
0.0
 10
377.7290091666666
 20
212.5546083333333
 30
0.0
 10
377.6478702777777
 20
212.4879333333333
 30
0.0
 10
376.7260619444444
 20
212.6008222222222
 30
0.0
 10
375.8046063888888
 20
212.7133583333333
 30
0.0
 10
374.8827980555555
 20
212.8262472222222
 30
0.0
 10
373.0719897222222
 20
216.1144888888889
 30
0.0
 10
372.3075202777777
 20
217.1139083333333
 30
0.0
 10
372.9453424999999
 20
220.8131361111111
 30
0.0
  0
POLYLINE
  5
1E8
330
1F
100
AcDbEntity
  8
DEFAULT
 62
    18
100
AcDb2dPolyline
 66
     1
 10
0.0
 20
0.0
 30
0.0
  0
VERTEX
  5
1E9
330
1E8
100
AcDbEntity
  8
DEFAULT
 62
    18
100
AcDbVertex
100
AcDb2dVertex
 10
385.8128766666666
 20
238.7183016666665
 30
0.0
  0
VERTEX
  5
1EA
330
1E8
100
AcDbEntity
  8
DEFAULT
 62
    18
100
AcDbVertex
100
AcDb2dVertex
 10
383.7272544444443
 20
236.5638877777777
 30
0.0
  0
SEQEND
  5
1EB
330
1E8
100
AcDbEntity
  8
DEFAULT
 62
    18
  0
POLYLINE
  5
1EC
330
1F
100
AcDbEntity
  8
DEFAULT
 62
    18
100
AcDb2dPolyline
 66
     1
 10
0.0
 20
0.0
 30
0.0
  0
VERTEX
  5
1ED
330
1EC
100
AcDbEntity
  8
DEFAULT
 62
    18
100
AcDbVertex
100
AcDb2dVertex
 10
386.5315202777777
 20
238.0227297222222
 30
0.0
  0
VERTEX
  5
1EE
330
1EC
100
AcDbEntity
  8
DEFAULT
 62
    18
100
AcDbVertex
100
AcDb2dVertex
 10
384.4458980555555
 20
235.8683158333333
 30
0.0
  0
SEQEND
  5
1EF
330
1EC
100
AcDbEntity
  8
DEFAULT
 62
    18
  0
POLYLINE
  5
1F0
330
1F
100
AcDbEntity
  8
DEFAULT
 62
    18
100
AcDb2dPolyline
 66
     1
 10
0.0
 20
0.0
 30
0.0
  0
VERTEX
  5
1F1
330
1F0
100
AcDbEntity
  8
DEFAULT
 62
    18
100
AcDbVertex
100
AcDb2dVertex
 10
387.2498463888888
 20
237.3271577777777
 30
0.0
  0
VERTEX
  5
1F2
330
1F0
100
AcDbEntity
  8
DEFAULT
 62
    18
100
AcDbVertex
100
AcDb2dVertex
 10
385.1642241666666
 20
235.1727438888888
 30
0.0
  0
SEQEND
  5
1F3
330
1F0
100
AcDbEntity
  8
DEFAULT
 62
    18
  0
SPLINE
  5
1F4
330
1F
100
AcDbEntity
  8
DEFAULT
 62
     1
100
AcDbSpline
210
0.0
220
0.0
230
1.0
 70
    11
 71
     3
 72
    74
 73
    70
 74
     0
 42
0.000000001
 43
0.0000000001
 40
1.0
 40
1.0
 40
1.0
 40
1.0
 40
2.0
 40
2.0
 40
2.0
 40
3.0
 40
3.0
 40
3.0
 40
4.0
 40
4.0
 40
4.0
 40
5.0
 40
5.0
 40
5.0
 40
6.0
 40
6.0
 40
6.0
 40
7.0
 40
7.0
 40
7.0
 40
8.0
 40
8.0
 40
8.0
 40
9.0
 40
9.0
 40
9.0
 40
10.0
 40
10.0
 40
10.0
 40
11.0
 40
11.0
 40
11.0
 40
12.0
 40
12.0
 40
12.0
 40
13.0
 40
13.0
 40
13.0
 40
14.0
 40
14.0
 40
14.0
 40
15.0
 40
15.0
 40
15.0
 40
16.0
 40
16.0
 40
16.0
 40
17.0
 40
17.0
 40
17.0
 40
18.0
 40
18.0
 40
18.0
 40
19.0
 40
19.0
 40
19.0
 40
20.0
 40
20.0
 40
20.0
 40
21.0
 40
21.0
 40
21.0
 40
22.0
 40
22.0
 40
22.0
 40
23.0
 40
23.0
 40
23.0
 40
24.0
 40
24.0
 40
24.0
 40
24.0
 10
385.2182697222222
 20
300.3269188888888
 30
0.0
 10
385.2782419444445
 20
300.3332688888889
 30
0.0
 10
385.5745752777777
 20
301.4956716666666
 30
0.0
 10
385.3967752777778
 20
302.8697411111111
 30
0.0
 10
385.2158002777778
 20
304.2448688888888
 30
0.0
 10
385.0641058333334
 20
305.0068688888888
 30
0.0
 10
385.0228308333333
 20
305.3469466666666
 30
0.0
 10
384.8926558333333
 20
306.3375466666666
 30
0.0
 10
384.7628336111111
 20
307.3277938888888
 30
0.0
 10
384.6326586111111
 20
308.3183938888889
 30
0.0
 10
385.6236113888888
 20
308.4496272222221
 30
0.0
 10
386.6145641666667
 20
308.5808605555555
 30
0.0
 10
387.6055169444444
 20
308.7120938888888
 30
0.0
 10
387.7353391666666
 20
307.7179661111111
 30
0.0
 10
387.8651613888889
 20
306.7238383333333
 30
0.0
 10
387.9949836111111
 20
305.7297105555555
 30
0.0
 10
388.0419030555555
 20
305.3945716666666
 30
0.0
 10
388.0919974999999
 20
304.6170494444444
 30
0.0
 10
388.2722669444444
 20
303.2493299999999
 30
0.0
 10
388.4454808333333
 20
301.9306466666666
 30
0.0
 10
389.004633611111
 20
300.8970077777777
 30
0.0
 10
389.0907113888889
 20
300.8356244444444
 30
0.0
 10
390.0026419444444
 20
301.0102494444444
 30
0.0
 10
390.9145725
 20
301.1845216666666
 30
0.0
 10
391.8265030555555
 20
301.3591466666666
 30
0.0
 10
394.1244975
 20
304.0324966666666
 30
0.0
 10
392.7024502777777
 20
308.2520716666666
 30
0.0
 10
391.5365197222222
 20
314.3053855555555
 30
0.0
 10
390.6965558333333
 20
318.6466688888888
 30
0.0
 10
388.6038780555555
 20
323.1840966666666
 30
0.0
 10
391.0052363888889
 20
329.107941111111
 30
0.0
 10
391.4112836111111
 20
330.1084188888888
 30
0.0
 10
389.2519308333333
 20
331.9276938888888
 30
0.0
 10
386.1788836111111
 20
333.173705
 30
0.0
 10
386.1231447222222
 20
333.1962827777778
 30
0.0
 10
385.2923530555556
 20
332.3302133333333
 30
0.0
 10
384.7695363888889
 20
331.0496299999999
 30
0.0
 10
384.2484836111111
 20
329.7651661111111
 30
0.0
 10
384.0029502777778
 20
329.0271549999999
 30
0.0
 10
383.8710113888889
 20
328.7114188888888
 30
0.0
 10
383.4953030555556
 20
327.7850244444444
 30
0.0
 10
383.1199475
 20
326.8589827777777
 30
0.0
 10
382.7442391666667
 20
325.9325883333333
 30
0.0
 10
381.8178447222222
 20
326.3079438888889
 30
0.0
 10
380.8914502777777
 20
326.6836522222222
 30
0.0
 10
379.9650558333333
 20
327.0590077777777
 30
0.0
 10
380.3425280555556
 20
327.9871661111111
 30
0.0
 10
380.7203530555555
 20
328.9149716666666
 30
0.0
 10
381.0978252777778
 20
329.84313
 30
0.0
 10
381.2220030555555
 20
330.1585133333333
 30
0.0
 10
381.5627863888888
 20
330.8577188888888
 30
0.0
 10
382.0820752777777
 20
332.1393605555555
 30
0.0
 10
382.5816086111111
 20
333.3719661111111
 30
0.0
 10
382.6048919444444
 20
334.5463633333333
 30
0.0
 10
382.5593836111111
 20
334.6409077777777
 30
0.0
 10
381.1013530555555
 20
335.2321633333333
 30
0.0
 10
379.5893475
 20
334.900905
 30
0.0
 10
379.1836530555555
 20
333.9007799999999
 30
0.0
 10
378.2413836111111
 20
331.5763272222222
 30
0.0
 10
377.3830752777777
 20
329.3090244444444
 30
0.0
 10
376.5342919444444
 20
327.3652188888888
 30
0.0
 10
374.0232197222222
 20
321.5980077777778
 30
0.0
 10
375.8608391666666
 20
314.9689605555555
 30
0.0
 10
378.1080336111111
 20
309.9616327777778
 30
0.0
 10
379.8736863888888
 20
306.027455
 30
0.0
 10
381.8922808333332
 20
303.0941077777778
 30
0.0
 10
382.2538780555555
 20
302.3663272222221
 30
0.0
 10
383.1538141666666
 20
300.8592605555555
 30
0.0
 10
382.5477419444445
 20
299.9173438888889
 30
0.0
 10
385.2182697222222
 20
300.3269188888888
 30
0.0
  0
POLYLINE
  5
1F5
330
1F
100
AcDbEntity
  8
DEFAULT
 62
    18
100
AcDb2dPolyline
 66
     1
 10
0.0
 20
0.0
 30
0.0
  0
VERTEX
  5
1F6
330
1F5
100
AcDbEntity
  8
DEFAULT
 62
    18
100
AcDbVertex
100
AcDb2dVertex
 10
379.2138155555556
 20
325.2056897222222
 30
0.0
  0
VERTEX
  5
1F7
330
1F5
100
AcDbEntity
  8
DEFAULT
 62
    18
100
AcDbVertex
100
AcDb2dVertex
 10
381.9929988888889
 20
324.0789175
 30
0.0
  0
SEQEND
  5
1F8
330
1F5
100
AcDbEntity
  8
DEFAULT
 62
    18
  0
SPLINE
  5
1F9
330
1F
100
AcDbEntity
  8
DEFAULT
 62
     1
100
AcDbSpline
210
0.0
220
0.0
230
1.0
 70
     8
 71
     3
 72
    71
 73
    67
 74
     0
 42
0.000000001
 43
0.0000000001
 40
0.0
 40
0.0
 40
0.0
 40
0.0
 40
1.0
 40
1.0
 40
1.0
 40
2.0
 40
2.0
 40
2.0
 40
3.0
 40
3.0
 40
3.0
 40
4.0
 40
4.0
 40
4.0
 40
5.0
 40
5.0
 40
5.0
 40
6.0
 40
6.0
 40
6.0
 40
7.0
 40
7.0
 40
7.0
 40
8.0
 40
8.0
 40
8.0
 40
9.0
 40
9.0
 40
9.0
 40
10.0
 40
10.0
 40
10.0
 40
11.0
 40
11.0
 40
11.0
 40
12.0
 40
12.0
 40
12.0
 40
13.0
 40
13.0
 40
13.0
 40
14.0
 40
14.0
 40
14.0
 40
15.0
 40
15.0
 40
15.0
 40
16.0
 40
16.0
 40
16.0
 40
17.0
 40
17.0
 40
17.0
 40
18.0
 40
18.0
 40
18.0
 40
19.0
 40
19.0
 40
19.0
 40
20.0
 40
20.0
 40
20.0
 40
21.0
 40
21.0
 40
21.0
 40
22.0
 40
22.0
 40
22.0
 40
22.0
 10
376.5342213888889
 20
327.3652541666667
 30
0.0
 10
377.1000769444445
 20
328.2845930555555
 30
0.0
 10
375.2723352777778
 20
330.4372430555555
 30
0.0
 10
372.4483491666666
 20
332.1753791666666
 30
0.0
 10
372.3971963888889
 20
332.2067763888889
 30
0.0
 10
371.4344658333334
 20
331.4902847222222
 30
0.0
 10
370.7063325
 20
330.3148291666666
 30
0.0
 10
369.9799630555556
 20
329.1340819444445
 30
0.0
 10
369.6151908333333
 20
328.4472236111111
 30
0.0
 10
369.4324519444444
 20
328.1575930555555
 30
0.0
 10
368.9085769444445
 20
327.3063402777777
 30
0.0
 10
368.3843491666667
 20
326.4554402777778
 30
0.0
 10
367.8604741666667
 20
325.6041875
 30
0.0
 10
367.0092213888889
 20
326.1280625
 30
0.0
 10
366.1583213888889
 20
326.6522902777778
 30
0.0
 10
365.3070686111111
 20
327.1761652777778
 30
0.0
 10
365.8330602777777
 20
328.0288291666666
 30
0.0
 10
366.3594047222222
 20
328.8811402777778
 30
0.0
 10
366.8853963888889
 20
329.7338041666667
 30
0.0
 10
367.0603741666666
 20
330.0241402777778
 30
0.0
 10
367.5122825
 20
330.6573763888888
 30
0.0
 10
368.2368880555555
 20
331.8345958333333
 30
0.0
 10
368.9343297222223
 20
332.9673652777778
 30
0.0
 10
369.1519936111112
 20
334.1216541666666
 30
0.0
 10
369.1227130555556
 20
334.2225486111111
 30
0.0
 10
367.7828630555555
 20
335.0473430555555
 30
0.0
 10
366.2369908333333
 20
334.9718486111111
 30
0.0
 10
365.6707825
 20
334.0525097222222
 30
0.0
 10
364.3559797222222
 20
331.9164402777777
 30
0.0
 10
363.1336047222222
 20
329.8230569444444
 30
0.0
 10
361.9743769444445
 20
328.0471736111111
 30
0.0
 10
358.7506936111111
 20
323.0973486111111
 30
0.0
 10
360.2302436111111
 20
316.6161152777777
 30
0.0
 10
362.4792019444445
 20
311.3431458333333
 30
0.0
 10
364.5069686111111
 20
306.5880541666667
 30
0.0
 10
367.1609158333334
 20
302.8158013888889
 30
0.0
 10
367.5567325
 20
302.0347513888889
 30
0.0
 10
368.4686630555555
 20
300.5347402777778
 30
0.0
 10
367.8696463888889
 20
299.5882375
 30
0.0
 10
370.5369991666666
 20
300.0189791666666
 30
0.0
 10
370.5966186111111
 20
300.0256819444444
 30
0.0
 10
370.8837797222222
 20
301.1905541666666
 30
0.0
 10
370.6950436111111
 20
302.5632125
 30
0.0
 10
370.5034852777778
 20
303.9369291666666
 30
0.0
 10
370.3457936111112
 20
304.6975180555555
 30
0.0
 10
370.3020491666667
 20
305.0372430555555
 30
0.0
 10
370.1641130555556
 20
306.0267847222222
 30
0.0
 10
370.0261769444444
 20
307.0163263888888
 30
0.0
 10
369.8882408333333
 20
308.0058680555555
 30
0.0
 10
370.8781352777778
 20
308.1448625
 30
0.0
 10
371.8676769444444
 20
308.2838569444444
 30
0.0
 10
372.8575713888889
 20
308.4228513888889
 30
0.0
 10
372.9955075
 20
307.4297819444444
 30
0.0
 10
373.1330908333333
 20
306.4363597222222
 30
0.0
 10
373.2710269444444
 20
305.4432902777778
 30
0.0
 10
373.3207686111111
 20
305.1088569444444
 30
0.0
 10
373.3768602777778
 20
304.3313347222222
 30
0.0
 10
373.5680658333334
 20
302.9653791666667
 30
0.0
 10
373.7515102777778
 20
301.6481069444444
 30
0.0
 10
374.3191297222222
 20
300.6187013888889
 30
0.0
 10
374.4052075
 20
300.5580236111111
 30
0.0
 10
375.3157269444445
 20
300.7397041666666
 30
0.0
 10
376.2265991666666
 20
300.9217375
 30
0.0
 10
377.1371186111111
 20
301.1034180555556
 30
0.0
 10
378.7094491666667
 20
303.7845291666667
 30
0.0
 10
379.3451547222223
 20
305.8207625
 30
0.0
 10
378.1079630555556
 20
309.9616680555555
 30
0.0
  0
POLYLINE
  5
1FA
330
1F
100
AcDbEntity
  8
DEFAULT
 62
    18
100
AcDb2dPolyline
 66
     1
 10
0.0
 20
0.0
 30
0.0
  0
VERTEX
  5
1FB
330
1FA
100
AcDbEntity
  8
DEFAULT
 62
    18
100
AcDbVertex
100
AcDb2dVertex
 10
364.2586483333332
 20
325.4728483333333
 30
0.0
  0
VERTEX
  5
1FC
330
1FA
100
AcDbEntity
  8
DEFAULT
 62
    18
100
AcDbVertex
100
AcDb2dVertex
 10
366.8120538888889
 20
323.9008705555555
 30
0.0
  0
SEQEND
  5
1FD
330
1FA
100
AcDbEntity
  8
DEFAULT
 62
    18
  0
POLYLINE
  5
1FE
330
1F
100
AcDbEntity
  8
DEFAULT
 62
    18
100
AcDb2dPolyline
 66
     1
 10
0.0
 20
0.0
 30
0.0
  0
VERTEX
  5
1FF
330
1FE
100
AcDbEntity
  8
DEFAULT
 62
    18
100
AcDbVertex
100
AcDb2dVertex
 10
363.7343147222221
 20
324.6212427777776
 30
0.0
  0
VERTEX
  5
200
330
1FE
100
AcDbEntity
  8
DEFAULT
 62
    18
100
AcDbVertex
100
AcDb2dVertex
 10
366.2877202777777
 20
323.0492649999998
 30
0.0
  0
SEQEND
  5
201
330
1FE
100
AcDbEntity
  8
DEFAULT
 62
    18
  0
SPLINE
  5
202
330
1F
100
AcDbEntity
  8
DEFAULT
 62
     1
100
AcDbSpline
210
0.0
220
0.0
230
1.0
 70
     8
 71
     3
 72
    68
 73
    64
 74
     0
 42
0.000000001
 43
0.0000000001
 40
0.0
 40
0.0
 40
0.0
 40
0.0
 40
1.0
 40
1.0
 40
1.0
 40
2.0
 40
2.0
 40
2.0
 40
3.0
 40
3.0
 40
3.0
 40
4.0
 40
4.0
 40
4.0
 40
5.0
 40
5.0
 40
5.0
 40
6.0
 40
6.0
 40
6.0
 40
7.0
 40
7.0
 40
7.0
 40
8.0
 40
8.0
 40
8.0
 40
9.0
 40
9.0
 40
9.0
 40
10.0
 40
10.0
 40
10.0
 40
11.0
 40
11.0
 40
11.0
 40
12.0
 40
12.0
 40
12.0
 40
13.0
 40
13.0
 40
13.0
 40
14.0
 40
14.0
 40
14.0
 40
15.0
 40
15.0
 40
15.0
 40
16.0
 40
16.0
 40
16.0
 40
17.0
 40
17.0
 40
17.0
 40
18.0
 40
18.0
 40
18.0
 40
19.0
 40
19.0
 40
19.0
 40
20.0
 40
20.0
 40
20.0
 40
21.0
 40
21.0
 40
21.0
 40
21.0
 10
361.9742005555556
 20
328.0470325
 30
0.0
 10
362.4539783333333
 20
329.0048241666667
 30
0.0
 10
361.5110033333333
 20
331.3352741666666
 30
0.0
 10
359.2041894444445
 20
333.7179352777778
 30
0.0
 10
359.1625616666666
 20
333.7609741666666
 30
0.0
 10
358.0527227777778
 20
333.3048325
 30
0.0
 10
357.0568311111111
 20
332.3456297222222
 30
0.0
 10
356.0602338888889
 20
331.3811352777778
 30
0.0
 10
355.5370644444445
 20
330.8057547222222
 30
0.0
 10
355.2890616666666
 20
330.5704519444444
 30
0.0
 10
354.5708061111111
 20
329.8751269444444
 30
0.0
 10
353.8525505555555
 20
329.1801547222222
 30
0.0
 10
353.134295
 20
328.4848297222222
 30
0.0
 10
352.43897
 20
329.2030852777777
 30
0.0
 10
351.7439977777777
 20
329.9209880555555
 30
0.0
 10
351.0486727777778
 20
330.6392436111111
 30
0.0
 10
351.7693977777778
 20
331.3352741666666
 30
0.0
 10
352.48977
 20
332.0313047222222
 30
0.0
 10
353.210495
 20
332.7273352777778
 30
0.0
 10
353.4514422222222
 20
332.9651075
 30
0.0
 10
354.0458727777777
 20
333.4671102777777
 30
0.0
 10
355.0396477777778
 20
334.4291352777777
 30
0.0
 10
355.99497
 20
335.3541186111111
 30
0.0
 10
356.4913283333333
 20
336.4188019444444
 30
0.0
 10
356.4878005555555
 20
336.5235769444444
 30
0.0
 10
355.3938366666666
 20
337.6542297222222
 30
0.0
 10
353.8768922222222
 20
337.9629102777777
 30
0.0
 10
353.1011338888889
 20
337.2121991666667
 30
0.0
 10
351.2987922222222
 20
335.4677130555555
 30
0.0
 10
349.5969922222222
 20
333.7412186111111
 30
0.0
 10
348.0345394444444
 20
332.3071769444444
 30
0.0
 10
339.7682505555555
 20
324.7019936111111
 30
0.0
 10
350.3505255555556
 20
306.7106797222222
 30
0.0
 10
351.0589033333333
 20
305.0049991666667
 30
0.0
 10
351.8554755555555
 20
303.4407825
 30
0.0
 10
351.1869616666667
 20
302.5419047222222
 30
0.0
 10
353.8793616666666
 20
302.7708575
 30
0.0
 10
353.9393338888889
 20
302.7729741666666
 30
0.0
 10
354.3129255555555
 20
303.9131519444445
 30
0.0
 10
354.2282588888889
 20
305.2956880555556
 30
0.0
 10
354.1404172222222
 20
306.6803408333333
 30
0.0
 10
354.0405811111111
 20
307.4504547222222
 30
0.0
 10
354.0222366666666
 20
307.7926491666666
 30
0.0
 10
353.9590894444444
 20
308.7895991666667
 30
0.0
 10
353.8959422222222
 20
309.7865491666666
 30
0.0
 10
353.832795
 20
310.7834991666666
 30
0.0
 10
354.8304505555556
 20
310.8477047222222
 30
0.0
 10
355.8277533333333
 20
310.9119102777777
 30
0.0
 10
356.8254088888889
 20
310.9761158333333
 30
0.0
 10
356.8882033333333
 20
309.9756380555555
 30
0.0
 10
356.950645
 20
308.9748075
 30
0.0
 10
357.0134394444444
 20
307.9743297222222
 30
0.0
 10
357.0377811111111
 20
307.6370741666667
 30
0.0
 10
357.0353116666666
 20
306.8574352777778
 30
0.0
 10
357.1231533333333
 20
305.4808963888889
 30
0.0
 10
357.2071144444444
 20
304.1537463888889
 30
0.0
 10
357.6957116666666
 20
303.0844769444444
 30
0.0
 10
357.7768505555555
 20
303.0174491666666
 30
0.0
 10
358.6986588888889
 20
303.1303380555555
 30
0.0
 10
359.6201144444444
 20
303.2428741666666
 30
0.0
 10
360.5419227777778
 20
303.3557630555555
 30
0.0
 10
362.3527311111112
 20
306.6440047222222
 30
0.0
 10
363.1172005555555
 20
307.6434241666666
 30
0.0
 10
362.4793783333333
 20
311.3430047222222
 30
0.0
  0
POLYLINE
  5
203
330
1F
100
AcDbEntity
  8
DEFAULT
 62
    18
100
AcDb2dPolyline
 66
     1
 10
0.0
 20
0.0
 30
0.0
  0
VERTEX
  5
204
330
203
100
AcDbEntity
  8
DEFAULT
 62
    18
100
AcDbVertex
100
AcDb2dVertex
 10
349.6118441666666
 20
329.2479938888887
 30
0.0
  0
VERTEX
  5
205
330
203
100
AcDbEntity
  8
DEFAULT
 62
    18
100
AcDbVertex
100
AcDb2dVertex
 10
351.6974663888888
 20
327.0935799999999
 30
0.0
  0
SEQEND
  5
206
330
203
100
AcDbEntity
  8
DEFAULT
 62
    18
  0
POLYLINE
  5
207
330
1F
100
AcDbEntity
  8
DEFAULT
 62
    18
100
AcDb2dPolyline
 66
     1
 10
0.0
 20
0.0
 30
0.0
  0
VERTEX
  5
208
330
207
100
AcDbEntity
  8
DEFAULT
 62
    18
100
AcDbVertex
100
AcDb2dVertex
 10
348.8932005555554
 20
328.5524219444443
 30
0.0
  0
VERTEX
  5
209
330
207
100
AcDbEntity
  8
DEFAULT
 62
    18
100
AcDbVertex
100
AcDb2dVertex
 10
350.9788227777777
 20
326.3980080555555
 30
0.0
  0
SEQEND
  5
20A
330
207
100
AcDbEntity
  8
DEFAULT
 62
    18
  0
POLYLINE
  5
20B
330
1F
100
AcDbEntity
  8
DEFAULT
 62
    18
100
AcDb2dPolyline
 66
     1
 10
0.0
 20
0.0
 30
0.0
  0
VERTEX
  5
20C
330
20B
100
AcDbEntity
  8
DEFAULT
 62
    18
100
AcDbVertex
100
AcDb2dVertex
 10
348.1749097222221
 20
327.8568499999999
 30
0.0
  0
VERTEX
  5
20D
330
20B
100
AcDbEntity
  8
DEFAULT
 62
    18
100
AcDbVertex
100
AcDb2dVertex
 10
350.2605319444444
 20
325.702436111111
 30
0.0
  0
SEQEND
  5
20E
330
20B
100
AcDbEntity
  8
DEFAULT
 62
    18
  0
SPLINE
  5
20F
330
1F
100
AcDbEntity
  8
DEFAULT
 62
     1
100
AcDbSpline
210
0.0
220
0.0
230
1.0
 70
    11
 71
     3
 72
    77
 73
    73
 74
     0
 42
0.000000001
 43
0.0000000001
 40
1.0
 40
1.0
 40
1.0
 40
1.0
 40
2.0
 40
2.0
 40
2.0
 40
3.0
 40
3.0
 40
3.0
 40
4.0
 40
4.0
 40
4.0
 40
5.0
 40
5.0
 40
5.0
 40
6.0
 40
6.0
 40
6.0
 40
7.0
 40
7.0
 40
7.0
 40
15.5
 40
15.5
 40
15.5
 40
35.34000000000003
 40
35.34000000000003
 40
35.34000000000003
 40
36.34000000000003
 40
36.34000000000003
 40
36.34000000000003
 40
37.34000000000003
 40
37.34000000000003
 40
37.34000000000003
 40
38.34000000000003
 40
38.34000000000003
 40
38.34000000000003
 40
39.34000000000003
 40
39.34000000000003
 40
39.34000000000003
 40
40.34000000000003
 40
40.34000000000003
 40
40.34000000000003
 40
41.34000000000003
 40
41.34000000000003
 40
41.34000000000003
 40
42.34000000000003
 40
42.34000000000003
 40
42.34000000000003
 40
43.34000000000003
 40
43.34000000000003
 40
43.34000000000003
 40
44.34000000000003
 40
44.34000000000003
 40
44.34000000000003
 40
45.34000000000003
 40
45.34000000000003
 40
45.34000000000003
 40
53.84000000000003
 40
53.84000000000003
 40
53.84000000000003
 40
62.34000000000003
 40
62.34000000000003
 40
62.34000000000003
 40
63.34000000000003
 40
63.34000000000003
 40
63.34000000000003
 40
64.34000000000003
 40
64.34000000000003
 40
64.34000000000003
 40
65.34000000000003
 40
65.34000000000003
 40
65.34000000000003
 40
66.34000000000003
 40
66.34000000000003
 40
66.34000000000003
 40
66.34000000000003
 10
239.0151641666666
 20
396.084566111111
 30
0.0
 10
228.0257836111111
 20
393.1536883333333
 30
0.0
 10
223.2160113888889
 20
397.6152688888888
 30
0.0
 10
220.9194280555555
 20
395.0364633333332
 30
0.0
 10
218.6231975
 20
392.4576577777777
 30
0.0
 10
213.8134252777778
 20
396.9188855555555
 30
0.0
 10
202.8236919444444
 20
393.9883605555555
 30
0.0
 10
202.0966169444444
 20
393.7710494444444
 30
0.0
 10
203.2223308333333
 20
393.163566111111
 30
0.0
 10
202.9189419444444
 20
391.1985938888889
 30
0.0
 10
202.9894975
 20
391.1209827777777
 30
0.0
 10
204.0866363888888
 20
390.7047049999999
 30
0.0
 10
205.4166086111111
 20
390.7047049999999
 30
0.0
 10
206.7994974999999
 20
390.7047049999999
 30
0.0
 10
207.5756086111111
 20
390.7576216666666
 30
0.0
 10
207.9142752777778
 20
390.7540938888889
 30
0.0
 10
210.2496641666666
 20
390.7551522222222
 30
0.0
 10
212.5850530555555
 20
390.7565633333332
 30
0.0
 10
214.9204419444444
 20
390.7576216666666
 30
0.0
 10
214.9204419444444
 20
389.7580846296296
 30
0.0
 10
214.9204419444444
 20
388.7585475925925
 30
0.0
 10
214.9204419444444
 20
387.7590105555555
 30
0.0
 10
212.5874049074074
 20
387.7590105555555
 30
0.0
 10
210.2543678703704
 20
387.7590105555555
 30
0.0
 10
207.9213308333333
 20
387.7590105555555
 30
0.0
 10
207.5791363888889
 20
387.7554827777777
 30
0.0
 10
206.8030252777777
 20
387.8048716666666
 30
0.0
 10
205.4166086111111
 20
387.8048716666666
 30
0.0
 10
204.0337197222222
 20
387.8013438888888
 30
0.0
 10
202.9189419444444
 20
387.3568438888888
 30
0.0
 10
202.9189419444444
 20
387.2968716666666
 30
0.0
 10
203.2223308333333
 20
385.3318994444444
 30
0.0
 10
202.0966169444444
 20
384.7244161111111
 30
0.0
 10
202.8236919444444
 20
384.5074577777777
 30
0.0
 10
213.8134252777778
 20
381.5765799999999
 30
0.0
 10
218.6231975
 20
386.0378077777777
 30
0.0
 10
220.9194280555555
 20
383.4590022222222
 30
0.0
 10
223.2160113888889
 20
380.8801966666666
 30
0.0
 10
228.0257836111111
 20
385.3417772222222
 30
0.0
 10
239.0151641666666
 20
382.4108994444444
 30
0.0
 10
239.4914141666666
 20
382.2556772222221
 30
0.0
 10
239.5478586111111
 20
382.5555383333333
 30
0.0
 10
239.4490808333333
 20
383.1482049999999
 30
0.0
 10
239.3044419444444
 20
384.0477883333333
 30
0.0
 10
238.8105530555555
 20
385.6176494444443
 30
0.0
 10
238.9199141666666
 20
387.2757049999999
 30
0.0
 10
238.8493586111111
 20
387.353316111111
 30
0.0
 10
237.7522197222222
 20
387.8119272222222
 30
0.0
 10
236.4222474999999
 20
387.8119272222222
 30
0.0
 10
235.0393586111111
 20
387.8119272222222
 30
0.0
 10
234.2632474999999
 20
387.7590105555555
 30
0.0
 10
233.9245808333333
 20
387.7625383333333
 30
0.0
 10
232.9226919444444
 20
387.7614799999999
 30
0.0
 10
231.9208030555555
 20
387.7600688888888
 30
0.0
 10
230.9189141666666
 20
387.7590105555555
 30
0.0
 10
230.9189141666666
 20
388.7585475925925
 30
0.0
 10
230.9189141666666
 20
389.7580846296296
 30
0.0
 10
230.9189141666666
 20
390.7576216666666
 30
0.0
 10
231.9184512037036
 20
390.7576216666666
 30
0.0
 10
232.9179882407407
 20
390.7576216666666
 30
0.0
 10
233.9175252777777
 20
390.7576216666666
 30
0.0
 10
234.2597197222222
 20
390.7611494444444
 30
0.0
 10
235.0358308333333
 20
390.7117605555555
 30
0.0
 10
236.4222474999999
 20
390.7117605555555
 30
0.0
 10
237.8051363888889
 20
390.7152883333333
 30
0.0
 10
238.9199141666666
 20
391.1597883333333
 30
0.0
 10
238.9199141666666
 20
391.2197605555555
 30
0.0
 10
238.8105530555555
 20
392.8813438888889
 30
0.0
 10
239.3044419444444
 20
394.4476772222221
 30
0.0
 10
239.4490808333333
 20
395.3472605555555
 30
0.0
 10
239.5478586111111
 20
395.9399272222221
 30
0.0
 10
239.4914141666666
 20
396.2397883333333
 30
0.0
 10
239.0151641666666
 20
396.084566111111
 30
0.0
  0
SPLINE
  5
210
330
1F
100
AcDbEntity
  8
DEFAULT
 62
     1
100
AcDbSpline
210
0.0
220
0.0
230
1.0
 70
     8
 71
     3
 72
    71
 73
    67
 74
     0
 42
0.000000001
 43
0.0000000001
 40
0.0
 40
0.0
 40
0.0
 40
0.0
 40
1.0
 40
1.0
 40
1.0
 40
2.0
 40
2.0
 40
2.0
 40
3.0
 40
3.0
 40
3.0
 40
4.0
 40
4.0
 40
4.0
 40
5.0
 40
5.0
 40
5.0
 40
13.5
 40
13.5
 40
13.5
 40
22.0
 40
22.0
 40
22.0
 40
23.0
 40
23.0
 40
23.0
 40
24.0
 40
24.0
 40
24.0
 40
25.0
 40
25.0
 40
25.0
 40
26.0
 40
26.0
 40
26.0
 40
27.0
 40
27.0
 40
27.0
 40
28.0
 40
28.0
 40
28.0
 40
29.0
 40
29.0
 40
29.0
 40
30.0
 40
30.0
 40
30.0
 40
31.0
 40
31.0
 40
31.0
 40
32.0
 40
32.0
 40
32.0
 40
40.5
 40
40.5
 40
40.5
 40
60.34000000000003
 40
60.34000000000003
 40
60.34000000000003
 40
61.34000000000003
 40
61.34000000000003
 40
61.34000000000003
 40
62.34000000000003
 40
62.34000000000003
 40
62.34000000000003
 40
63.34000000000003
 40
63.34000000000003
 40
63.34000000000003
 40
63.34000000000003
 10
202.8237272222222
 20
384.5073166666666
 30
0.0
 10
202.3474772222222
 20
384.6625388888889
 30
0.0
 10
202.2910327777778
 20
384.3626777777777
 30
0.0
 10
202.3898105555555
 20
383.7700111111111
 30
0.0
 10
202.5344494444444
 20
382.8704277777777
 30
0.0
 10
203.0283383333333
 20
381.3005666666667
 30
0.0
 10
202.9189772222222
 20
379.6425111111111
 30
0.0
 10
202.9895327777778
 20
379.5649
 30
0.0
 10
204.0866716666667
 20
379.1062888888889
 30
0.0
 10
205.4166438888889
 20
379.1062888888889
 30
0.0
 10
206.7995327777778
 20
379.1062888888889
 30
0.0
 10
207.5756438888889
 20
379.1592055555555
 30
0.0
 10
207.9143105555555
 20
379.1556777777777
 30
0.0
 10
208.9161994444444
 20
379.1567361111111
 30
0.0
 10
209.9180883333333
 20
379.1581472222222
 30
0.0
 10
210.9199772222222
 20
379.1592055555555
 30
0.0
 10
210.9199772222222
 20
378.1596685185185
 30
0.0
 10
210.9199772222222
 20
377.1601314814814
 30
0.0
 10
210.9199772222222
 20
376.1605944444444
 30
0.0
 10
209.9204401851852
 20
376.1605944444444
 30
0.0
 10
208.9209031481481
 20
376.1605944444444
 30
0.0
 10
207.9213661111111
 20
376.1605944444444
 30
0.0
 10
207.5791716666667
 20
376.1570666666666
 30
0.0
 10
206.8030605555555
 20
376.2064555555555
 30
0.0
 10
205.4166438888889
 20
376.2064555555555
 30
0.0
 10
204.033755
 20
376.2029277777777
 30
0.0
 10
202.9189772222222
 20
375.7584277777777
 30
0.0
 10
202.9189772222222
 20
375.6984555555555
 30
0.0
 10
203.0283383333333
 20
374.0368722222221
 30
0.0
 10
202.5344494444444
 20
372.4705388888889
 30
0.0
 10
202.3898105555555
 20
371.5709555555555
 30
0.0
 10
202.2910327777778
 20
370.9782888888889
 30
0.0
 10
202.3474772222222
 20
370.6784277777778
 30
0.0
 10
202.8237272222222
 20
370.83365
 30
0.0
 10
213.8131077777777
 20
373.7645277777777
 30
0.0
 10
218.6232327777777
 20
369.3029472222222
 30
0.0
 10
220.9194633333333
 20
371.8817527777778
 30
0.0
 10
223.2160466666666
 20
374.4605583333333
 30
0.0
 10
228.0258188888889
 20
369.9993305555555
 30
0.0
 10
239.0151994444444
 20
372.9302083333333
 30
0.0
 10
239.7422744444444
 20
373.1471666666666
 30
0.0
 10
238.6165605555555
 20
373.75465
 30
0.0
 10
238.9199494444445
 20
375.7196222222221
 30
0.0
 10
238.8493938888889
 20
375.7975861111111
 30
0.0
 10
237.752255
 20
376.2135111111111
 30
0.0
 10
236.4222827777778
 20
376.2135111111111
 30
0.0
 10
235.0393938888889
 20
376.2135111111111
 30
0.0
 10
234.2632827777778
 20
376.1605944444444
 30
0.0
 10
233.9246161111111
 20
376.1641222222221
 30
0.0
 10
231.5892272222222
 20
376.1630638888889
 30
0.0
 10
229.2538383333333
 20
376.1616527777778
 30
0.0
 10
226.9184494444444
 20
376.1605944444444
 30
0.0
 10
226.9184494444444
 20
377.1601314814814
 30
0.0
 10
226.9184494444444
 20
378.1596685185185
 30
0.0
 10
226.9184494444444
 20
379.1592055555555
 30
0.0
 10
229.2514864814815
 20
379.1592055555555
 30
0.0
 10
231.5845235185185
 20
379.1592055555555
 30
0.0
 10
233.9175605555555
 20
379.1592055555555
 30
0.0
 10
234.259755
 20
379.1627333333333
 30
0.0
 10
235.0358661111111
 20
379.1133444444444
 30
0.0
 10
236.4222827777778
 20
379.1133444444444
 30
0.0
 10
237.8051716666666
 20
379.1168722222222
 30
0.0
 10
238.9199494444445
 20
379.5613722222222
 30
0.0
 10
238.9199494444445
 20
379.6213444444444
 30
0.0
 10
238.6165605555555
 20
381.5863166666666
 30
0.0
 10
239.7422744444444
 20
382.1938
 30
0.0
 10
239.0151994444444
 20
382.4111111111111
 30
0.0
  0
SPLINE
  5
211
330
1F
100
AcDbEntity
  8
DEFAULT
 62
     1
100
AcDbSpline
210
0.0
220
0.0
230
1.0
 70
     8
 71
     3
 72
    71
 73
    67
 74
     0
 42
0.000000001
 43
0.0000000001
 40
0.0
 40
0.0
 40
0.0
 40
0.0
 40
1.0
 40
1.0
 40
1.0
 40
2.0
 40
2.0
 40
2.0
 40
3.0
 40
3.0
 40
3.0
 40
4.0
 40
4.0
 40
4.0
 40
12.5
 40
12.5
 40
12.5
 40
32.33999999999992
 40
32.33999999999992
 40
32.33999999999992
 40
33.33999999999992
 40
33.33999999999992
 40
33.33999999999992
 40
34.33999999999992
 40
34.33999999999992
 40
34.33999999999992
 40
35.33999999999992
 40
35.33999999999992
 40
35.33999999999992
 40
36.33999999999992
 40
36.33999999999992
 40
36.33999999999992
 40
37.33999999999992
 40
37.33999999999992
 40
37.33999999999992
 40
38.33999999999992
 40
38.33999999999992
 40
38.33999999999992
 40
39.33999999999992
 40
39.33999999999992
 40
39.33999999999992
 40
40.33999999999992
 40
40.33999999999992
 40
40.33999999999992
 40
41.33999999999992
 40
41.33999999999992
 40
41.33999999999992
 40
42.33999999999992
 40
42.33999999999992
 40
42.33999999999992
 40
50.83999999999992
 40
50.83999999999992
 40
50.83999999999992
 40
59.33999999999992
 40
59.33999999999992
 40
59.33999999999992
 40
60.33999999999992
 40
60.33999999999992
 40
60.33999999999992
 40
61.33999999999992
 40
61.33999999999992
 40
61.33999999999992
 40
62.33999999999992
 40
62.33999999999992
 40
62.33999999999992
 40
63.33999999999992
 40
63.33999999999992
 40
63.33999999999992
 40
63.33999999999992
 10
202.8237272222222
 20
370.8337558333333
 30
0.0
 10
202.0966522222222
 20
370.6167975
 30
0.0
 10
203.2223661111111
 20
370.0093141666666
 30
0.0
 10
202.9189772222222
 20
368.0439891666666
 30
0.0
 10
202.9895327777778
 20
367.9667308333333
 30
0.0
 10
204.0866716666667
 20
367.5501002777777
 30
0.0
 10
205.4166438888889
 20
367.5501002777777
 30
0.0
 10
206.7995327777778
 20
367.5501002777777
 30
0.0
 10
207.5756438888889
 20
367.6033697222222
 30
0.0
 10
207.9143105555555
 20
367.5998419444444
 30
0.0
 10
210.2496994444444
 20
367.6009002777777
 30
0.0
 10
212.5850883333333
 20
367.6023113888888
 30
0.0
 10
214.9204772222222
 20
367.6033697222222
 30
0.0
 10
214.9204772222222
 20
366.6038326851851
 30
0.0
 10
214.9204772222222
 20
365.6042956481481
 30
0.0
 10
214.9204772222222
 20
364.6047586111111
 30
0.0
 10
212.5874401851852
 20
364.6047586111111
 30
0.0
 10
210.2544031481481
 20
364.6047586111111
 30
0.0
 10
207.9213661111111
 20
364.6047586111111
 30
0.0
 10
207.5791716666667
 20
364.6012308333333
 30
0.0
 10
206.8030605555555
 20
364.6506197222221
 30
0.0
 10
205.4166438888889
 20
364.6506197222221
 30
0.0
 10
204.033755
 20
364.6467391666666
 30
0.0
 10
202.9189772222222
 20
364.2025919444444
 30
0.0
 10
202.9189772222222
 20
364.1426197222222
 30
0.0
 10
203.2223661111111
 20
362.1772947222221
 30
0.0
 10
202.0966522222222
 20
361.5701641666666
 30
0.0
 10
202.8237272222222
 20
361.3528530555555
 30
0.0
 10
213.8131077777777
 20
358.4219752777777
 30
0.0
 10
218.6232327777777
 20
362.8835558333333
 30
0.0
 10
220.9194633333333
 20
360.3047502777777
 30
0.0
 10
223.2160466666666
 20
357.7259447222222
 30
0.0
 10
228.0258188888889
 20
362.1875252777777
 30
0.0
 10
239.0151994444444
 20
359.2566474999999
 30
0.0
 10
239.4914494444444
 20
359.1014252777778
 30
0.0
 10
239.5478938888889
 20
359.4012863888888
 30
0.0
 10
239.4491161111111
 20
359.9936002777777
 30
0.0
 10
239.3044772222222
 20
360.8935363888888
 30
0.0
 10
238.8105883333333
 20
362.4630447222222
 30
0.0
 10
238.9199494444445
 20
364.1214530555555
 30
0.0
 10
238.8493938888889
 20
364.1990641666666
 30
0.0
 10
237.752255
 20
364.6576752777777
 30
0.0
 10
236.4222827777778
 20
364.6576752777777
 30
0.0
 10
235.0393938888889
 20
364.6576752777777
 30
0.0
 10
234.2632827777778
 20
364.6047586111111
 30
0.0
 10
233.9246161111111
 20
364.6082863888889
 30
0.0
 10
232.9227272222222
 20
364.6072280555555
 30
0.0
 10
231.9208383333333
 20
364.6058169444444
 30
0.0
 10
230.9189494444444
 20
364.6047586111111
 30
0.0
 10
230.9189494444444
 20
365.6042956481481
 30
0.0
 10
230.9189494444444
 20
366.6038326851851
 30
0.0
 10
230.9189494444444
 20
367.6033697222222
 30
0.0
 10
231.9184864814814
 20
367.6033697222222
 30
0.0
 10
232.9180235185185
 20
367.6033697222222
 30
0.0
 10
233.9175605555555
 20
367.6033697222222
 30
0.0
 10
234.259755
 20
367.6068974999999
 30
0.0
 10
235.0358661111111
 20
367.5571558333333
 30
0.0
 10
236.4222827777778
 20
367.5571558333333
 30
0.0
 10
237.8051716666666
 20
367.5610363888888
 30
0.0
 10
238.9199494444445
 20
368.005183611111
 30
0.0
 10
238.9199494444445
 20
368.0651558333333
 30
0.0
 10
238.8105883333333
 20
369.7270919444444
 30
0.0
 10
239.3044772222222
 20
371.2934252777778
 30
0.0
 10
239.4491161111111
 20
372.1930086111111
 30
0.0
 10
239.5478938888889
 20
372.7856752777777
 30
0.0
 10
239.4914494444444
 20
373.0851836111111
 30
0.0
 10
239.0151994444444
 20
372.9299613888888
 30
0.0
  0
SPLINE
  5
212
330
1F
100
AcDbEntity
  8
DEFAULT
 62
     1
100
AcDbSpline
210
0.0
220
0.0
230
1.0
 70
     8
 71
     3
 72
    71
 73
    67
 74
     0
 42
0.000000001
 43
0.0000000001
 40
0.0
 40
0.0
 40
0.0
 40
0.0
 40
1.0
 40
1.0
 40
1.0
 40
2.0
 40
2.0
 40
2.0
 40
3.0
 40
3.0
 40
3.0
 40
4.0
 40
4.0
 40
4.0
 40
5.0
 40
5.0
 40
5.0
 40
13.5
 40
13.5
 40
13.5
 40
22.0
 40
22.0
 40
22.0
 40
23.0
 40
23.0
 40
23.0
 40
24.0
 40
24.0
 40
24.0
 40
25.0
 40
25.0
 40
25.0
 40
26.0
 40
26.0
 40
26.0
 40
27.0
 40
27.0
 40
27.0
 40
28.0
 40
28.0
 40
28.0
 40
29.0
 40
29.0
 40
29.0
 40
30.0
 40
30.0
 40
30.0
 40
31.0
 40
31.0
 40
31.0
 40
32.0
 40
32.0
 40
32.0
 40
40.5
 40
40.5
 40
40.5
 40
60.34000000000003
 40
60.34000000000003
 40
60.34000000000003
 40
61.34000000000003
 40
61.34000000000003
 40
61.34000000000003
 40
62.34000000000003
 40
62.34000000000003
 40
62.34000000000003
 40
63.34000000000003
 40
63.34000000000003
 40
63.34000000000003
 40
63.34000000000003
 10
202.8237272222222
 20
361.3529941666666
 30
0.0
 10
202.3474772222222
 20
361.5082163888889
 30
0.0
 10
202.2910327777778
 20
361.2083552777778
 30
0.0
 10
202.3898105555555
 20
360.6156886111111
 30
0.0
 10
202.5344494444444
 20
359.7161052777778
 30
0.0
 10
203.0283383333333
 20
358.1462441666666
 30
0.0
 10
202.9189772222222
 20
356.4881886111111
 30
0.0
 10
202.9895327777778
 20
356.4105775
 30
0.0
 10
204.0866716666667
 20
355.9519663888889
 30
0.0
 10
205.4166438888889
 20
355.9519663888889
 30
0.0
 10
206.7995327777778
 20
355.9519663888889
 30
0.0
 10
207.5756438888889
 20
356.0048830555556
 30
0.0
 10
207.9143105555555
 20
356.0013552777778
 30
0.0
 10
208.9161994444444
 20
356.0024136111111
 30
0.0
 10
209.9180883333333
 20
356.0038247222222
 30
0.0
 10
210.9199772222222
 20
356.0048830555556
 30
0.0
 10
210.9199772222222
 20
355.0053460185185
 30
0.0
 10
210.9199772222222
 20
354.0058089814815
 30
0.0
 10
210.9199772222222
 20
353.0062719444444
 30
0.0
 10
209.9204401851852
 20
353.0062719444444
 30
0.0
 10
208.9209031481481
 20
353.0062719444444
 30
0.0
 10
207.9213661111111
 20
353.0062719444444
 30
0.0
 10
207.5791716666667
 20
353.0027441666667
 30
0.0
 10
206.8030605555555
 20
353.0521330555555
 30
0.0
 10
205.4166438888889
 20
353.0521330555555
 30
0.0
 10
204.033755
 20
353.0486052777778
 30
0.0
 10
202.9189772222222
 20
352.6041052777778
 30
0.0
 10
202.9189772222222
 20
352.5441330555556
 30
0.0
 10
203.0283383333333
 20
350.8825497222222
 30
0.0
 10
202.5344494444444
 20
349.3162163888889
 30
0.0
 10
202.3898105555555
 20
348.4166330555556
 30
0.0
 10
202.2910327777778
 20
347.8239663888889
 30
0.0
 10
202.3474772222222
 20
347.5241052777778
 30
0.0
 10
202.8237272222222
 20
347.6793275
 30
0.0
 10
213.8131077777777
 20
350.6102052777778
 30
0.0
 10
218.6232327777777
 20
346.1486247222222
 30
0.0
 10
220.9194633333333
 20
348.7274302777778
 30
0.0
 10
223.2160466666666
 20
351.3062358333333
 30
0.0
 10
228.0258188888889
 20
346.8450080555555
 30
0.0
 10
239.0151994444444
 20
349.7758858333333
 30
0.0
 10
239.7422744444444
 20
349.9928441666667
 30
0.0
 10
238.6165605555555
 20
350.6003275
 30
0.0
 10
238.9199494444445
 20
352.5652997222222
 30
0.0
 10
238.8493938888889
 20
352.6429108333333
 30
0.0
 10
237.752255
 20
353.0591886111111
 30
0.0
 10
236.4222827777778
 20
353.0591886111111
 30
0.0
 10
235.0393938888889
 20
353.0591886111111
 30
0.0
 10
234.2632827777778
 20
353.0062719444444
 30
0.0
 10
233.9246161111111
 20
353.0097997222222
 30
0.0
 10
231.5892272222222
 20
353.0087413888889
 30
0.0
 10
229.2538383333333
 20
353.0073302777778
 30
0.0
 10
226.9184494444444
 20
353.0062719444444
 30
0.0
 10
226.9184494444444
 20
354.0058089814815
 30
0.0
 10
226.9184494444444
 20
355.0053460185185
 30
0.0
 10
226.9184494444444
 20
356.0048830555556
 30
0.0
 10
229.2514864814815
 20
356.0048830555556
 30
0.0
 10
231.5845235185185
 20
356.0048830555556
 30
0.0
 10
233.9175605555555
 20
356.0048830555556
 30
0.0
 10
234.259755
 20
356.0084108333334
 30
0.0
 10
235.0358661111111
 20
355.9590219444444
 30
0.0
 10
236.4222827777778
 20
355.9590219444444
 30
0.0
 10
237.8051716666666
 20
355.9625497222222
 30
0.0
 10
238.9199494444445
 20
356.4070497222222
 30
0.0
 10
238.9199494444445
 20
356.4670219444444
 30
0.0
 10
238.6165605555555
 20
358.4319941666666
 30
0.0
 10
239.7422744444444
 20
359.0394775
 30
0.0
 10
239.0151994444444
 20
359.2564358333333
 30
0.0
  0
SPLINE
  5
213
330
1F
100
AcDbEntity
  8
DEFAULT
 62
     1
100
AcDbSpline
210
0.0
220
0.0
230
1.0
 70
     8
 71
     3
 72
    71
 73
    67
 74
     0
 42
0.000000001
 43
0.0000000001
 40
0.0
 40
0.0
 40
0.0
 40
0.0
 40
1.0
 40
1.0
 40
1.0
 40
2.0
 40
2.0
 40
2.0
 40
3.0
 40
3.0
 40
3.0
 40
4.0
 40
4.0
 40
4.0
 40
12.5
 40
12.5
 40
12.5
 40
32.33999999999992
 40
32.33999999999992
 40
32.33999999999992
 40
33.33999999999992
 40
33.33999999999992
 40
33.33999999999992
 40
34.33999999999992
 40
34.33999999999992
 40
34.33999999999992
 40
35.33999999999992
 40
35.33999999999992
 40
35.33999999999992
 40
36.33999999999992
 40
36.33999999999992
 40
36.33999999999992
 40
37.33999999999992
 40
37.33999999999992
 40
37.33999999999992
 40
38.33999999999992
 40
38.33999999999992
 40
38.33999999999992
 40
39.33999999999992
 40
39.33999999999992
 40
39.33999999999992
 40
40.33999999999992
 40
40.33999999999992
 40
40.33999999999992
 40
41.33999999999992
 40
41.33999999999992
 40
41.33999999999992
 40
42.33999999999992
 40
42.33999999999992
 40
42.33999999999992
 40
50.83999999999992
 40
50.83999999999992
 40
50.83999999999992
 40
59.33999999999992
 40
59.33999999999992
 40
59.33999999999992
 40
60.33999999999992
 40
60.33999999999992
 40
60.33999999999992
 40
61.33999999999992
 40
61.33999999999992
 40
61.33999999999992
 40
62.33999999999992
 40
62.33999999999992
 40
62.33999999999992
 40
63.33999999999992
 40
63.33999999999992
 40
63.33999999999992
 40
63.33999999999992
 10
202.8237272222222
 20
347.6792569444444
 30
0.0
 10
202.0966522222222
 20
347.4622986111111
 30
0.0
 10
203.2223661111111
 20
346.8548152777777
 30
0.0
 10
202.9189772222222
 20
344.8898430555555
 30
0.0
 10
202.9895327777778
 20
344.8122319444444
 30
0.0
 10
204.0866716666667
 20
344.3959541666666
 30
0.0
 10
205.4166438888889
 20
344.3959541666666
 30
0.0
 10
206.7995327777778
 20
344.3959541666666
 30
0.0
 10
207.5756438888889
 20
344.4488708333333
 30
0.0
 10
207.9143105555555
 20
344.4453430555555
 30
0.0
 10
210.2496994444444
 20
344.4464013888889
 30
0.0
 10
212.5850883333333
 20
344.4478125
 30
0.0
 10
214.9204772222222
 20
344.4488708333333
 30
0.0
 10
214.9204772222222
 20
343.4493337962963
 30
0.0
 10
214.9204772222222
 20
342.4497967592592
 30
0.0
 10
214.9204772222222
 20
341.4502597222222
 30
0.0
 10
212.5874401851852
 20
341.4502597222222
 30
0.0
 10
210.2544031481481
 20
341.4502597222222
 30
0.0
 10
207.9213661111111
 20
341.4502597222222
 30
0.0
 10
207.5791716666667
 20
341.4467319444444
 30
0.0
 10
206.8030605555555
 20
341.4961208333333
 30
0.0
 10
205.4166438888889
 20
341.4961208333333
 30
0.0
 10
204.033755
 20
341.4925930555555
 30
0.0
 10
202.9189772222222
 20
341.0480930555555
 30
0.0
 10
202.9189772222222
 20
340.9881208333333
 30
0.0
 10
203.2223661111111
 20
339.0231486111111
 30
0.0
 10
202.0966522222222
 20
338.4156652777777
 30
0.0
 10
202.8237272222222
 20
338.1983541666667
 30
0.0
 10
213.8131077777777
 20
335.2674763888888
 30
0.0
 10
218.6232327777777
 20
339.7290569444444
 30
0.0
 10
220.9194633333333
 20
337.1502513888889
 30
0.0
 10
223.2160466666666
 20
334.5714458333333
 30
0.0
 10
228.0258188888889
 20
339.0330263888889
 30
0.0
 10
239.0151994444444
 20
336.1021486111111
 30
0.0
 10
239.4914494444444
 20
335.9469263888889
 30
0.0
 10
239.5478938888889
 20
336.2467875
 30
0.0
 10
239.4491161111111
 20
336.8394541666667
 30
0.0
 10
239.3044772222222
 20
337.7390375
 30
0.0
 10
238.8105883333333
 20
339.3088986111111
 30
0.0
 10
238.9199494444445
 20
340.9669541666667
 30
0.0
 10
238.8493938888889
 20
341.0445652777777
 30
0.0
 10
237.752255
 20
341.5031763888889
 30
0.0
 10
236.4222827777778
 20
341.5031763888889
 30
0.0
 10
235.0393938888889
 20
341.5031763888889
 30
0.0
 10
234.2632827777778
 20
341.4502597222222
 30
0.0
 10
233.9246161111111
 20
341.4537875
 30
0.0
 10
232.9227272222222
 20
341.4527291666666
 30
0.0
 10
231.9208383333333
 20
341.4513180555555
 30
0.0
 10
230.9189494444444
 20
341.4502597222222
 30
0.0
 10
230.9189494444444
 20
342.4497967592592
 30
0.0
 10
230.9189494444444
 20
343.4493337962963
 30
0.0
 10
230.9189494444444
 20
344.4488708333333
 30
0.0
 10
231.9184864814814
 20
344.4488708333333
 30
0.0
 10
232.9180235185185
 20
344.4488708333333
 30
0.0
 10
233.9175605555555
 20
344.4488708333333
 30
0.0
 10
234.259755
 20
344.4523986111111
 30
0.0
 10
235.0358661111111
 20
344.4030097222222
 30
0.0
 10
236.4222827777778
 20
344.4030097222222
 30
0.0
 10
237.8051716666666
 20
344.4065375
 30
0.0
 10
238.9199494444445
 20
344.8510375
 30
0.0
 10
238.9199494444445
 20
344.9110097222222
 30
0.0
 10
238.8105883333333
 20
346.5725930555556
 30
0.0
 10
239.3044772222222
 20
348.1389263888889
 30
0.0
 10
239.4491161111111
 20
349.0385097222222
 30
0.0
 10
239.5478938888889
 20
349.6311763888889
 30
0.0
 10
239.4914494444444
 20
349.9310375
 30
0.0
 10
239.0151994444444
 20
349.7758152777777
 30
0.0
  0
SPLINE
  5
214
330
1F
100
AcDbEntity
  8
DEFAULT
 62
     1
100
AcDbSpline
210
0.0
220
0.0
230
1.0
 70
     8
 71
     3
 72
    71
 73
    67
 74
     0
 42
0.000000001
 43
0.0000000001
 40
0.0
 40
0.0
 40
0.0
 40
0.0
 40
1.0
 40
1.0
 40
1.0
 40
2.0
 40
2.0
 40
2.0
 40
3.0
 40
3.0
 40
3.0
 40
4.0
 40
4.0
 40
4.0
 40
5.0
 40
5.0
 40
5.0
 40
13.5
 40
13.5
 40
13.5
 40
22.0
 40
22.0
 40
22.0
 40
23.0
 40
23.0
 40
23.0
 40
24.0
 40
24.0
 40
24.0
 40
25.0
 40
25.0
 40
25.0
 40
26.0
 40
26.0
 40
26.0
 40
27.0
 40
27.0
 40
27.0
 40
28.0
 40
28.0
 40
28.0
 40
29.0
 40
29.0
 40
29.0
 40
30.0
 40
30.0
 40
30.0
 40
31.0
 40
31.0
 40
31.0
 40
32.0
 40
32.0
 40
32.0
 40
40.5
 40
40.5
 40
40.5
 40
60.34000000000003
 40
60.34000000000003
 40
60.34000000000003
 40
61.34000000000003
 40
61.34000000000003
 40
61.34000000000003
 40
62.34000000000003
 40
62.34000000000003
 40
62.34000000000003
 40
63.34000000000003
 40
63.34000000000003
 40
63.34000000000003
 40
63.34000000000003
 10
202.8237272222222
 20
338.1985305555555
 30
0.0
 10
202.3474772222222
 20
338.3537527777777
 30
0.0
 10
202.2910327777778
 20
338.0538916666666
 30
0.0
 10
202.3898105555555
 20
337.461225
 30
0.0
 10
202.5344494444444
 20
336.5616416666666
 30
0.0
 10
203.0283383333333
 20
334.9917805555555
 30
0.0
 10
202.9189772222222
 20
333.333725
 30
0.0
 10
202.9895327777778
 20
333.2561138888889
 30
0.0
 10
204.0866716666667
 20
332.7975027777778
 30
0.0
 10
205.4166438888889
 20
332.7975027777778
 30
0.0
 10
206.7995327777778
 20
332.7975027777778
 30
0.0
 10
207.5756438888889
 20
332.8504194444444
 30
0.0
 10
207.9143105555555
 20
332.8468916666666
 30
0.0
 10
208.9161994444444
 20
332.84795
 30
0.0
 10
209.9180883333333
 20
332.8493611111111
 30
0.0
 10
210.9199772222222
 20
332.8504194444444
 30
0.0
 10
210.9199772222222
 20
331.8508824074074
 30
0.0
 10
210.9199772222222
 20
330.8513453703704
 30
0.0
 10
210.9199772222222
 20
329.8518083333333
 30
0.0
 10
209.9204401851852
 20
329.8518083333333
 30
0.0
 10
208.9209031481481
 20
329.8518083333333
 30
0.0
 10
207.9213661111111
 20
329.8518083333333
 30
0.0
 10
207.5791716666667
 20
329.8482805555556
 30
0.0
 10
206.8030605555555
 20
329.8976694444444
 30
0.0
 10
205.4166438888889
 20
329.8976694444444
 30
0.0
 10
204.033755
 20
329.8941416666667
 30
0.0
 10
202.9189772222222
 20
329.4496416666667
 30
0.0
 10
202.9189772222222
 20
329.3896694444444
 30
0.0
 10
203.0283383333333
 20
327.7280861111111
 30
0.0
 10
202.5344494444444
 20
326.1617527777777
 30
0.0
 10
202.3898105555555
 20
325.2621694444445
 30
0.0
 10
202.2910327777778
 20
324.6695027777777
 30
0.0
 10
202.3474772222222
 20
324.3696416666666
 30
0.0
 10
202.8237272222222
 20
324.5248638888889
 30
0.0
 10
213.8131077777777
 20
327.4557416666667
 30
0.0
 10
218.6232327777777
 20
322.9941611111111
 30
0.0
 10
220.9194633333333
 20
325.5729666666666
 30
0.0
 10
223.2160466666666
 20
328.1517722222222
 30
0.0
 10
228.0258188888889
 20
323.6905444444444
 30
0.0
 10
239.0151994444444
 20
326.6214222222222
 30
0.0
 10
239.7422744444444
 20
326.8383805555555
 30
0.0
 10
238.6165605555555
 20
327.4458638888889
 30
0.0
 10
238.9199494444445
 20
329.4108361111111
 30
0.0
 10
238.8493938888889
 20
329.4884472222222
 30
0.0
 10
237.752255
 20
329.904725
 30
0.0
 10
236.4222827777778
 20
329.904725
 30
0.0
 10
235.0393938888889
 20
329.904725
 30
0.0
 10
234.2632827777778
 20
329.8518083333333
 30
0.0
 10
233.9246161111111
 20
329.8553361111111
 30
0.0
 10
231.5892272222222
 20
329.8542777777777
 30
0.0
 10
229.2538383333333
 20
329.8528666666666
 30
0.0
 10
226.9184494444444
 20
329.8518083333333
 30
0.0
 10
226.9184494444444
 20
330.8513453703704
 30
0.0
 10
226.9184494444444
 20
331.8508824074074
 30
0.0
 10
226.9184494444444
 20
332.8504194444444
 30
0.0
 10
229.2514864814815
 20
332.8504194444444
 30
0.0
 10
231.5845235185185
 20
332.8504194444444
 30
0.0
 10
233.9175605555555
 20
332.8504194444444
 30
0.0
 10
234.259755
 20
332.8539472222222
 30
0.0
 10
235.0358661111111
 20
332.8045583333333
 30
0.0
 10
236.4222827777778
 20
332.8045583333333
 30
0.0
 10
237.8051716666666
 20
332.8080861111111
 30
0.0
 10
238.9199494444445
 20
333.2525861111111
 30
0.0
 10
238.9199494444445
 20
333.3125583333333
 30
0.0
 10
238.6165605555555
 20
335.2775305555555
 30
0.0
 10
239.7422744444444
 20
335.8850138888889
 30
0.0
 10
239.0151994444444
 20
336.1019722222222
 30
0.0
  0
SPLINE
  5
215
330
1F
100
AcDbEntity
  8
DEFAULT
 62
     1
100
AcDbSpline
210
0.0
220
0.0
230
1.0
 70
    11
 71
     3
 72
    77
 73
    73
 74
     0
 42
0.000000001
 43
0.0000000001
 40
1.0
 40
1.0
 40
1.0
 40
1.0
 40
2.0
 40
2.0
 40
2.0
 40
3.0
 40
3.0
 40
3.0
 40
4.0
 40
4.0
 40
4.0
 40
5.0
 40
5.0
 40
5.0
 40
6.0
 40
6.0
 40
6.0
 40
7.0
 40
7.0
 40
7.0
 40
8.0
 40
8.0
 40
8.0
 40
9.0
 40
9.0
 40
9.0
 40
17.5
 40
17.5
 40
17.5
 40
26.0
 40
26.0
 40
26.0
 40
27.0
 40
27.0
 40
27.0
 40
28.0
 40
28.0
 40
28.0
 40
29.0
 40
29.0
 40
29.0
 40
30.0
 40
30.0
 40
30.0
 40
31.0
 40
31.0
 40
31.0
 40
32.0
 40
32.0
 40
32.0
 40
33.0
 40
33.0
 40
33.0
 40
34.0
 40
34.0
 40
34.0
 40
35.0
 40
35.0
 40
35.0
 40
36.0
 40
36.0
 40
36.0
 40
44.5
 40
44.5
 40
44.5
 40
64.32999999999998
 40
64.32999999999998
 40
64.32999999999998
 40
65.32999999999998
 40
65.32999999999998
 40
65.32999999999998
 40
66.32999999999998
 40
66.32999999999998
 40
66.32999999999998
 40
66.32999999999998
 10
237.5032644444444
 20
59.10100222222221
 30
0.0
 10
238.9496533333333
 20
59.10100222222221
 30
0.0
 10
239.8986255555555
 20
60.51211333333332
 30
0.0
 10
240.4489588888889
 20
62.01141888888888
 30
0.0
 10
240.7985616666667
 20
64.11891333333332
 30
0.0
 10
244.0338866666667
 20
74.22670222222222
 30
0.0
 10
241.5446866666667
 20
77.10924944444443
 30
0.0
 10
239.0554866666666
 20
79.99214944444444
 30
0.0
 10
242.2971616666667
 20
90.102055
 30
0.0
 10
242.6467644444444
 20
92.20919666666666
 30
0.0
 10
242.6079588888889
 20
93.52505777777776
 30
0.0
 10
242.3327922222222
 20
94.44933555555554
 30
0.0
 10
241.6872088888889
 20
94.57280777777777
 30
0.0
 10
240.7876255555555
 20
94.71744666666665
 30
0.0
 10
239.1436811111111
 20
95.21098277777776
 30
0.0
 10
237.4856255555556
 20
95.10197444444444
 30
0.0
 10
237.4080144444444
 20
95.03141888888888
 30
0.0
 10
236.9882088888889
 20
93.93427999999999
 30
0.0
 10
236.9882088888889
 20
92.60430777777778
 30
0.0
 10
236.9882088888889
 20
91.22141888888888
 30
0.0
 10
237.0411255555556
 20
90.44530777777777
 30
0.0
 10
237.0375977777778
 20
90.10664111111109
 30
0.0
 10
237.0386561111111
 20
89.10475222222222
 30
0.0
 10
237.0400672222222
 20
88.10286333333332
 30
0.0
 10
237.0411255555556
 20
87.10097444444443
 30
0.0
 10
236.0415885185186
 20
87.10097444444443
 30
0.0
 10
235.0420514814815
 20
87.10097444444443
 30
0.0
 10
234.0425144444445
 20
87.10097444444443
 30
0.0
 10
234.0425144444445
 20
88.10051148148148
 30
0.0
 10
234.0425144444445
 20
89.10004851851852
 30
0.0
 10
234.0425144444445
 20
90.09958555555555
 30
0.0
 10
234.0389866666666
 20
90.44178
 30
0.0
 10
234.0883755555556
 20
91.2178911111111
 30
0.0
 10
234.0883755555556
 20
92.60430777777778
 30
0.0
 10
234.0848477777778
 20
93.98719666666665
 30
0.0
 10
233.6015422222222
 20
95.10197444444444
 30
0.0
 10
233.54157
 20
95.10197444444444
 30
0.0
 10
231.8835144444444
 20
95.21098277777776
 30
0.0
 10
230.3136533333333
 20
94.71744666666665
 30
0.0
 10
229.41407
 20
94.57280777777777
 30
0.0
 10
228.7684866666667
 20
94.44933555555554
 30
0.0
 10
228.49332
 20
93.52505777777776
 30
0.0
 10
228.4545144444444
 20
92.20919666666666
 30
0.0
 10
228.8041172222222
 20
90.102055
 30
0.0
 10
232.0457922222222
 20
79.99214944444444
 30
0.0
 10
229.5565922222222
 20
77.10924944444443
 30
0.0
 10
227.0673922222222
 20
74.22670222222222
 30
0.0
 10
230.3027172222222
 20
64.11891333333332
 30
0.0
 10
230.65232
 20
62.01141888888888
 30
0.0
 10
231.2026533333333
 20
60.51211333333332
 30
0.0
 10
232.1516255555556
 20
59.10100222222221
 30
0.0
 10
233.5980144444444
 20
59.10100222222221
 30
0.0
 10
233.6756255555555
 20
59.17155777777776
 30
0.0
 10
234.0954311111111
 20
60.26869666666666
 30
0.0
 10
234.0954311111111
 20
61.59866888888888
 30
0.0
 10
234.0954311111111
 20
62.98155777777777
 30
0.0
 10
234.0425144444445
 20
63.75766888888887
 30
0.0
 10
234.0460422222222
 20
64.09633555555554
 30
0.0
 10
234.0449838888889
 20
66.4306661111111
 30
0.0
 10
234.0435727777778
 20
68.76464388888888
 30
0.0
 10
234.0425144444445
 20
71.09897444444444
 30
0.0
 10
235.0420514814815
 20
71.09897444444444
 30
0.0
 10
236.0415885185186
 20
71.09897444444444
 30
0.0
 10
237.0411255555556
 20
71.09897444444444
 30
0.0
 10
237.0411255555556
 20
68.76711333333333
 30
0.0
 10
237.0411255555556
 20
66.43525222222222
 30
0.0
 10
237.0411255555556
 20
64.10339111111111
 30
0.0
 10
237.0446533333333
 20
63.76119666666666
 30
0.0
 10
236.9952644444444
 20
62.98508555555554
 30
0.0
 10
236.9952644444444
 20
61.59866888888888
 30
0.0
 10
236.9987922222222
 20
60.21577999999999
 30
0.0
 10
237.4432922222222
 20
59.10100222222221
 30
0.0
 10
237.5032644444444
 20
59.10100222222221
 30
0.0
  0
SPLINE
  5
216
330
1F
100
AcDbEntity
  8
DEFAULT
 62
     1
100
AcDbSpline
210
0.0
220
0.0
230
1.0
 70
     8
 71
     3
 72
    71
 73
    67
 74
     0
 42
0.000000001
 43
0.0000000001
 40
0.0
 40
0.0
 40
0.0
 40
0.0
 40
1.0
 40
1.0
 40
1.0
 40
2.0
 40
2.0
 40
2.0
 40
3.0
 40
3.0
 40
3.0
 40
4.0
 40
4.0
 40
4.0
 40
12.5
 40
12.5
 40
12.5
 40
32.32999999999998
 40
32.32999999999998
 40
32.32999999999998
 40
33.32999999999998
 40
33.32999999999998
 40
33.32999999999998
 40
34.32999999999998
 40
34.32999999999998
 40
34.32999999999998
 40
35.32999999999998
 40
35.32999999999998
 40
35.32999999999998
 40
36.32999999999998
 40
36.32999999999998
 40
36.32999999999998
 40
37.32999999999998
 40
37.32999999999998
 40
37.32999999999998
 40
38.32999999999998
 40
38.32999999999998
 40
38.32999999999998
 40
39.32999999999998
 40
39.32999999999998
 40
39.32999999999998
 40
40.32999999999998
 40
40.32999999999998
 40
40.32999999999998
 40
41.32999999999998
 40
41.32999999999998
 40
41.32999999999998
 40
42.32999999999998
 40
42.32999999999998
 40
42.32999999999998
 40
50.82999999999998
 40
50.82999999999998
 40
50.82999999999998
 40
59.32999999999998
 40
59.32999999999998
 40
59.32999999999998
 40
60.32999999999998
 40
60.32999999999998
 40
60.32999999999998
 40
61.32999999999998
 40
61.32999999999998
 40
61.32999999999998
 40
62.32999999999998
 40
62.32999999999998
 40
62.32999999999998
 40
63.32999999999998
 40
63.32999999999998
 40
63.32999999999998
 40
63.32999999999998
 10
228.4545497222222
 20
92.20905555555555
 30
0.0
 10
227.9042163888889
 20
93.7083611111111
 30
0.0
 10
226.9552441666667
 20
95.11947222222221
 30
0.0
 10
225.5088552777778
 20
95.11947222222221
 30
0.0
 10
225.4312441666666
 20
95.04891666666666
 30
0.0
 10
225.0114386111111
 20
93.95177777777776
 30
0.0
 10
225.0114386111111
 20
92.62180555555555
 30
0.0
 10
225.0114386111111
 20
91.23891666666665
 30
0.0
 10
225.0643552777778
 20
90.46280555555555
 30
0.0
 10
225.0608275
 20
90.12413888888888
 30
0.0
 10
225.0618858333333
 20
87.78980833333333
 30
0.0
 10
225.0632969444444
 20
85.45583055555555
 30
0.0
 10
225.0643552777778
 20
83.1215
 30
0.0
 10
224.0648182407407
 20
83.1215
 30
0.0
 10
223.0652812037037
 20
83.1215
 30
0.0
 10
222.0657441666667
 20
83.1215
 30
0.0
 10
222.0657441666666
 20
85.45336111111112
 30
0.0
 10
222.0657441666666
 20
87.78522222222223
 30
0.0
 10
222.0657441666667
 20
90.11708333333333
 30
0.0
 10
222.0622163888889
 20
90.45927777777777
 30
0.0
 10
222.1116052777778
 20
91.23538888888888
 30
0.0
 10
222.1116052777778
 20
92.62180555555555
 30
0.0
 10
222.1080775
 20
94.00469444444443
 30
0.0
 10
221.6635775
 20
95.11947222222221
 30
0.0
 10
221.6036052777778
 20
95.11947222222221
 30
0.0
 10
220.1572163888889
 20
95.11947222222221
 30
0.0
 10
219.2082441666666
 20
93.7083611111111
 30
0.0
 10
218.6579108333333
 20
92.20905555555555
 30
0.0
 10
218.3083080555556
 20
90.10191388888887
 30
0.0
 10
215.0729830555555
 20
79.9937722222222
 30
0.0
 10
217.5621830555556
 20
77.11122499999999
 30
0.0
 10
220.0513830555555
 20
74.228325
 30
0.0
 10
216.8097080555555
 20
64.11877222222222
 30
0.0
 10
216.4601052777778
 20
62.01127777777777
 30
0.0
 10
216.4989108333333
 20
60.69541666666667
 30
0.0
 10
216.7740775
 20
59.77113888888888
 30
0.0
 10
217.4196608333333
 20
59.64766666666666
 30
0.0
 10
218.3192441666667
 20
59.50302777777778
 30
0.0
 10
219.9631886111111
 20
59.00949166666667
 30
0.0
 10
221.6212441666667
 20
59.11849999999999
 30
0.0
 10
221.6988552777778
 20
59.18905555555555
 30
0.0
 10
222.1186608333333
 20
60.28619444444443
 30
0.0
 10
222.1186608333333
 20
61.61616666666666
 30
0.0
 10
222.1186608333333
 20
62.99905555555554
 30
0.0
 10
222.0657441666667
 20
63.77516666666666
 30
0.0
 10
222.0692719444444
 20
64.11383333333333
 30
0.0
 10
222.0682136111111
 20
65.11572222222222
 30
0.0
 10
222.0668025
 20
66.11761111111112
 30
0.0
 10
222.0657441666667
 20
67.11949999999999
 30
0.0
 10
223.0652812037037
 20
67.11949999999999
 30
0.0
 10
224.0648182407407
 20
67.11949999999999
 30
0.0
 10
225.0643552777778
 20
67.11949999999999
 30
0.0
 10
225.0643552777778
 20
66.11996296296296
 30
0.0
 10
225.0643552777778
 20
65.12042592592593
 30
0.0
 10
225.0643552777778
 20
64.12088888888889
 30
0.0
 10
225.0678830555555
 20
63.77869444444443
 30
0.0
 10
225.0184941666667
 20
63.00258333333332
 30
0.0
 10
225.0184941666667
 20
61.61616666666666
 30
0.0
 10
225.0220219444444
 20
60.23327777777777
 30
0.0
 10
225.5053275
 20
59.11849999999999
 30
0.0
 10
225.5652997222222
 20
59.11849999999999
 30
0.0
 10
227.2233552777778
 20
59.00949166666667
 30
0.0
 10
228.7932163888889
 20
59.50302777777778
 30
0.0
 10
229.6927997222222
 20
59.64766666666666
 30
0.0
 10
230.3383830555556
 20
59.77113888888888
 30
0.0
 10
230.6135497222222
 20
60.69541666666667
 30
0.0
 10
230.6523552777778
 20
62.01127777777777
 30
0.0
  0
SPLINE
  5
217
330
1F
100
AcDbEntity
  8
DEFAULT
 62
     1
100
AcDbSpline
210
0.0
220
0.0
230
1.0
 70
     8
 71
     3
 72
    71
 73
    67
 74
     0
 42
0.000000001
 43
0.0000000001
 40
0.0
 40
0.0
 40
0.0
 40
0.0
 40
1.0
 40
1.0
 40
1.0
 40
2.0
 40
2.0
 40
2.0
 40
3.0
 40
3.0
 40
3.0
 40
4.0
 40
4.0
 40
4.0
 40
5.0
 40
5.0
 40
5.0
 40
13.5
 40
13.5
 40
13.5
 40
21.99999999999997
 40
21.99999999999997
 40
21.99999999999997
 40
22.99999999999997
 40
22.99999999999997
 40
22.99999999999997
 40
23.99999999999997
 40
23.99999999999997
 40
23.99999999999997
 40
24.99999999999997
 40
24.99999999999997
 40
24.99999999999997
 40
25.99999999999997
 40
25.99999999999997
 40
25.99999999999997
 40
26.99999999999997
 40
26.99999999999997
 40
26.99999999999997
 40
27.99999999999997
 40
27.99999999999997
 40
27.99999999999997
 40
28.99999999999997
 40
28.99999999999997
 40
28.99999999999997
 40
29.99999999999997
 40
29.99999999999997
 40
29.99999999999997
 40
30.99999999999997
 40
30.99999999999997
 40
30.99999999999997
 40
31.99999999999997
 40
31.99999999999997
 40
31.99999999999997
 40
40.49999999999997
 40
40.49999999999997
 40
40.49999999999997
 40
60.32999999999998
 40
60.32999999999998
 40
60.32999999999998
 40
61.32999999999998
 40
61.32999999999998
 40
61.32999999999998
 40
62.32999999999998
 40
62.32999999999998
 40
62.32999999999998
 40
63.32999999999998
 40
63.32999999999998
 40
63.32999999999998
 40
63.32999999999998
 10
218.6579108333333
 20
92.20905555555555
 30
0.0
 10
218.6191052777777
 20
93.52491666666667
 30
0.0
 10
218.3439386111111
 20
94.44954722222221
 30
0.0
 10
217.6983552777777
 20
94.57266666666665
 30
0.0
 10
216.7987719444444
 20
94.71730555555555
 30
0.0
 10
215.1548275
 20
95.21119444444443
 30
0.0
 10
213.4967719444444
 20
95.10183333333332
 30
0.0
 10
213.4191608333333
 20
95.03127777777777
 30
0.0
 10
212.9993552777777
 20
93.93449166666666
 30
0.0
 10
212.9993552777777
 20
92.60416666666666
 30
0.0
 10
212.9993552777777
 20
91.22127777777776
 30
0.0
 10
213.0522719444444
 20
90.44516666666665
 30
0.0
 10
213.0487441666666
 20
90.10649999999998
 30
0.0
 10
213.0498024999999
 20
89.1046111111111
 30
0.0
 10
213.0512136111111
 20
88.10307499999999
 30
0.0
 10
213.0522719444444
 20
87.1011861111111
 30
0.0
 10
212.0527349074074
 20
87.10118611111109
 30
0.0
 10
211.0531978703704
 20
87.10118611111109
 30
0.0
 10
210.0536608333333
 20
87.1011861111111
 30
0.0
 10
210.0536608333333
 20
88.10072314814813
 30
0.0
 10
210.0536608333333
 20
89.10026018518516
 30
0.0
 10
210.0536608333333
 20
90.09979722222221
 30
0.0
 10
210.0501330555555
 20
90.44163888888889
 30
0.0
 10
210.0995219444444
 20
91.21775
 30
0.0
 10
210.0995219444444
 20
92.60416666666666
 30
0.0
 10
210.0959941666666
 20
93.98705555555556
 30
0.0
 10
209.6126886111111
 20
95.10183333333332
 30
0.0
 10
209.5527163888889
 20
95.10183333333332
 30
0.0
 10
207.8946608333333
 20
95.21119444444443
 30
0.0
 10
206.3247997222222
 20
94.71730555555555
 30
0.0
 10
205.4252163888889
 20
94.57266666666665
 30
0.0
 10
204.7796330555555
 20
94.44954722222221
 30
0.0
 10
204.5044663888889
 20
93.52491666666667
 30
0.0
 10
204.4656608333333
 20
92.20905555555555
 30
0.0
 10
204.815263611111
 20
90.10191388888887
 30
0.0
 10
208.0569386111111
 20
79.99200833333333
 30
0.0
 10
205.5677386111111
 20
77.10910833333332
 30
0.0
 10
203.0785386111111
 20
74.22656111111111
 30
0.0
 10
206.3138636111111
 20
64.11877222222222
 30
0.0
 10
206.6634663888888
 20
62.01127777777777
 30
0.0
 10
207.2137997222222
 20
60.51197222222222
 30
0.0
 10
208.1627719444444
 20
59.10086111111111
 30
0.0
 10
209.6091608333333
 20
59.10086111111111
 30
0.0
 10
209.6867719444444
 20
59.17176944444444
 30
0.0
 10
210.1065775
 20
60.26855555555554
 30
0.0
 10
210.1065775
 20
61.59852777777778
 30
0.0
 10
210.1065775
 20
62.98141666666666
 30
0.0
 10
210.0536608333333
 20
63.75788055555554
 30
0.0
 10
210.0571886111111
 20
64.09654722222221
 30
0.0
 10
210.0561302777777
 20
66.430525
 30
0.0
 10
210.0547191666666
 20
68.76485555555554
 30
0.0
 10
210.0536608333333
 20
71.09883333333332
 30
0.0
 10
211.0531978703704
 20
71.09883333333332
 30
0.0
 10
212.0527349074074
 20
71.09883333333332
 30
0.0
 10
213.0522719444444
 20
71.09883333333332
 30
0.0
 10
213.0522719444444
 20
68.76697222222221
 30
0.0
 10
213.0522719444444
 20
66.43511111111108
 30
0.0
 10
213.0522719444444
 20
64.10324999999999
 30
0.0
 10
213.0557997222222
 20
63.76105555555555
 30
0.0
 10
213.0064108333333
 20
62.98494444444444
 30
0.0
 10
213.0064108333333
 20
61.59852777777778
 30
0.0
 10
213.0099386111111
 20
60.21599166666666
 30
0.0
 10
213.4544386111111
 20
59.10086111111111
 30
0.0
 10
213.5144108333333
 20
59.10086111111111
 30
0.0
 10
214.9607997222222
 20
59.10086111111111
 30
0.0
 10
215.9097719444444
 20
60.51197222222222
 30
0.0
 10
216.4601052777777
 20
62.01127777777777
 30
0.0
  0
SPLINE
  5
218
330
1F
100
AcDbEntity
  8
DEFAULT
 62
     1
100
AcDbSpline
210
0.0
220
0.0
230
1.0
 70
     8
 71
     3
 72
    71
 73
    67
 74
     0
 42
0.000000001
 43
0.0000000001
 40
0.0
 40
0.0
 40
0.0
 40
0.0
 40
1.0
 40
1.0
 40
1.0
 40
2.0
 40
2.0
 40
2.0
 40
3.0
 40
3.0
 40
3.0
 40
4.0
 40
4.0
 40
4.0
 40
12.5
 40
12.5
 40
12.5
 40
32.32999999999998
 40
32.32999999999998
 40
32.32999999999998
 40
33.32999999999998
 40
33.32999999999998
 40
33.32999999999998
 40
34.32999999999998
 40
34.32999999999998
 40
34.32999999999998
 40
35.32999999999998
 40
35.32999999999998
 40
35.32999999999998
 40
36.32999999999998
 40
36.32999999999998
 40
36.32999999999998
 40
37.32999999999998
 40
37.32999999999998
 40
37.32999999999998
 40
38.32999999999998
 40
38.32999999999998
 40
38.32999999999998
 40
39.32999999999998
 40
39.32999999999998
 40
39.32999999999998
 40
40.32999999999998
 40
40.32999999999998
 40
40.32999999999998
 40
41.32999999999998
 40
41.32999999999998
 40
41.32999999999998
 40
42.32999999999998
 40
42.32999999999998
 40
42.32999999999998
 40
50.82999999999998
 40
50.82999999999998
 40
50.82999999999998
 40
59.32999999999998
 40
59.32999999999998
 40
59.32999999999998
 40
60.32999999999998
 40
60.32999999999998
 40
60.32999999999998
 40
61.32999999999998
 40
61.32999999999998
 40
61.32999999999998
 40
62.32999999999998
 40
62.32999999999998
 40
62.32999999999998
 40
63.32999999999998
 40
63.32999999999998
 40
63.32999999999998
 40
63.32999999999998
 10
204.4656608333333
 20
92.20905555555555
 30
0.0
 10
203.9153275
 20
93.7083611111111
 30
0.0
 10
202.9663552777778
 20
95.11947222222221
 30
0.0
 10
201.5199663888889
 20
95.11947222222221
 30
0.0
 10
201.4423552777778
 20
95.04891666666666
 30
0.0
 10
201.0225497222222
 20
93.95177777777776
 30
0.0
 10
201.0225497222222
 20
92.62180555555555
 30
0.0
 10
201.0225497222222
 20
91.23891666666665
 30
0.0
 10
201.0754663888889
 20
90.46280555555555
 30
0.0
 10
201.0719386111111
 20
90.12413888888888
 30
0.0
 10
201.0729969444444
 20
87.78980833333333
 30
0.0
 10
201.0744080555555
 20
85.45583055555555
 30
0.0
 10
201.0754663888889
 20
83.1215
 30
0.0
 10
200.0759293518519
 20
83.1215
 30
0.0
 10
199.0763923148148
 20
83.1215
 30
0.0
 10
198.0768552777778
 20
83.1215
 30
0.0
 10
198.0768552777778
 20
85.45336111111112
 30
0.0
 10
198.0768552777778
 20
87.78522222222223
 30
0.0
 10
198.0768552777778
 20
90.11708333333333
 30
0.0
 10
198.0733275
 20
90.45927777777777
 30
0.0
 10
198.1227163888889
 20
91.23538888888888
 30
0.0
 10
198.1227163888889
 20
92.62180555555555
 30
0.0
 10
198.1191886111111
 20
94.00469444444443
 30
0.0
 10
197.6746886111111
 20
95.11947222222221
 30
0.0
 10
197.6147163888889
 20
95.11947222222221
 30
0.0
 10
196.1683275
 20
95.11947222222221
 30
0.0
 10
195.2193552777778
 20
93.7083611111111
 30
0.0
 10
194.6690219444444
 20
92.20905555555555
 30
0.0
 10
194.3194191666667
 20
90.10191388888887
 30
0.0
 10
191.0840941666667
 20
79.9937722222222
 30
0.0
 10
193.5732941666667
 20
77.11122499999999
 30
0.0
 10
196.0624941666667
 20
74.228325
 30
0.0
 10
192.8208191666667
 20
64.11877222222222
 30
0.0
 10
192.4712163888889
 20
62.01127777777777
 30
0.0
 10
192.5100219444444
 20
60.69541666666667
 30
0.0
 10
192.7851886111111
 20
59.77113888888888
 30
0.0
 10
193.4307719444444
 20
59.64766666666666
 30
0.0
 10
194.3303552777778
 20
59.50302777777778
 30
0.0
 10
195.9742997222222
 20
59.00949166666667
 30
0.0
 10
197.6323552777778
 20
59.11849999999999
 30
0.0
 10
197.7099663888889
 20
59.18905555555555
 30
0.0
 10
198.1297719444444
 20
60.28619444444443
 30
0.0
 10
198.1297719444444
 20
61.61616666666666
 30
0.0
 10
198.1297719444444
 20
62.99905555555554
 30
0.0
 10
198.0768552777778
 20
63.77516666666666
 30
0.0
 10
198.0803830555556
 20
64.11383333333333
 30
0.0
 10
198.0793247222222
 20
65.11572222222222
 30
0.0
 10
198.0779136111111
 20
66.11761111111112
 30
0.0
 10
198.0768552777778
 20
67.11949999999999
 30
0.0
 10
199.0763923148148
 20
67.11949999999999
 30
0.0
 10
200.0759293518519
 20
67.11949999999999
 30
0.0
 10
201.0754663888889
 20
67.11949999999999
 30
0.0
 10
201.0754663888889
 20
66.11996296296296
 30
0.0
 10
201.0754663888889
 20
65.12042592592593
 30
0.0
 10
201.0754663888889
 20
64.12088888888889
 30
0.0
 10
201.0789941666667
 20
63.77869444444443
 30
0.0
 10
201.0296052777778
 20
63.00258333333332
 30
0.0
 10
201.0296052777778
 20
61.61616666666666
 30
0.0
 10
201.0331330555555
 20
60.23327777777777
 30
0.0
 10
201.5164386111111
 20
59.11849999999999
 30
0.0
 10
201.5764108333333
 20
59.11849999999999
 30
0.0
 10
203.2344663888889
 20
59.00949166666667
 30
0.0
 10
204.8043275
 20
59.50302777777778
 30
0.0
 10
205.7039108333333
 20
59.64766666666666
 30
0.0
 10
206.3494941666667
 20
59.77113888888888
 30
0.0
 10
206.6246608333333
 20
60.69541666666667
 30
0.0
 10
206.6634663888889
 20
62.01127777777777
 30
0.0
  0
SPLINE
  5
219
330
1F
100
AcDbEntity
  8
DEFAULT
 62
     1
100
AcDbSpline
210
0.0
220
0.0
230
1.0
 70
     8
 71
     3
 72
    71
 73
    67
 74
     0
 42
0.000000001
 43
0.0000000001
 40
0.0
 40
0.0
 40
0.0
 40
0.0
 40
1.0
 40
1.0
 40
1.0
 40
2.0
 40
2.0
 40
2.0
 40
3.0
 40
3.0
 40
3.0
 40
4.0
 40
4.0
 40
4.0
 40
5.0
 40
5.0
 40
5.0
 40
13.5
 40
13.5
 40
13.5
 40
21.99999999999997
 40
21.99999999999997
 40
21.99999999999997
 40
22.99999999999997
 40
22.99999999999997
 40
22.99999999999997
 40
23.99999999999997
 40
23.99999999999997
 40
23.99999999999997
 40
24.99999999999997
 40
24.99999999999997
 40
24.99999999999997
 40
25.99999999999997
 40
25.99999999999997
 40
25.99999999999997
 40
26.99999999999997
 40
26.99999999999997
 40
26.99999999999997
 40
27.99999999999997
 40
27.99999999999997
 40
27.99999999999997
 40
28.99999999999997
 40
28.99999999999997
 40
28.99999999999997
 40
29.99999999999997
 40
29.99999999999997
 40
29.99999999999997
 40
30.99999999999997
 40
30.99999999999997
 40
30.99999999999997
 40
31.99999999999997
 40
31.99999999999997
 40
31.99999999999997
 40
40.49999999999997
 40
40.49999999999997
 40
40.49999999999997
 40
60.32999999999998
 40
60.32999999999998
 40
60.32999999999998
 40
61.32999999999998
 40
61.32999999999998
 40
61.32999999999998
 40
62.32999999999998
 40
62.32999999999998
 40
62.32999999999998
 40
63.32999999999998
 40
63.32999999999998
 40
63.32999999999998
 40
63.32999999999998
 10
194.6690219444444
 20
92.20905555555555
 30
0.0
 10
194.6302163888888
 20
93.52491666666667
 30
0.0
 10
194.3550497222222
 20
94.44954722222221
 30
0.0
 10
193.7094663888888
 20
94.57266666666665
 30
0.0
 10
192.8098830555555
 20
94.71730555555555
 30
0.0
 10
191.1659386111111
 20
95.21119444444443
 30
0.0
 10
189.5078830555555
 20
95.10183333333332
 30
0.0
 10
189.4302719444444
 20
95.03127777777777
 30
0.0
 10
189.0104663888889
 20
93.93449166666666
 30
0.0
 10
189.0104663888889
 20
92.60416666666666
 30
0.0
 10
189.0104663888889
 20
91.22127777777776
 30
0.0
 10
189.0633830555555
 20
90.44516666666665
 30
0.0
 10
189.0598552777778
 20
90.10649999999998
 30
0.0
 10
189.0609136111111
 20
89.1046111111111
 30
0.0
 10
189.0623247222222
 20
88.10307499999999
 30
0.0
 10
189.0633830555555
 20
87.1011861111111
 30
0.0
 10
188.0638460185185
 20
87.10118611111109
 30
0.0
 10
187.0643089814814
 20
87.10118611111109
 30
0.0
 10
186.0647719444444
 20
87.1011861111111
 30
0.0
 10
186.0647719444444
 20
88.10072314814813
 30
0.0
 10
186.0647719444444
 20
89.10026018518516
 30
0.0
 10
186.0647719444444
 20
90.09979722222221
 30
0.0
 10
186.0612441666666
 20
90.44163888888889
 30
0.0
 10
186.1106330555555
 20
91.21775
 30
0.0
 10
186.1106330555555
 20
92.60416666666666
 30
0.0
 10
186.1071052777777
 20
93.98705555555556
 30
0.0
 10
185.6237997222222
 20
95.10183333333332
 30
0.0
 10
185.5638275
 20
95.10183333333332
 30
0.0
 10
183.9057719444444
 20
95.21119444444443
 30
0.0
 10
182.3359108333333
 20
94.71730555555555
 30
0.0
 10
181.4363275
 20
94.57266666666665
 30
0.0
 10
180.7907441666666
 20
94.44954722222221
 30
0.0
 10
180.5155774999999
 20
93.52491666666667
 30
0.0
 10
180.4767719444444
 20
92.20905555555555
 30
0.0
 10
180.8263747222222
 20
90.10191388888887
 30
0.0
 10
184.0680497222222
 20
79.99200833333333
 30
0.0
 10
181.5788497222222
 20
77.10910833333332
 30
0.0
 10
179.0896497222222
 20
74.22656111111111
 30
0.0
 10
182.3249747222222
 20
64.11877222222222
 30
0.0
 10
182.6745775
 20
62.01127777777777
 30
0.0
 10
183.2249108333333
 20
60.51197222222222
 30
0.0
 10
184.1738830555555
 20
59.10086111111111
 30
0.0
 10
185.6202719444444
 20
59.10086111111111
 30
0.0
 10
185.6978830555555
 20
59.17176944444444
 30
0.0
 10
186.1176886111111
 20
60.26855555555554
 30
0.0
 10
186.1176886111111
 20
61.59852777777778
 30
0.0
 10
186.1176886111111
 20
62.98141666666666
 30
0.0
 10
186.0647719444444
 20
63.75788055555554
 30
0.0
 10
186.0682997222222
 20
64.09654722222221
 30
0.0
 10
186.0672413888888
 20
66.430525
 30
0.0
 10
186.0658302777777
 20
68.76485555555554
 30
0.0
 10
186.0647719444444
 20
71.09883333333332
 30
0.0
 10
187.0643089814814
 20
71.09883333333332
 30
0.0
 10
188.0638460185185
 20
71.09883333333332
 30
0.0
 10
189.0633830555555
 20
71.09883333333332
 30
0.0
 10
189.0633830555555
 20
68.76697222222221
 30
0.0
 10
189.0633830555555
 20
66.43511111111108
 30
0.0
 10
189.0633830555555
 20
64.10324999999999
 30
0.0
 10
189.0669108333333
 20
63.76105555555555
 30
0.0
 10
189.0175219444444
 20
62.98494444444444
 30
0.0
 10
189.0175219444444
 20
61.59852777777778
 30
0.0
 10
189.0210497222222
 20
60.21599166666666
 30
0.0
 10
189.4655497222222
 20
59.10086111111111
 30
0.0
 10
189.5255219444444
 20
59.10086111111111
 30
0.0
 10
190.9719108333333
 20
59.10086111111111
 30
0.0
 10
191.9208830555555
 20
60.51197222222222
 30
0.0
 10
192.4712163888888
 20
62.01127777777777
 30
0.0
  0
SPLINE
  5
21A
330
1F
100
AcDbEntity
  8
DEFAULT
 62
     1
100
AcDbSpline
210
0.0
220
0.0
230
1.0
 70
     8
 71
     3
 72
    71
 73
    67
 74
     0
 42
0.000000001
 43
0.0000000001
 40
0.0
 40
0.0
 40
0.0
 40
0.0
 40
1.0
 40
1.0
 40
1.0
 40
2.0
 40
2.0
 40
2.0
 40
3.0
 40
3.0
 40
3.0
 40
4.0
 40
4.0
 40
4.0
 40
12.5
 40
12.5
 40
12.5
 40
32.32999999999998
 40
32.32999999999998
 40
32.32999999999998
 40
33.32999999999998
 40
33.32999999999998
 40
33.32999999999998
 40
34.32999999999998
 40
34.32999999999998
 40
34.32999999999998
 40
35.32999999999998
 40
35.32999999999998
 40
35.32999999999998
 40
36.32999999999998
 40
36.32999999999998
 40
36.32999999999998
 40
37.32999999999998
 40
37.32999999999998
 40
37.32999999999998
 40
38.32999999999998
 40
38.32999999999998
 40
38.32999999999998
 40
39.32999999999998
 40
39.32999999999998
 40
39.32999999999998
 40
40.32999999999998
 40
40.32999999999998
 40
40.32999999999998
 40
41.32999999999998
 40
41.32999999999998
 40
41.32999999999998
 40
42.32999999999998
 40
42.32999999999998
 40
42.32999999999998
 40
50.82999999999998
 40
50.82999999999998
 40
50.82999999999998
 40
59.32999999999998
 40
59.32999999999998
 40
59.32999999999998
 40
60.32999999999998
 40
60.32999999999998
 40
60.32999999999998
 40
61.32999999999998
 40
61.32999999999998
 40
61.32999999999998
 40
62.32999999999998
 40
62.32999999999998
 40
62.32999999999998
 40
63.32999999999998
 40
63.32999999999998
 40
63.32999999999998
 40
63.32999999999998
 10
180.4767719444444
 20
92.20905555555555
 30
0.0
 10
179.9264386111111
 20
93.7083611111111
 30
0.0
 10
178.9774663888889
 20
95.11947222222221
 30
0.0
 10
177.5310775
 20
95.11947222222221
 30
0.0
 10
177.4534663888889
 20
95.04891666666666
 30
0.0
 10
177.0336608333333
 20
93.95177777777776
 30
0.0
 10
177.0336608333333
 20
92.62180555555555
 30
0.0
 10
177.0336608333333
 20
91.23891666666665
 30
0.0
 10
177.0865775
 20
90.46280555555555
 30
0.0
 10
177.0830497222222
 20
90.12413888888888
 30
0.0
 10
177.0841080555555
 20
87.78980833333333
 30
0.0
 10
177.0855191666666
 20
85.45583055555555
 30
0.0
 10
177.0865775
 20
83.1215
 30
0.0
 10
176.0870404629629
 20
83.1215
 30
0.0
 10
175.0875034259259
 20
83.1215
 30
0.0
 10
174.0879663888889
 20
83.1215
 30
0.0
 10
174.0879663888889
 20
85.45336111111112
 30
0.0
 10
174.0879663888889
 20
87.78522222222223
 30
0.0
 10
174.0879663888889
 20
90.11708333333333
 30
0.0
 10
174.0844386111111
 20
90.45927777777777
 30
0.0
 10
174.1338275
 20
91.23538888888888
 30
0.0
 10
174.1338275
 20
92.62180555555555
 30
0.0
 10
174.1302997222222
 20
94.00469444444443
 30
0.0
 10
173.6857997222222
 20
95.11947222222221
 30
0.0
 10
173.6258275
 20
95.11947222222221
 30
0.0
 10
172.1794386111111
 20
95.11947222222221
 30
0.0
 10
171.2304663888889
 20
93.7083611111111
 30
0.0
 10
170.6801330555555
 20
92.20905555555555
 30
0.0
 10
170.3305302777777
 20
90.10191388888887
 30
0.0
 10
167.0952052777778
 20
79.9937722222222
 30
0.0
 10
169.5844052777778
 20
77.11122499999999
 30
0.0
 10
172.0736052777778
 20
74.228325
 30
0.0
 10
168.8319302777778
 20
64.11877222222222
 30
0.0
 10
168.4823275
 20
62.01127777777777
 30
0.0
 10
168.5211330555555
 20
60.69541666666667
 30
0.0
 10
168.7962997222222
 20
59.77113888888888
 30
0.0
 10
169.4418830555555
 20
59.64766666666666
 30
0.0
 10
170.3414663888889
 20
59.50302777777778
 30
0.0
 10
171.9854108333333
 20
59.00949166666667
 30
0.0
 10
173.6434663888889
 20
59.11849999999999
 30
0.0
 10
173.7210775
 20
59.18905555555555
 30
0.0
 10
174.1408830555555
 20
60.28619444444443
 30
0.0
 10
174.1408830555555
 20
61.61616666666666
 30
0.0
 10
174.1408830555555
 20
62.99905555555554
 30
0.0
 10
174.0879663888889
 20
63.77516666666666
 30
0.0
 10
174.0914941666666
 20
64.11383333333333
 30
0.0
 10
174.0904358333333
 20
65.11572222222222
 30
0.0
 10
174.0890247222222
 20
66.11761111111112
 30
0.0
 10
174.0879663888889
 20
67.11949999999999
 30
0.0
 10
175.0875034259259
 20
67.11949999999999
 30
0.0
 10
176.0870404629629
 20
67.11949999999999
 30
0.0
 10
177.0865775
 20
67.11949999999999
 30
0.0
 10
177.0865775
 20
66.11996296296296
 30
0.0
 10
177.0865775
 20
65.12042592592593
 30
0.0
 10
177.0865775
 20
64.12088888888889
 30
0.0
 10
177.0901052777778
 20
63.77869444444443
 30
0.0
 10
177.0407163888889
 20
63.00258333333332
 30
0.0
 10
177.0407163888889
 20
61.61616666666666
 30
0.0
 10
177.0442441666666
 20
60.23327777777777
 30
0.0
 10
177.5275497222222
 20
59.11849999999999
 30
0.0
 10
177.5875219444444
 20
59.11849999999999
 30
0.0
 10
179.2455775
 20
59.00949166666667
 30
0.0
 10
180.8154386111111
 20
59.50302777777778
 30
0.0
 10
181.7150219444444
 20
59.64766666666666
 30
0.0
 10
182.3606052777778
 20
59.77113888888888
 30
0.0
 10
182.6357719444444
 20
60.69541666666667
 30
0.0
 10
182.6745775
 20
62.01127777777777
 30
0.0
  0
SPLINE
  5
21B
330
1F
100
AcDbEntity
  8
DEFAULT
 62
     1
100
AcDbSpline
210
0.0
220
0.0
230
1.0
 70
    11
 71
     3
 72
    83
 73
    79
 74
     0
 42
0.000000001
 43
0.0000000001
 40
1.0
 40
1.0
 40
1.0
 40
1.0
 40
2.0
 40
2.0
 40
2.0
 40
3.0
 40
3.0
 40
3.0
 40
4.0
 40
4.0
 40
4.0
 40
5.0
 40
5.0
 40
5.0
 40
6.0
 40
6.0
 40
6.0
 40
7.0
 40
7.0
 40
7.0
 40
8.0
 40
8.0
 40
8.0
 40
9.0
 40
9.0
 40
9.0
 40
10.0
 40
10.0
 40
10.0
 40
11.0
 40
11.0
 40
11.0
 40
12.0
 40
12.0
 40
12.0
 40
13.0
 40
13.0
 40
13.0
 40
14.0
 40
14.0
 40
14.0
 40
15.0
 40
15.0
 40
15.0
 40
16.0
 40
16.0
 40
16.0
 40
17.0
 40
17.0
 40
17.0
 40
18.0
 40
18.0
 40
18.0
 40
19.0
 40
19.0
 40
19.0
 40
20.0
 40
20.0
 40
20.0
 40
21.0
 40
21.0
 40
21.0
 40
22.0
 40
22.0
 40
22.0
 40
23.0
 40
23.0
 40
23.0
 40
24.0
 40
24.0
 40
24.0
 40
25.0
 40
25.0
 40
25.0
 40
26.0
 40
26.0
 40
26.0
 40
27.0
 40
27.0
 40
27.0
 40
27.0
 10
312.3016430555555
 20
134.4717627777778
 30
0.0
 10
312.2522541666667
 20
132.5350127777778
 30
0.0
 10
311.7371986111111
 20
131.5997988888889
 30
0.0
 10
310.6294763888889
 20
132.2633738888889
 30
0.0
 10
309.7828097222222
 20
133.0465405555555
 30
0.0
 10
308.9573097222222
 20
133.4169572222222
 30
0.0
 10
308.1988375
 20
133.198235
 30
0.0
 10
308.1282819444444
 20
133.198235
 30
0.0
 10
307.4015597222222
 20
134.1401516666667
 30
0.0
 10
307.0170319444444
 20
135.4560127777778
 30
0.0
 10
306.6289763888889
 20
136.78916
 30
0.0
 10
306.4596430555555
 20
137.5444572222222
 30
0.0
 10
306.3643930555555
 20
137.8725405555555
 30
0.0
 10
306.0856986111111
 20
138.8331544444444
 30
0.0
 10
305.8070041666667
 20
139.7941211111111
 30
0.0
 10
305.5283097222222
 20
140.754735
 30
0.0
 10
304.5687541666667
 20
140.4760405555555
 30
0.0
 10
303.6091986111111
 20
140.1969933333333
 30
0.0
 10
302.6496430555555
 20
139.9182988888889
 30
0.0
 10
302.9293958333333
 20
138.9566266666667
 30
0.0
 10
303.2095013888888
 20
137.9946016666667
 30
0.0
 10
303.4892541666666
 20
137.0329294444444
 30
0.0
 10
303.5774486111111
 20
136.7083738888889
 30
0.0
 10
303.8455597222222
 20
135.9781238888889
 30
0.0
 10
304.2300875
 20
134.6481516666666
 30
0.0
 10
304.6005041666666
 20
133.3710961111111
 30
0.0
 10
304.5017263888889
 20
132.1998738888889
 30
0.0
 10
304.4488097222222
 20
132.1116794444444
 30
0.0
 10
302.8013375
 20
131.6280211111111
 30
0.0
 10
301.3373097222222
 20
131.610735
 30
0.0
 10
301.1044763888889
 20
131.324985
 30
0.0
 10
300.2436986111111
 20
130.6578822222222
 30
0.0
 10
298.7161708333333
 20
132.4538738888889
 30
0.0
 10
298.3951430555555
 20
134.4717627777778
 30
0.0
 10
296.1514763888889
 20
144.3177905555555
 30
0.0
 10
300.6740875
 20
146.1518822222222
 30
0.0
 10
298.4692263888888
 20
148.3782627777778
 30
0.0
 10
294.7333097222222
 20
152.1565127777777
 30
0.0
 10
298.1164486111111
 20
159.5574377777777
 30
0.0
 10
298.5468375
 20
162.2847627777778
 30
0.0
 10
299.2806152777778
 20
165.8192433333333
 30
0.0
 10
300.3601152777778
 20
166.1935405555556
 30
0.0
 10
301.3267263888889
 20
165.9395405555555
 30
0.0
 10
302.2167847222222
 20
165.6735461111111
 30
0.0
 10
303.1071958333333
 20
165.4079044444444
 30
0.0
 10
303.9972541666667
 20
165.14191
 30
0.0
 10
304.0572263888889
 20
165.1316794444444
 30
0.0
 10
304.2300875
 20
163.9428183333333
 30
0.0
 10
303.9196430555555
 20
162.5983822222222
 30
0.0
 10
303.5986152777778
 20
161.2475961111111
 30
0.0
 10
303.3728375
 20
160.503235
 30
0.0
 10
303.2987541666666
 20
160.1716238888889
 30
0.0
 10
303.0683902777777
 20
159.1979572222222
 30
0.0
 10
302.8376736111111
 20
158.2239377777778
 30
0.0
 10
302.6073097222222
 20
157.2502711111111
 30
0.0
 10
303.5809763888889
 20
157.0209655555555
 30
0.0
 10
304.5546430555555
 20
156.7920127777778
 30
0.0
 10
305.5283097222222
 20
156.5627072222222
 30
0.0
 10
305.7565569444444
 20
157.5374322222222
 30
0.0
 10
305.9844513888888
 20
158.51251
 30
0.0
 10
306.2126986111111
 20
159.487235
 30
0.0
 10
306.2973652777778
 20
159.8188461111111
 30
0.0
 10
306.4208375
 20
160.5843738888889
 30
0.0
 10
306.7418652777778
 20
161.931985
 30
0.0
 10
307.0452541666667
 20
163.2266794444444
 30
0.0
 10
307.7084763888889
 20
164.1968183333333
 30
0.0
 10
307.7966708333333
 20
164.249735
 30
0.0
 10
310.4142819444444
 20
163.5724016666667
 30
0.0
 10
309.9062819444444
 20
164.57041
 30
0.0
 10
310.9540319444444
 20
165.9783461111111
 30
0.0
 10
312.1428930555555
 20
166.5851238888889
 30
0.0
 10
312.6050319444444
 20
164.5107905555555
 30
0.0
 10
312.4533375
 20
162.2847627777778
 30
0.0
 10
312.0229486111111
 20
159.5574377777777
 30
0.0
 10
308.6398097222222
 20
152.1565127777777
 30
0.0
 10
312.3757263888889
 20
148.3782627777778
 30
0.0
 10
314.5805875
 20
146.1518822222222
 30
0.0
 10
310.0579763888888
 20
144.3177905555555
 30
0.0
 10
312.3016430555555
 20
134.4717627777778
 30
0.0
  0
SPLINE
  5
21C
330
1F
100
AcDbEntity
  8
DEFAULT
 62
     1
100
AcDbSpline
210
0.0
220
0.0
230
1.0
 70
     8
 71
     3
 72
    77
 73
    73
 74
     0
 42
0.000000001
 43
0.0000000001
 40
0.0
 40
0.0
 40
0.0
 40
0.0
 40
1.0
 40
1.0
 40
1.0
 40
2.0
 40
2.0
 40
2.0
 40
3.0
 40
3.0
 40
3.0
 40
4.0
 40
4.0
 40
4.0
 40
5.0
 40
5.0
 40
5.0
 40
6.0
 40
6.0
 40
6.0
 40
7.0
 40
7.0
 40
7.0
 40
8.0
 40
8.0
 40
8.0
 40
9.0
 40
9.0
 40
9.0
 40
10.0
 40
10.0
 40
10.0
 40
11.0
 40
11.0
 40
11.0
 40
12.0
 40
12.0
 40
12.0
 40
13.0
 40
13.0
 40
13.0
 40
14.0
 40
14.0
 40
14.0
 40
15.0
 40
15.0
 40
15.0
 40
16.0
 40
16.0
 40
16.0
 40
17.0
 40
17.0
 40
17.0
 40
18.0
 40
18.0
 40
18.0
 40
19.0
 40
19.0
 40
19.0
 40
20.0
 40
20.0
 40
20.0
 40
21.0
 40
21.0
 40
21.0
 40
22.0
 40
22.0
 40
22.0
 40
23.0
 40
23.0
 40
23.0
 40
24.0
 40
24.0
 40
24.0
 40
24.0
 10
298.3951783333333
 20
134.4717627777778
 30
0.0
 10
298.3457894444444
 20
132.5350127777778
 30
0.0
 10
297.8307338888889
 20
131.5997988888889
 30
0.0
 10
296.7230116666667
 20
132.2633738888889
 30
0.0
 10
295.876345
 20
133.0465405555555
 30
0.0
 10
295.050845
 20
133.4169572222222
 30
0.0
 10
294.2923727777778
 20
133.198235
 30
0.0
 10
294.2218172222222
 20
133.198235
 30
0.0
 10
293.495095
 20
134.1401516666667
 30
0.0
 10
293.1105672222222
 20
135.4560127777778
 30
0.0
 10
292.7225116666666
 20
136.78916
 30
0.0
 10
292.5531783333333
 20
137.5444572222222
 30
0.0
 10
292.4579283333333
 20
137.8725405555555
 30
0.0
 10
292.1792338888889
 20
138.8331544444444
 30
0.0
 10
291.9005394444445
 20
139.7941211111111
 30
0.0
 10
291.621845
 20
140.754735
 30
0.0
 10
290.6622894444444
 20
140.4760405555555
 30
0.0
 10
289.7027338888889
 20
140.1969933333333
 30
0.0
 10
288.7431783333333
 20
139.9182988888889
 30
0.0
 10
289.0229311111111
 20
138.9566266666667
 30
0.0
 10
289.3030366666666
 20
137.9946016666667
 30
0.0
 10
289.5827894444444
 20
137.0329294444444
 30
0.0
 10
289.6709838888889
 20
136.7083738888889
 30
0.0
 10
289.939095
 20
135.9781238888889
 30
0.0
 10
290.3236227777778
 20
134.6481516666666
 30
0.0
 10
290.6940394444444
 20
133.3710961111111
 30
0.0
 10
290.5952616666667
 20
132.1998738888889
 30
0.0
 10
290.542345
 20
132.1116794444444
 30
0.0
 10
288.8948727777778
 20
131.6280211111111
 30
0.0
 10
287.430845
 20
131.610735
 30
0.0
 10
287.1980116666666
 20
131.324985
 30
0.0
 10
286.3372338888889
 20
130.6578822222222
 30
0.0
 10
284.8097061111111
 20
132.4538738888889
 30
0.0
 10
284.4886783333333
 20
134.4717627777778
 30
0.0
 10
282.2450116666666
 20
144.3177905555555
 30
0.0
 10
286.7676227777777
 20
146.1518822222222
 30
0.0
 10
284.5627616666666
 20
148.3782627777778
 30
0.0
 10
280.826845
 20
152.1565127777777
 30
0.0
 10
284.2099838888889
 20
159.5574377777777
 30
0.0
 10
284.6403727777778
 20
162.2847627777778
 30
0.0
 10
285.3741505555556
 20
165.8192433333333
 30
0.0
 10
286.4536505555555
 20
166.1935405555556
 30
0.0
 10
287.4202616666666
 20
165.9395405555555
 30
0.0
 10
288.31032
 20
165.6735461111111
 30
0.0
 10
289.2007311111111
 20
165.4079044444444
 30
0.0
 10
290.0907894444445
 20
165.14191
 30
0.0
 10
290.1507616666667
 20
165.1316794444444
 30
0.0
 10
290.3236227777778
 20
163.9428183333333
 30
0.0
 10
290.0131783333333
 20
162.5983822222222
 30
0.0
 10
289.6921505555555
 20
161.2475961111111
 30
0.0
 10
289.4663727777778
 20
160.503235
 30
0.0
 10
289.3922894444444
 20
160.1716238888889
 30
0.0
 10
289.1619255555555
 20
159.1979572222222
 30
0.0
 10
288.9312088888889
 20
158.2239377777778
 30
0.0
 10
288.700845
 20
157.2502711111111
 30
0.0
 10
289.6745116666667
 20
157.0209655555555
 30
0.0
 10
290.6481783333333
 20
156.7920127777778
 30
0.0
 10
291.621845
 20
156.5627072222222
 30
0.0
 10
291.8500922222222
 20
157.5374322222222
 30
0.0
 10
292.0779866666666
 20
158.51251
 30
0.0
 10
292.3062338888889
 20
159.487235
 30
0.0
 10
292.3909005555556
 20
159.8188461111111
 30
0.0
 10
292.5143727777778
 20
160.5843738888889
 30
0.0
 10
292.8354005555555
 20
161.931985
 30
0.0
 10
293.1387894444445
 20
163.2266794444444
 30
0.0
 10
293.8020116666667
 20
164.1968183333333
 30
0.0
 10
293.8902061111111
 20
164.249735
 30
0.0
 10
296.5078172222222
 20
163.5724016666667
 30
0.0
 10
295.9998172222222
 20
164.57041
 30
0.0
 10
297.0475672222222
 20
165.9783461111111
 30
0.0
 10
298.2364283333333
 20
166.5851238888889
 30
0.0
 10
298.6985672222222
 20
164.5107905555555
 30
0.0
 10
298.5468727777778
 20
162.2847627777778
 30
0.0
  0
SPLINE
  5
21D
330
1F
100
AcDbEntity
  8
DEFAULT
 62
     1
100
AcDbSpline
210
0.0
220
0.0
230
1.0
 70
     8
 71
     3
 72
    77
 73
    73
 74
     0
 42
0.000000001
 43
0.0000000001
 40
0.0
 40
0.0
 40
0.0
 40
0.0
 40
1.0
 40
1.0
 40
1.0
 40
2.0
 40
2.0
 40
2.0
 40
3.0
 40
3.0
 40
3.0
 40
4.0
 40
4.0
 40
4.0
 40
5.0
 40
5.0
 40
5.0
 40
6.0
 40
6.0
 40
6.0
 40
7.0
 40
7.0
 40
7.0
 40
8.0
 40
8.0
 40
8.0
 40
9.0
 40
9.0
 40
9.0
 40
10.0
 40
10.0
 40
10.0
 40
11.0
 40
11.0
 40
11.0
 40
12.0
 40
12.0
 40
12.0
 40
13.0
 40
13.0
 40
13.0
 40
14.0
 40
14.0
 40
14.0
 40
15.0
 40
15.0
 40
15.0
 40
16.0
 40
16.0
 40
16.0
 40
17.0
 40
17.0
 40
17.0
 40
18.0
 40
18.0
 40
18.0
 40
19.0
 40
19.0
 40
19.0
 40
20.0
 40
20.0
 40
20.0
 40
21.0
 40
21.0
 40
21.0
 40
22.0
 40
22.0
 40
22.0
 40
23.0
 40
23.0
 40
23.0
 40
24.0
 40
24.0
 40
24.0
 40
24.0
 10
284.4886783333333
 20
134.4717627777778
 30
0.0
 10
284.4392894444445
 20
132.5350127777778
 30
0.0
 10
283.9242338888889
 20
131.5997988888889
 30
0.0
 10
282.8165116666667
 20
132.2633738888889
 30
0.0
 10
281.969845
 20
133.0465405555555
 30
0.0
 10
281.144345
 20
133.4169572222222
 30
0.0
 10
280.3858727777778
 20
133.198235
 30
0.0
 10
280.3153172222222
 20
133.198235
 30
0.0
 10
279.588595
 20
134.1401516666667
 30
0.0
 10
279.2040672222222
 20
135.4560127777778
 30
0.0
 10
278.8160116666667
 20
136.78916
 30
0.0
 10
278.6466783333333
 20
137.5444572222222
 30
0.0
 10
278.5514283333333
 20
137.8725405555555
 30
0.0
 10
278.2727338888889
 20
138.8331544444444
 30
0.0
 10
277.9940394444445
 20
139.7941211111111
 30
0.0
 10
277.715345
 20
140.754735
 30
0.0
 10
276.7557894444445
 20
140.4760405555555
 30
0.0
 10
275.7962338888889
 20
140.1969933333333
 30
0.0
 10
274.8366783333333
 20
139.9182988888889
 30
0.0
 10
275.1164311111111
 20
138.9566266666667
 30
0.0
 10
275.3965366666666
 20
137.9946016666667
 30
0.0
 10
275.6762894444444
 20
137.0329294444444
 30
0.0
 10
275.7644838888889
 20
136.7083738888889
 30
0.0
 10
276.032595
 20
135.9781238888889
 30
0.0
 10
276.4171227777778
 20
134.6481516666666
 30
0.0
 10
276.7875394444444
 20
133.3710961111111
 30
0.0
 10
276.6887616666667
 20
132.1998738888889
 30
0.0
 10
276.635845
 20
132.1116794444444
 30
0.0
 10
274.9883727777778
 20
131.6280211111111
 30
0.0
 10
273.524345
 20
131.610735
 30
0.0
 10
273.2915116666667
 20
131.324985
 30
0.0
 10
272.4307338888889
 20
130.6578822222222
 30
0.0
 10
270.9032061111111
 20
132.4538738888889
 30
0.0
 10
270.5821783333333
 20
134.4717627777778
 30
0.0
 10
268.3385116666666
 20
144.3177905555555
 30
0.0
 10
272.8611227777778
 20
146.1518822222222
 30
0.0
 10
270.6562616666666
 20
148.3782627777778
 30
0.0
 10
266.920345
 20
152.1565127777777
 30
0.0
 10
270.3034838888889
 20
159.5574377777777
 30
0.0
 10
270.7338727777778
 20
162.2847627777778
 30
0.0
 10
271.4676505555556
 20
165.8192433333333
 30
0.0
 10
272.5471505555556
 20
166.1935405555556
 30
0.0
 10
273.5137616666667
 20
165.9395405555555
 30
0.0
 10
274.40382
 20
165.6735461111111
 30
0.0
 10
275.2942311111111
 20
165.4079044444444
 30
0.0
 10
276.1842894444445
 20
165.14191
 30
0.0
 10
276.2442616666667
 20
165.1316794444444
 30
0.0
 10
276.4171227777778
 20
163.9428183333333
 30
0.0
 10
276.1066783333333
 20
162.5983822222222
 30
0.0
 10
275.7856505555555
 20
161.2475961111111
 30
0.0
 10
275.5598727777778
 20
160.503235
 30
0.0
 10
275.4857894444444
 20
160.1716238888889
 30
0.0
 10
275.2554255555556
 20
159.1979572222222
 30
0.0
 10
275.0247088888889
 20
158.2239377777778
 30
0.0
 10
274.794345
 20
157.2502711111111
 30
0.0
 10
275.7680116666667
 20
157.0209655555555
 30
0.0
 10
276.7416783333333
 20
156.7920127777778
 30
0.0
 10
277.715345
 20
156.5627072222222
 30
0.0
 10
277.9435922222222
 20
157.5374322222222
 30
0.0
 10
278.1714866666666
 20
158.51251
 30
0.0
 10
278.3997338888889
 20
159.487235
 30
0.0
 10
278.4844005555556
 20
159.8188461111111
 30
0.0
 10
278.6078727777778
 20
160.5843738888889
 30
0.0
 10
278.9289005555556
 20
161.931985
 30
0.0
 10
279.2322894444445
 20
163.2266794444444
 30
0.0
 10
279.8955116666667
 20
164.1968183333333
 30
0.0
 10
279.9837061111111
 20
164.249735
 30
0.0
 10
282.6013172222222
 20
163.5724016666667
 30
0.0
 10
282.0933172222223
 20
164.57041
 30
0.0
 10
283.1410672222222
 20
165.9783461111111
 30
0.0
 10
284.3299283333333
 20
166.5851238888889
 30
0.0
 10
284.7920672222222
 20
164.5107905555555
 30
0.0
 10
284.6403727777778
 20
162.2847627777778
 30
0.0
  0
SPLINE
  5
21E
330
1F
100
AcDbEntity
  8
DEFAULT
 62
     1
100
AcDbSpline
210
0.0
220
0.0
230
1.0
 70
    11
 71
     3
 72
    83
 73
    79
 74
     0
 42
0.000000001
 43
0.0000000001
 40
1.0
 40
1.0
 40
1.0
 40
1.0
 40
2.0
 40
2.0
 40
2.0
 40
3.0
 40
3.0
 40
3.0
 40
4.0
 40
4.0
 40
4.0
 40
5.0
 40
5.0
 40
5.0
 40
6.0
 40
6.0
 40
6.0
 40
7.0
 40
7.0
 40
7.0
 40
8.0
 40
8.0
 40
8.0
 40
9.0
 40
9.0
 40
9.0
 40
10.0
 40
10.0
 40
10.0
 40
11.0
 40
11.0
 40
11.0
 40
12.0
 40
12.0
 40
12.0
 40
13.0
 40
13.0
 40
13.0
 40
14.0
 40
14.0
 40
14.0
 40
15.0
 40
15.0
 40
15.0
 40
16.0
 40
16.0
 40
16.0
 40
17.0
 40
17.0
 40
17.0
 40
18.0
 40
18.0
 40
18.0
 40
19.0
 40
19.0
 40
19.0
 40
20.0
 40
20.0
 40
20.0
 40
21.0
 40
21.0
 40
21.0
 40
22.0
 40
22.0
 40
22.0
 40
23.0
 40
23.0
 40
23.0
 40
24.0
 40
24.0
 40
24.0
 40
25.0
 40
25.0
 40
25.0
 40
26.0
 40
26.0
 40
26.0
 40
27.0
 40
27.0
 40
27.0
 40
27.0
 10
345.1084241666666
 20
130.6835291666667
 30
0.0
 10
345.1581658333333
 20
128.7467791666667
 30
0.0
 10
345.6732213888889
 20
127.8115652777778
 30
0.0
 10
346.7805908333333
 20
128.4751402777778
 30
0.0
 10
347.6276102777777
 20
129.2583069444444
 30
0.0
 10
348.4527575
 20
129.6287236111111
 30
0.0
 10
349.2112297222222
 20
129.4100013888889
 30
0.0
 10
349.2817852777778
 20
129.4100013888889
 30
0.0
 10
350.0088602777777
 20
130.3519180555556
 30
0.0
 10
350.3930352777778
 20
131.6677791666667
 30
0.0
 10
350.7810908333333
 20
133.0009263888889
 30
0.0
 10
350.9507769444444
 20
133.7562236111111
 30
0.0
 10
351.0456741666666
 20
134.0843069444444
 30
0.0
 10
351.3243686111111
 20
135.0449208333333
 30
0.0
 10
351.6030630555555
 20
136.0058875
 30
0.0
 10
351.8817575
 20
136.9665013888889
 30
0.0
 10
352.8413130555555
 20
136.6878069444444
 30
0.0
 10
353.8008686111111
 20
136.4087597222222
 30
0.0
 10
354.7604241666666
 20
136.1300652777778
 30
0.0
 10
354.4806713888888
 20
135.1683930555556
 30
0.0
 10
354.2005658333333
 20
134.2063680555555
 30
0.0
 10
353.9208130555555
 20
133.2446958333333
 30
0.0
 10
353.8326186111111
 20
132.9201402777778
 30
0.0
 10
353.5645075
 20
132.1898902777778
 30
0.0
 10
353.1799797222222
 20
130.8599180555555
 30
0.0
 10
352.8095630555555
 20
129.5828625
 30
0.0
 10
352.9083408333333
 20
128.4116402777778
 30
0.0
 10
352.9612574999999
 20
128.3234458333333
 30
0.0
 10
354.6087297222222
 20
127.8397875
 30
0.0
 10
356.0727575
 20
127.8225013888889
 30
0.0
 10
356.3055908333333
 20
127.5367513888889
 30
0.0
 10
357.1663686111111
 20
126.8696486111111
 30
0.0
 10
358.6938963888888
 20
128.6656402777778
 30
0.0
 10
359.0149241666666
 20
130.6835291666667
 30
0.0
 10
361.2585908333333
 20
140.5295569444444
 30
0.0
 10
356.7359797222222
 20
142.3636486111111
 30
0.0
 10
358.9408408333333
 20
144.5900291666667
 30
0.0
 10
362.6767575
 20
148.3682791666667
 30
0.0
 10
359.2936186111111
 20
155.7692041666666
 30
0.0
 10
358.8632297222222
 20
158.4965291666667
 30
0.0
 10
358.1294519444444
 20
162.0310097222222
 30
0.0
 10
357.0503047222222
 20
162.4053069444444
 30
0.0
 10
356.0833408333333
 20
162.1513069444444
 30
0.0
 10
355.1932825
 20
161.8853125
 30
0.0
 10
354.3028713888888
 20
161.6196708333333
 30
0.0
 10
353.4128130555555
 20
161.3536763888889
 30
0.0
 10
353.3528408333333
 20
161.3434458333333
 30
0.0
 10
353.1799797222222
 20
160.1545847222222
 30
0.0
 10
353.4904241666666
 20
158.8105013888889
 30
0.0
 10
353.8114519444444
 20
157.4590097222222
 30
0.0
 10
354.0375825
 20
156.7150013888889
 30
0.0
 10
354.1116658333333
 20
156.3833902777778
 30
0.0
 10
354.3420297222222
 20
155.4097236111111
 30
0.0
 10
354.5723936111111
 20
154.4357041666667
 30
0.0
 10
354.8027575
 20
153.4620375
 30
0.0
 10
353.8290908333333
 20
153.2327319444444
 30
0.0
 10
352.8554241666666
 20
153.0037791666666
 30
0.0
 10
351.8817575
 20
152.7744736111111
 30
0.0
 10
351.6535102777777
 20
153.7491986111111
 30
0.0
 10
351.4256158333333
 20
154.7242763888889
 30
0.0
 10
351.1973686111111
 20
155.6990013888889
 30
0.0
 10
351.1130547222222
 20
156.0306125
 30
0.0
 10
350.9892297222221
 20
156.7961402777778
 30
0.0
 10
350.6682019444444
 20
158.1437513888889
 30
0.0
 10
350.3648130555555
 20
159.4384458333333
 30
0.0
 10
349.7019436111111
 20
160.4085847222222
 30
0.0
 10
349.6137491666666
 20
160.4615013888889
 30
0.0
 10
346.9961380555555
 20
159.7841680555555
 30
0.0
 10
347.5037852777777
 20
160.7821763888889
 30
0.0
 10
346.4560352777777
 20
162.1901125
 30
0.0
 10
345.2671741666666
 20
162.7968902777777
 30
0.0
 10
344.8053880555555
 20
160.7222041666667
 30
0.0
 10
344.9567297222222
 20
158.4965291666667
 30
0.0
 10
345.3871186111111
 20
155.7692041666666
 30
0.0
 10
348.7702575
 20
148.3682791666667
 30
0.0
 10
345.0343408333333
 20
144.5900291666667
 30
0.0
 10
342.8294797222222
 20
142.3636486111111
 30
0.0
 10
347.3520908333333
 20
140.5295569444444
 30
0.0
 10
345.1084241666666
 20
130.6835291666667
 30
0.0
  0
SPLINE
  5
21F
330
1F
100
AcDbEntity
  8
DEFAULT
 62
     1
100
AcDbSpline
210
0.0
220
0.0
230
1.0
 70
     8
 71
     3
 72
    77
 73
    73
 74
     0
 42
0.000000001
 43
0.0000000001
 40
0.0
 40
0.0
 40
0.0
 40
0.0
 40
1.0
 40
1.0
 40
1.0
 40
2.0
 40
2.0
 40
2.0
 40
3.0
 40
3.0
 40
3.0
 40
4.0
 40
4.0
 40
4.0
 40
5.0
 40
5.0
 40
5.0
 40
6.0
 40
6.0
 40
6.0
 40
7.0
 40
7.0
 40
7.0
 40
8.0
 40
8.0
 40
8.0
 40
9.0
 40
9.0
 40
9.0
 40
10.0
 40
10.0
 40
10.0
 40
11.0
 40
11.0
 40
11.0
 40
12.0
 40
12.0
 40
12.0
 40
13.0
 40
13.0
 40
13.0
 40
14.0
 40
14.0
 40
14.0
 40
15.0
 40
15.0
 40
15.0
 40
16.0
 40
16.0
 40
16.0
 40
17.0
 40
17.0
 40
17.0
 40
18.0
 40
18.0
 40
18.0
 40
19.0
 40
19.0
 40
19.0
 40
20.0
 40
20.0
 40
20.0
 40
21.0
 40
21.0
 40
21.0
 40
22.0
 40
22.0
 40
22.0
 40
23.0
 40
23.0
 40
23.0
 40
24.0
 40
24.0
 40
24.0
 40
24.0
 10
359.0148888888888
 20
130.6835291666667
 30
0.0
 10
359.0646305555555
 20
128.7467791666667
 30
0.0
 10
359.5796861111111
 20
127.8115652777778
 30
0.0
 10
360.6870555555555
 20
128.4751402777778
 30
0.0
 10
361.5340749999999
 20
129.2583069444444
 30
0.0
 10
362.3592222222221
 20
129.6287236111111
 30
0.0
 10
363.1176944444444
 20
129.4100013888889
 30
0.0
 10
363.18825
 20
129.4100013888889
 30
0.0
 10
363.9153249999999
 20
130.3519180555556
 30
0.0
 10
364.2994999999999
 20
131.6677791666667
 30
0.0
 10
364.6875555555555
 20
133.0009263888889
 30
0.0
 10
364.8568888888889
 20
133.7562236111111
 30
0.0
 10
364.9521388888888
 20
134.0843069444444
 30
0.0
 10
365.2308333333333
 20
135.0449208333333
 30
0.0
 10
365.5095277777777
 20
136.0058875
 30
0.0
 10
365.7882222222221
 20
136.9665013888889
 30
0.0
 10
366.7477777777777
 20
136.6878069444444
 30
0.0
 10
367.7073333333333
 20
136.4087597222222
 30
0.0
 10
368.6668888888888
 20
136.1300652777778
 30
0.0
 10
368.387136111111
 20
135.1683930555556
 30
0.0
 10
368.1070305555555
 20
134.2063680555555
 30
0.0
 10
367.8272777777777
 20
133.2446958333333
 30
0.0
 10
367.7390833333333
 20
132.9201402777778
 30
0.0
 10
367.4709722222221
 20
132.1898902777778
 30
0.0
 10
367.0864444444444
 20
130.8599180555555
 30
0.0
 10
366.7160277777778
 20
129.5828625
 30
0.0
 10
366.8148055555555
 20
128.4116402777778
 30
0.0
 10
366.8677222222222
 20
128.3234458333333
 30
0.0
 10
368.5151944444444
 20
127.8397875
 30
0.0
 10
369.9792222222222
 20
127.8225013888889
 30
0.0
 10
370.2120555555555
 20
127.5367513888889
 30
0.0
 10
371.0728333333333
 20
126.8696486111111
 30
0.0
 10
372.6003611111111
 20
128.6656402777778
 30
0.0
 10
372.9213888888888
 20
130.6835291666667
 30
0.0
 10
375.1650555555555
 20
140.5295569444444
 30
0.0
 10
370.6424444444444
 20
142.3636486111111
 30
0.0
 10
372.8473055555555
 20
144.5900291666667
 30
0.0
 10
376.5832222222222
 20
148.3682791666667
 30
0.0
 10
373.2000833333333
 20
155.7692041666666
 30
0.0
 10
372.7696944444444
 20
158.4965291666667
 30
0.0
 10
372.0359166666666
 20
162.0310097222222
 30
0.0
 10
370.9567694444444
 20
162.4053069444444
 30
0.0
 10
369.9898055555555
 20
162.1513069444444
 30
0.0
 10
369.0997472222222
 20
161.8853125
 30
0.0
 10
368.209336111111
 20
161.6196708333333
 30
0.0
 10
367.3192777777778
 20
161.3536763888889
 30
0.0
 10
367.2593055555555
 20
161.3434458333333
 30
0.0
 10
367.0864444444444
 20
160.1545847222222
 30
0.0
 10
367.3968888888889
 20
158.8105013888889
 30
0.0
 10
367.7179166666666
 20
157.4590097222222
 30
0.0
 10
367.9436944444444
 20
156.7150013888889
 30
0.0
 10
368.0177777777778
 20
156.3833902777778
 30
0.0
 10
368.2481416666666
 20
155.4097236111111
 30
0.0
 10
368.4788583333333
 20
154.4357041666667
 30
0.0
 10
368.7092222222221
 20
153.4620375
 30
0.0
 10
367.7355555555555
 20
153.2327319444444
 30
0.0
 10
366.7618888888888
 20
153.0037791666666
 30
0.0
 10
365.7882222222221
 20
152.7744736111111
 30
0.0
 10
365.559975
 20
153.7491986111111
 30
0.0
 10
365.3320805555555
 20
154.7242763888889
 30
0.0
 10
365.1038333333333
 20
155.6990013888889
 30
0.0
 10
365.0191666666666
 20
156.0306125
 30
0.0
 10
364.8956944444444
 20
156.7961402777778
 30
0.0
 10
364.5746666666666
 20
158.1437513888889
 30
0.0
 10
364.2712777777777
 20
159.4384458333333
 30
0.0
 10
363.6080555555556
 20
160.4085847222222
 30
0.0
 10
363.5198611111111
 20
160.4615013888889
 30
0.0
 10
360.9026027777777
 20
159.7841680555555
 30
0.0
 10
361.41025
 20
160.7821763888889
 30
0.0
 10
360.3625
 20
162.1901125
 30
0.0
 10
359.1736388888888
 20
162.7968902777777
 30
0.0
 10
358.7118527777777
 20
160.7222041666667
 30
0.0
 10
358.8631944444444
 20
158.4965291666667
 30
0.0
  0
SPLINE
  5
220
330
1F
100
AcDbEntity
  8
DEFAULT
 62
     1
100
AcDbSpline
210
0.0
220
0.0
230
1.0
 70
     8
 71
     3
 72
    77
 73
    73
 74
     0
 42
0.000000001
 43
0.0000000001
 40
0.0
 40
0.0
 40
0.0
 40
0.0
 40
1.0
 40
1.0
 40
1.0
 40
2.0
 40
2.0
 40
2.0
 40
3.0
 40
3.0
 40
3.0
 40
4.0
 40
4.0
 40
4.0
 40
5.0
 40
5.0
 40
5.0
 40
6.0
 40
6.0
 40
6.0
 40
7.0
 40
7.0
 40
7.0
 40
8.0
 40
8.0
 40
8.0
 40
9.0
 40
9.0
 40
9.0
 40
10.0
 40
10.0
 40
10.0
 40
11.0
 40
11.0
 40
11.0
 40
12.0
 40
12.0
 40
12.0
 40
13.0
 40
13.0
 40
13.0
 40
14.0
 40
14.0
 40
14.0
 40
15.0
 40
15.0
 40
15.0
 40
16.0
 40
16.0
 40
16.0
 40
17.0
 40
17.0
 40
17.0
 40
18.0
 40
18.0
 40
18.0
 40
19.0
 40
19.0
 40
19.0
 40
20.0
 40
20.0
 40
20.0
 40
21.0
 40
21.0
 40
21.0
 40
22.0
 40
22.0
 40
22.0
 40
23.0
 40
23.0
 40
23.0
 40
24.0
 40
24.0
 40
24.0
 40
24.0
 10
372.921353611111
 20
130.6835291666667
 30
0.0
 10
372.9710952777777
 20
128.7467791666667
 30
0.0
 10
373.4861508333333
 20
127.8115652777778
 30
0.0
 10
374.5935202777777
 20
128.4751402777778
 30
0.0
 10
375.4405397222222
 20
129.2583069444444
 30
0.0
 10
376.2656869444444
 20
129.6287236111111
 30
0.0
 10
377.0241591666667
 20
129.4100013888889
 30
0.0
 10
377.0947147222221
 20
129.4100013888889
 30
0.0
 10
377.8217897222222
 20
130.3519180555556
 30
0.0
 10
378.2059647222222
 20
131.6677791666667
 30
0.0
 10
378.5940202777777
 20
133.0009263888889
 30
0.0
 10
378.7637063888888
 20
133.7562236111111
 30
0.0
 10
378.8586036111111
 20
134.0843069444444
 30
0.0
 10
379.1372980555554
 20
135.0449208333333
 30
0.0
 10
379.4159925
 20
136.0058875
 30
0.0
 10
379.6946869444444
 20
136.9665013888889
 30
0.0
 10
380.6542425
 20
136.6878069444444
 30
0.0
 10
381.6137980555555
 20
136.4087597222222
 30
0.0
 10
382.573353611111
 20
136.1300652777778
 30
0.0
 10
382.2936008333333
 20
135.1683930555556
 30
0.0
 10
382.0134952777777
 20
134.2063680555555
 30
0.0
 10
381.7337424999999
 20
133.2446958333333
 30
0.0
 10
381.6455480555555
 20
132.9201402777778
 30
0.0
 10
381.3774369444444
 20
132.1898902777778
 30
0.0
 10
380.9929091666667
 20
130.8599180555555
 30
0.0
 10
380.6224924999999
 20
129.5828625
 30
0.0
 10
380.7212702777777
 20
128.4116402777778
 30
0.0
 10
380.7741869444444
 20
128.3234458333333
 30
0.0
 10
382.4216591666666
 20
127.8397875
 30
0.0
 10
383.8856869444444
 20
127.8225013888889
 30
0.0
 10
384.1185202777777
 20
127.5367513888889
 30
0.0
 10
384.9792980555555
 20
126.8696486111111
 30
0.0
 10
386.5068258333333
 20
128.6656402777778
 30
0.0
 10
386.8278536111111
 20
130.6835291666667
 30
0.0
 10
389.0715202777777
 20
140.5295569444444
 30
0.0
 10
384.5489091666666
 20
142.3636486111111
 30
0.0
 10
386.7537702777777
 20
144.5900291666667
 30
0.0
 10
390.4896869444444
 20
148.3682791666667
 30
0.0
 10
387.1065480555555
 20
155.7692041666666
 30
0.0
 10
386.6761591666666
 20
158.4965291666667
 30
0.0
 10
385.9423813888889
 20
162.0310097222222
 30
0.0
 10
384.8632341666666
 20
162.4053069444444
 30
0.0
 10
383.8962702777777
 20
162.1513069444444
 30
0.0
 10
383.0062119444444
 20
161.8853125
 30
0.0
 10
382.1158008333333
 20
161.6196708333333
 30
0.0
 10
381.2257424999999
 20
161.3536763888889
 30
0.0
 10
381.1657702777777
 20
161.3434458333333
 30
0.0
 10
380.9929091666667
 20
160.1545847222222
 30
0.0
 10
381.303353611111
 20
158.8105013888889
 30
0.0
 10
381.6243813888889
 20
157.4590097222222
 30
0.0
 10
381.8505119444443
 20
156.7150013888889
 30
0.0
 10
381.9245952777777
 20
156.3833902777778
 30
0.0
 10
382.1549591666666
 20
155.4097236111111
 30
0.0
 10
382.3853230555555
 20
154.4357041666667
 30
0.0
 10
382.6156869444444
 20
153.4620375
 30
0.0
 10
381.6420202777777
 20
153.2327319444444
 30
0.0
 10
380.6683536111111
 20
153.0037791666666
 30
0.0
 10
379.6946869444444
 20
152.7744736111111
 30
0.0
 10
379.4664397222222
 20
153.7491986111111
 30
0.0
 10
379.2385452777777
 20
154.7242763888889
 30
0.0
 10
379.0102980555555
 20
155.6990013888889
 30
0.0
 10
378.9259841666666
 20
156.0306125
 30
0.0
 10
378.8021591666666
 20
156.7961402777778
 30
0.0
 10
378.4811313888889
 20
158.1437513888889
 30
0.0
 10
378.1777425
 20
159.4384458333333
 30
0.0
 10
377.5148730555555
 20
160.4085847222222
 30
0.0
 10
377.426678611111
 20
160.4615013888889
 30
0.0
 10
374.8090675
 20
159.7841680555555
 30
0.0
 10
375.3167147222222
 20
160.7821763888889
 30
0.0
 10
374.2689647222222
 20
162.1901125
 30
0.0
 10
373.080103611111
 20
162.7968902777777
 30
0.0
 10
372.6183175
 20
160.7222041666667
 30
0.0
 10
372.7696591666666
 20
158.4965291666667
 30
0.0
  0
SPLINE
  5
221
330
1F
100
AcDbEntity
  8
DEFAULT
 62
     1
100
AcDbSpline
210
0.0
220
0.0
230
1.0
 70
     8
 71
     3
 72
    56
 73
    52
 74
     0
 42
0.000000001
 43
0.0000000001
 40
0.0
 40
0.0
 40
0.0
 40
0.0
 40
1.0
 40
1.0
 40
1.0
 40
2.0
 40
2.0
 40
2.0
 40
3.0
 40
3.0
 40
3.0
 40
4.0
 40
4.0
 40
4.0
 40
5.0
 40
5.0
 40
5.0
 40
6.0
 40
6.0
 40
6.0
 40
7.0
 40
7.0
 40
7.0
 40
8.0
 40
8.0
 40
8.0
 40
9.0
 40
9.0
 40
9.0
 40
10.0
 40
10.0
 40
10.0
 40
11.0
 40
11.0
 40
11.0
 40
12.0
 40
12.0
 40
12.0
 40
13.0
 40
13.0
 40
13.0
 40
14.0
 40
14.0
 40
14.0
 40
15.0
 40
15.0
 40
15.0
 40
16.0
 40
16.0
 40
16.0
 40
17.0
 40
17.0
 40
17.0
 40
17.0
 10
290.2161666666667
 20
255.4495638888889
 30
0.0
 10
290.1547833333333
 20
256.2327305555556
 30
0.0
 10
290.2673194444444
 20
257.2540222222222
 30
0.0
 10
290.5922277777777
 20
257.5577638888889
 30
0.0
 10
292.1261055555555
 20
258.9858083333333
 30
0.0
 10
291.8773972222222
 20
259.7643888888889
 30
0.0
 10
292.3815166666666
 20
260.0145083333334
 30
0.0
 10
292.7124222222222
 20
260.1796083333333
 30
0.0
 10
294.0508611111111
 20
259.5823555555556
 30
0.0
 10
295.7466638888889
 20
259.3322361111111
 30
0.0
 10
295.8062833333333
 20
259.3234166666667
 30
0.0
 10
296.0796861111111
 20
258.156075
 30
0.0
 10
295.8775444444444
 20
256.7880027777778
 30
0.0
 10
295.6715222222222
 20
255.4171083333333
 30
0.0
 10
295.5060694444444
 20
254.6568722222222
 30
0.0
 10
295.4595027777777
 20
254.3178527777778
 30
0.0
 10
295.3113361111111
 20
253.3293694444444
 30
0.0
 10
295.1628166666666
 20
252.3408861111111
 30
0.0
 10
295.01465
 20
251.3524027777778
 30
0.0
 10
296.0027805555555
 20
251.202825
 30
0.0
 10
296.9912638888889
 20
251.0536
 30
0.0
 10
297.9793944444444
 20
250.9040222222222
 30
0.0
 10
298.1268555555555
 20
251.894975
 30
0.0
 10
298.2743166666666
 20
252.8859277777777
 30
0.0
 10
298.4217777777777
 20
253.8768805555555
 30
0.0
 10
298.4750472222221
 20
254.2116666666666
 30
0.0
 10
298.5399583333333
 20
254.9898944444444
 30
0.0
 10
298.7449222222222
 20
256.3540861111111
 30
0.0
 10
298.9424777777778
 20
257.6692416666667
 30
0.0
 10
299.521386111111
 20
258.69265
 30
0.0
 10
299.6085222222222
 20
258.7512111111111
 30
0.0
 10
300.3902777777777
 20
258.6358527777778
 30
0.0
 10
300.9847083333333
 20
257.9525222222222
 30
0.0
 10
301.4267388888888
 20
256.8888972222222
 30
0.0
 10
301.6458138888888
 20
256.3629055555556
 30
0.0
 10
301.8303166666666
 20
255.7653
 30
0.0
 10
301.9841277777777
 20
255.1140722222222
 30
0.0
 10
303.2918749999999
 20
249.5761666666667
 30
0.0
 10
302.3637166666666
 20
240.1820472222222
 30
0.0
 10
301.1596861111111
 20
238.5158777777778
 30
0.0
 10
300.8795805555555
 20
238.1292333333333
 30
0.0
 10
300.809025
 20
237.6826166666667
 30
0.0
 10
300.8510055555555
 20
237.1975472222222
 30
0.0
 10
301.0524416666666
 20
234.8551027777777
 30
0.0
 10
303.8686666666666
 20
231.6208361111111
 30
0.0
 10
298.2549138888888
 20
229.9433777777778
 30
0.0
 10
294.7934583333333
 20
228.907975
 30
0.0
 10
292.9424333333333
 20
230.8641277777778
 30
0.0
 10
294.6752777777778
 20
234.9041388888889
 30
0.0
 10
296.1400111111111
 20
238.3158527777778
 30
0.0
 10
290.6941805555555
 20
235.2304583333333
 30
0.0
 10
289.7141638888888
 20
238.4439111111111
 30
0.0
  0
POLYLINE
  5
222
330
1F
100
AcDbEntity
  8
DEFAULT
 62
    18
100
AcDb2dPolyline
 66
     1
 10
0.0
 20
0.0
 30
0.0
  0
VERTEX
  5
223
330
222
100
AcDbEntity
  8
DEFAULT
 62
    18
100
AcDbVertex
100
AcDb2dVertex
 10
297.6803094444444
 20
248.9266322222222
 30
0.0
  0
VERTEX
  5
224
330
222
100
AcDbEntity
  8
DEFAULT
 62
    18
100
AcDbVertex
100
AcDb2dVertex
 10
294.715565
 20
249.3750127777777
 30
0.0
  0
SEQEND
  5
225
330
222
100
AcDbEntity
  8
DEFAULT
 62
    18
  0
POLYLINE
  5
226
330
1F
100
AcDbEntity
  8
DEFAULT
 62
    18
100
AcDb2dPolyline
 66
     1
 10
0.0
 20
0.0
 30
0.0
  0
VERTEX
  5
227
330
226
100
AcDbEntity
  8
DEFAULT
 62
    18
100
AcDbVertex
100
AcDb2dVertex
 10
297.5308022222222
 20
247.9379019444444
 30
0.0
  0
VERTEX
  5
228
330
226
100
AcDbEntity
  8
DEFAULT
 62
    18
100
AcDbVertex
100
AcDb2dVertex
 10
294.5660577777778
 20
248.3862825
 30
0.0
  0
SEQEND
  5
229
330
226
100
AcDbEntity
  8
DEFAULT
 62
    18
  0
SPLINE
  5
22A
330
1F
100
AcDbEntity
  8
DEFAULT
 62
     1
100
AcDbSpline
210
0.0
220
0.0
230
1.0
 70
     8
 71
     3
 72
    50
 73
    46
 74
     0
 42
0.000000001
 43
0.0000000001
 40
0.0
 40
0.0
 40
0.0
 40
0.0
 40
1.0
 40
1.0
 40
1.0
 40
2.0
 40
2.0
 40
2.0
 40
3.0
 40
3.0
 40
3.0
 40
4.0
 40
4.0
 40
4.0
 40
5.0
 40
5.0
 40
5.0
 40
6.0
 40
6.0
 40
6.0
 40
7.0
 40
7.0
 40
7.0
 40
8.0
 40
8.0
 40
8.0
 40
9.0
 40
9.0
 40
9.0
 40
10.0
 40
10.0
 40
10.0
 40
11.0
 40
11.0
 40
11.0
 40
12.0
 40
12.0
 40
12.0
 40
13.0
 40
13.0
 40
13.0
 40
14.0
 40
14.0
 40
14.0
 40
15.0
 40
15.0
 40
15.0
 40
15.0
 10
301.9842688888889
 20
255.1140016666666
 30
0.0
 10
301.9786244444444
 20
255.8777655555555
 30
0.0
 10
302.2072244444444
 20
256.2665266666667
 30
0.0
 10
302.5727022222222
 20
256.4905405555555
 30
0.0
 10
304.3609327777777
 20
257.5837988888889
 30
0.0
 10
304.7726244444444
 20
258.3973044444444
 30
0.0
 10
305.316255
 20
258.5415905555555
 30
0.0
 10
305.6736188888889
 20
258.6371933333333
 30
0.0
 10
306.865655
 20
257.7852349999999
 30
0.0
 10
308.4778494444445
 20
257.2013877777778
 30
0.0
 10
308.5342938888889
 20
257.1809266666667
 30
0.0
 10
308.5692188888889
 20
255.9825405555555
 30
0.0
 10
308.0982605555556
 20
254.6822016666666
 30
0.0
 10
307.6227161111111
 20
253.3800988888889
 30
0.0
 10
307.3087438888888
 20
252.6681933333333
 30
0.0
 10
307.1951494444444
 20
252.3454016666666
 30
0.0
 10
306.8526022222222
 20
251.4063072222222
 30
0.0
 10
306.510055
 20
250.4675655555555
 30
0.0
 10
306.1675077777778
 20
249.5284711111111
 30
0.0
 10
307.1058966666666
 20
249.1848655555555
 30
0.0
 10
308.0446383333333
 20
248.8409072222222
 30
0.0
 10
308.9830272222222
 20
248.4973016666666
 30
0.0
 10
309.3252216666667
 20
249.4388655555555
 30
0.0
 10
309.6677688888889
 20
250.3804294444444
 30
0.0
 10
310.0099633333333
 20
251.3219933333333
 30
0.0
 10
310.1288494444444
 20
251.6391405555555
 30
0.0
 10
310.3479244444444
 20
252.389146111111
 30
0.0
 10
310.8209994444444
 20
253.6848988888888
 30
0.0
 10
311.2774938888888
 20
254.934085
 30
0.0
 10
312.0490188888888
 20
255.8213211111111
 30
0.0
 10
312.1460327777777
 20
255.861185
 30
0.0
 10
312.8889827777778
 20
255.5920155555555
 30
0.0
 10
313.3352466666666
 20
254.8039099999999
 30
0.0
 10
313.5560855555556
 20
253.67361
 30
0.0
 10
314.5960744444444
 20
248.3625405555555
 30
0.0
 10
312.3654605555556
 20
238.3584683333333
 30
0.0
 10
310.9712827777778
 20
236.5324905555555
 30
0.0
 10
309.6236716666667
 20
234.7731877777777
 30
0.0
 10
313.488705
 20
229.4317794444444
 30
0.0
 10
308.3409716666666
 20
228.0404238888889
 30
0.0
 10
304.8534105555556
 20
227.0967433333333
 30
0.0
 10
303.1205661111111
 20
229.5714794444444
 30
0.0
 10
304.8929216666667
 20
233.5942044444444
 30
0.0
 10
306.1996105555555
 20
236.5607127777778
 30
0.0
 10
301.8727911111111
 20
233.5621016666666
 30
0.0
 10
300.8507938888889
 20
237.1974766666666
 30
0.0
  0
POLYLINE
  5
22B
330
1F
100
AcDbEntity
  8
DEFAULT
 62
    18
100
AcDb2dPolyline
 66
     1
 10
0.0
 20
0.0
 30
0.0
  0
VERTEX
  5
22C
330
22B
100
AcDbEntity
  8
DEFAULT
 62
    18
100
AcDbVertex
100
AcDb2dVertex
 10
308.2953222222222
 20
246.6192891666666
 30
0.0
  0
VERTEX
  5
22D
330
22B
100
AcDbEntity
  8
DEFAULT
 62
    18
100
AcDbVertex
100
AcDb2dVertex
 10
305.4798027777777
 20
247.6504586111111
 30
0.0
  0
SEQEND
  5
22E
330
22B
100
AcDbEntity
  8
DEFAULT
 62
    18
  0
POLYLINE
  5
22F
330
1F
100
AcDbEntity
  8
DEFAULT
 62
    18
100
AcDb2dPolyline
 66
     1
 10
0.0
 20
0.0
 30
0.0
  0
VERTEX
  5
230
330
22F
100
AcDbEntity
  8
DEFAULT
 62
    18
100
AcDbVertex
100
AcDb2dVertex
 10
307.9515049999999
 20
245.6803005555555
 30
0.0
  0
VERTEX
  5
231
330
22F
100
AcDbEntity
  8
DEFAULT
 62
    18
100
AcDbVertex
100
AcDb2dVertex
 10
305.1359855555555
 20
246.71147
 30
0.0
  0
SEQEND
  5
232
330
22F
100
AcDbEntity
  8
DEFAULT
 62
    18
  0
POLYLINE
  5
233
330
1F
100
AcDbEntity
  8
DEFAULT
 62
    18
100
AcDb2dPolyline
 66
     1
 10
0.0
 20
0.0
 30
0.0
  0
VERTEX
  5
234
330
233
100
AcDbEntity
  8
DEFAULT
 62
    18
100
AcDbVertex
100
AcDb2dVertex
 10
307.6075113888888
 20
244.7411708333333
 30
0.0
  0
VERTEX
  5
235
330
233
100
AcDbEntity
  8
DEFAULT
 62
    18
100
AcDbVertex
100
AcDb2dVertex
 10
304.7919919444444
 20
245.7723402777778
 30
0.0
  0
SEQEND
  5
236
330
233
100
AcDbEntity
  8
DEFAULT
 62
    18
  0
SPLINE
  5
237
330
1F
100
AcDbEntity
  8
DEFAULT
 62
     1
100
AcDbSpline
210
0.0
220
0.0
230
1.0
 70
    11
 71
     3
 72
    56
 73
    52
 74
     0
 42
0.000000001
 43
0.0000000001
 40
1.0
 40
1.0
 40
1.0
 40
1.0
 40
2.0
 40
2.0
 40
2.0
 40
3.0
 40
3.0
 40
3.0
 40
4.0
 40
4.0
 40
4.0
 40
5.0
 40
5.0
 40
5.0
 40
6.0
 40
6.0
 40
6.0
 40
7.0
 40
7.0
 40
7.0
 40
8.0
 40
8.0
 40
8.0
 40
9.0
 40
9.0
 40
9.0
 40
10.0
 40
10.0
 40
10.0
 40
11.0
 40
11.0
 40
11.0
 40
12.0
 40
12.0
 40
12.0
 40
13.0
 40
13.0
 40
13.0
 40
14.0
 40
14.0
 40
14.0
 40
15.0
 40
15.0
 40
15.0
 40
16.0
 40
16.0
 40
16.0
 40
17.0
 40
17.0
 40
17.0
 40
18.0
 40
18.0
 40
18.0
 40
18.0
 10
283.403498611111
 20
236.8877377777777
 30
0.0
 10
285.2520541666666
 20
240.8811822222222
 30
0.0
 10
275.3319430555555
 20
236.5314322222222
 30
0.0
 10
278.2882208333333
 20
243.3788488888889
 30
0.0
 10
281.3573875
 20
250.4873211111111
 30
0.0
 10
276.5948875
 20
257.1477655555555
 30
0.0
 10
277.9213319444444
 20
258.8128766666666
 30
0.0
 10
279.2301375
 20
260.4497655555555
 30
0.0
 10
278.8703041666666
 20
261.1835433333333
 30
0.0
 10
279.3324430555555
 20
261.5045711111111
 30
0.0
 10
279.6358319444444
 20
261.7162377777777
 30
0.0
 10
281.0469430555555
 20
261.3211266666667
 30
0.0
 10
282.7614430555555
 20
261.3211266666667
 30
0.0
 10
282.8214152777778
 20
261.3211266666667
 30
0.0
 10
283.2623875
 20
260.2063488888889
 30
0.0
 10
283.2623875
 20
258.82346
 30
0.0
 10
283.2588597222222
 20
257.4370433333333
 30
0.0
 10
283.2059430555555
 20
256.6609322222222
 30
0.0
 10
283.2094708333333
 20
256.3187377777778
 30
0.0
 10
283.2070013888888
 20
255.3193183333333
 30
0.0
 10
283.2048847222222
 20
254.3195461111111
 30
0.0
 10
283.2024152777777
 20
253.3201266666667
 30
0.0
 10
284.2018347222222
 20
253.3165988888889
 30
0.0
 10
285.2016069444444
 20
253.3130711111111
 30
0.0
 10
286.2010263888888
 20
253.3095433333333
 30
0.0
 10
286.2020847222222
 20
254.3114322222222
 30
0.0
 10
286.2034958333333
 20
255.3133211111111
 30
0.0
 10
286.2045541666666
 20
256.31521
 30
0.0
 10
286.2080819444444
 20
256.6538766666666
 30
0.0
 10
286.1586930555555
 20
257.4335155555555
 30
0.0
 10
286.1622208333333
 20
258.8128766666666
 30
0.0
 10
286.1657486111111
 20
260.1428488888889
 30
0.0
 10
286.5890819444444
 20
261.2399877777777
 30
0.0
 10
286.6666930555555
 20
261.3105433333333
 30
0.0
 10
287.4569152777777
 20
261.3105433333333
 30
0.0
 10
288.1448319444444
 20
260.7214044444444
 30
0.0
 10
288.7374986111111
 20
259.7336266666666
 30
0.0
 10
289.3784958333333
 20
258.6668266666666
 30
0.0
 10
289.8646236111111
 20
257.1597599999999
 30
0.0
 10
290.2163430555555
 20
255.4494933333333
 30
0.0
 10
291.3932097222222
 20
249.7242627777777
 30
0.0
 10
291.0619513888888
 20
241.7211461111111
 30
0.0
 10
289.9863319444444
 20
240.3167377777778
 30
0.0
 10
289.5859291666666
 20
239.7960377777778
 30
0.0
 10
289.5799319444444
 20
239.1504544444444
 30
0.0
 10
289.7143402777778
 20
238.4441933333333
 30
0.0
 10
290.1496680555555
 20
236.1564294444444
 30
0.0
 10
292.0617236111111
 20
233.2308433333333
 30
0.0
 10
286.8430819444444
 20
231.8289044444444
 30
0.0
 10
283.3541097222222
 20
230.8905155555555
 30
0.0
 10
281.5584708333333
 20
232.8978211111111
 30
0.0
 10
283.403498611111
 20
236.8877377777777
 30
0.0
  0
POLYLINE
  5
238
330
1F
100
AcDbEntity
  8
DEFAULT
 62
    18
100
AcDb2dPolyline
 66
     1
 10
0.0
 20
0.0
 30
0.0
  0
VERTEX
  5
239
330
238
100
AcDbEntity
  8
DEFAULT
 62
    18
100
AcDbVertex
100
AcDb2dVertex
 10
286.2010616666666
 20
251.3096108333333
 30
0.0
  0
VERTEX
  5
23A
330
238
100
AcDbEntity
  8
DEFAULT
 62
    18
100
AcDbVertex
100
AcDb2dVertex
 10
283.2024505555555
 20
251.3096108333333
 30
0.0
  0
SEQEND
  5
23B
330
238
100
AcDbEntity
  8
DEFAULT
 62
    18
  0
SPLINE
  5
23C
330
1F
100
AcDbEntity
  8
DEFAULT
 62
     1
100
AcDbSpline
210
0.0
220
0.0
230
1.0
 70
     8
 71
     3
 72
    56
 73
    52
 74
     0
 42
0.000000001
 43
0.0000000001
 40
0.0
 40
0.0
 40
0.0
 40
0.0
 40
1.0
 40
1.0
 40
1.0
 40
2.0
 40
2.0
 40
2.0
 40
3.0
 40
3.0
 40
3.0
 40
4.0
 40
4.0
 40
4.0
 40
5.0
 40
5.0
 40
5.0
 40
6.0
 40
6.0
 40
6.0
 40
7.0
 40
7.0
 40
7.0
 40
8.0
 40
8.0
 40
8.0
 40
9.0
 40
9.0
 40
9.0
 40
10.0
 40
10.0
 40
10.0
 40
11.0
 40
11.0
 40
11.0
 40
12.0
 40
12.0
 40
12.0
 40
13.0
 40
13.0
 40
13.0
 40
14.0
 40
14.0
 40
14.0
 40
15.0
 40
15.0
 40
15.0
 40
16.0
 40
16.0
 40
16.0
 40
17.0
 40
17.0
 40
17.0
 40
17.0
 10
296.4955405555555
 20
348.36862
 30
0.0
 10
296.5569238888888
 20
349.1514338888889
 30
0.0
 10
296.4443877777778
 20
350.1730783333333
 30
0.0
 10
296.1194794444444
 20
350.47682
 30
0.0
 10
294.5856016666667
 20
351.9048644444445
 30
0.0
 10
294.8346627777777
 20
352.683445
 30
0.0
 10
294.3305433333333
 20
352.9332116666666
 30
0.0
 10
293.9992849999999
 20
353.0986644444444
 30
0.0
 10
292.6611988888889
 20
352.5014116666667
 30
0.0
 10
290.9650433333333
 20
352.2512922222222
 30
0.0
 10
290.9057766666666
 20
352.2424727777778
 30
0.0
 10
290.6323738888889
 20
351.0751311111111
 30
0.0
 10
290.8341627777777
 20
349.7070588888889
 30
0.0
 10
291.040185
 20
348.3361644444444
 30
0.0
 10
291.2059905555555
 20
347.5759283333333
 30
0.0
 10
291.2525572222222
 20
347.2369088888889
 30
0.0
 10
291.4007238888889
 20
346.2484255555556
 30
0.0
 10
291.5492433333333
 20
345.2599422222222
 30
0.0
 10
291.69741
 20
344.2714588888888
 30
0.0
 10
290.7092794444444
 20
344.1218811111111
 30
0.0
 10
289.7207961111111
 20
343.9726561111111
 30
0.0
 10
288.7326655555555
 20
343.8230783333333
 30
0.0
 10
288.5852044444444
 20
344.8140311111111
 30
0.0
 10
288.4373905555555
 20
345.8049838888888
 30
0.0
 10
288.2899294444444
 20
346.7959366666666
 30
0.0
 10
288.2370127777777
 20
347.1307227777777
 30
0.0
 10
288.1721016666666
 20
347.9089505555555
 30
0.0
 10
287.9671377777777
 20
349.2731422222222
 30
0.0
 10
287.7692294444444
 20
350.5882977777778
 30
0.0
 10
287.1903211111111
 20
351.6117061111111
 30
0.0
 10
287.1031849999999
 20
351.6702672222222
 30
0.0
 10
286.3214294444444
 20
351.5549088888889
 30
0.0
 10
285.7269988888889
 20
350.8715783333333
 30
0.0
 10
285.2849683333333
 20
349.8079533333333
 30
0.0
 10
285.0662461111111
 20
349.2819616666667
 30
0.0
 10
284.8813905555555
 20
348.6843561111111
 30
0.0
 10
284.7275794444444
 20
348.0331283333333
 30
0.0
 10
283.4198322222222
 20
342.4952227777778
 30
0.0
 10
284.3483433333333
 20
333.1011033333333
 30
0.0
 10
285.5520211111111
 20
331.4349338888889
 30
0.0
 10
285.8324794444444
 20
331.0482894444444
 30
0.0
 10
285.9026822222222
 20
330.60132
 30
0.0
 10
285.8610544444444
 20
330.1166033333333
 30
0.0
 10
285.6592655555555
 20
327.7741588888888
 30
0.0
 10
282.8430405555555
 20
324.5398922222222
 30
0.0
 10
288.4567933333333
 20
322.8624338888889
 30
0.0
 10
291.9182488888889
 20
321.8270311111111
 30
0.0
 10
293.7692738888888
 20
323.7831838888889
 30
0.0
 10
292.0367822222222
 20
327.823195
 30
0.0
 10
290.5716961111111
 20
331.2349088888889
 30
0.0
 10
296.0178794444444
 20
328.1495144444444
 30
0.0
 10
296.9975433333333
 20
331.3629672222222
 30
0.0
  0
POLYLINE
  5
23D
330
1F
100
AcDbEntity
  8
DEFAULT
 62
    18
100
AcDb2dPolyline
 66
     1
 10
0.0
 20
0.0
 30
0.0
  0
VERTEX
  5
23E
330
23D
100
AcDbEntity
  8
DEFAULT
 62
    18
100
AcDbVertex
100
AcDb2dVertex
 10
289.0315741666666
 20
341.8456883333333
 30
0.0
  0
VERTEX
  5
23F
330
23D
100
AcDbEntity
  8
DEFAULT
 62
    18
100
AcDbVertex
100
AcDb2dVertex
 10
291.9963186111111
 20
342.2940688888889
 30
0.0
  0
SEQEND
  5
240
330
23D
100
AcDbEntity
  8
DEFAULT
 62
    18
  0
POLYLINE
  5
241
330
1F
100
AcDbEntity
  8
DEFAULT
 62
    18
100
AcDb2dPolyline
 66
     1
 10
0.0
 20
0.0
 30
0.0
  0
VERTEX
  5
242
330
241
100
AcDbEntity
  8
DEFAULT
 62
    18
100
AcDbVertex
100
AcDb2dVertex
 10
289.1810813888889
 20
340.8569227777778
 30
0.0
  0
VERTEX
  5
243
330
241
100
AcDbEntity
  8
DEFAULT
 62
    18
100
AcDbVertex
100
AcDb2dVertex
 10
292.1458258333333
 20
341.3053033333334
 30
0.0
  0
SEQEND
  5
244
330
241
100
AcDbEntity
  8
DEFAULT
 62
    18
  0
SPLINE
  5
245
330
1F
100
AcDbEntity
  8
DEFAULT
 62
     1
100
AcDbSpline
210
0.0
220
0.0
230
1.0
 70
     8
 71
     3
 72
    50
 73
    46
 74
     0
 42
0.000000001
 43
0.0000000001
 40
0.0
 40
0.0
 40
0.0
 40
0.0
 40
1.0
 40
1.0
 40
1.0
 40
2.0
 40
2.0
 40
2.0
 40
3.0
 40
3.0
 40
3.0
 40
4.0
 40
4.0
 40
4.0
 40
5.0
 40
5.0
 40
5.0
 40
6.0
 40
6.0
 40
6.0
 40
7.0
 40
7.0
 40
7.0
 40
8.0
 40
8.0
 40
8.0
 40
9.0
 40
9.0
 40
9.0
 40
10.0
 40
10.0
 40
10.0
 40
11.0
 40
11.0
 40
11.0
 40
12.0
 40
12.0
 40
12.0
 40
13.0
 40
13.0
 40
13.0
 40
14.0
 40
14.0
 40
14.0
 40
15.0
 40
15.0
 40
15.0
 40
15.0
 10
284.7276147222222
 20
348.0330577777777
 30
0.0
 10
284.7332591666666
 20
348.7968216666666
 30
0.0
 10
284.5043063888888
 20
349.1855827777778
 30
0.0
 10
284.1391813888889
 20
349.4095966666666
 30
0.0
 10
282.3509508333333
 20
350.502855
 30
0.0
 10
281.9392591666667
 20
351.3163605555555
 30
0.0
 10
281.3956286111111
 20
351.4606466666666
 30
0.0
 10
281.0382647222222
 20
351.5562494444444
 30
0.0
 10
279.8458758333333
 20
350.704291111111
 30
0.0
 10
278.2340341666666
 20
350.1204438888889
 30
0.0
 10
278.1775897222222
 20
350.0999827777778
 30
0.0
 10
278.1426647222222
 20
348.9015966666666
 30
0.0
 10
278.6136230555555
 20
347.6012577777777
 30
0.0
 10
279.0891675
 20
346.299155
 30
0.0
 10
279.4031397222222
 20
345.5872494444444
 30
0.0
 10
279.5163813888889
 20
345.2644577777777
 30
0.0
 10
279.8589286111111
 20
344.3253633333333
 30
0.0
 10
280.2018286111111
 20
343.3866216666666
 30
0.0
 10
280.5443758333333
 20
342.4475272222222
 30
0.0
 10
279.6059869444444
 20
342.1039216666666
 30
0.0
 10
278.6672452777777
 20
341.7599633333333
 30
0.0
 10
277.7288563888889
 20
341.4163577777778
 30
0.0
 10
277.3866619444444
 20
342.3579216666666
 30
0.0
 10
277.0441147222222
 20
343.2994855555555
 30
0.0
 10
276.7019202777777
 20
344.2410494444444
 30
0.0
 10
276.5830341666667
 20
344.5581966666666
 30
0.0
 10
276.3639591666666
 20
345.3082022222222
 30
0.0
 10
275.8908841666666
 20
346.6039549999999
 30
0.0
 10
275.4343897222222
 20
347.8531411111111
 30
0.0
 10
274.6628647222222
 20
348.7403772222222
 30
0.0
 10
274.5658508333333
 20
348.7805938888889
 30
0.0
 10
273.8229008333333
 20
348.5110716666666
 30
0.0
 10
273.3766369444444
 20
347.7229661111111
 30
0.0
 10
273.1557980555555
 20
346.5926661111111
 30
0.0
 10
272.1158091666666
 20
341.2815966666666
 30
0.0
 10
274.3464230555555
 20
331.2775244444444
 30
0.0
 10
275.7406008333333
 20
329.4515466666666
 30
0.0
 10
277.0882119444444
 20
327.6922438888889
 30
0.0
 10
273.2231786111111
 20
322.3508355555555
 30
0.0
 10
278.3709119444444
 20
320.9594799999999
 30
0.0
 10
281.8584730555555
 20
320.0157994444444
 30
0.0
 10
283.5913174999999
 20
322.4905355555555
 30
0.0
 10
281.8189619444444
 20
326.5132605555555
 30
0.0
 10
280.5122730555556
 20
329.4797688888888
 30
0.0
 10
284.8390925
 20
326.4811577777778
 30
0.0
 10
285.8610897222222
 20
330.1165327777777
 30
0.0
  0
POLYLINE
  5
246
330
1F
100
AcDbEntity
  8
DEFAULT
 62
    18
100
AcDb2dPolyline
 66
     1
 10
0.0
 20
0.0
 30
0.0
  0
VERTEX
  5
247
330
246
100
AcDbEntity
  8
DEFAULT
 62
    18
100
AcDbVertex
100
AcDb2dVertex
 10
278.4165261111111
 20
339.5383099999999
 30
0.0
  0
VERTEX
  5
248
330
246
100
AcDbEntity
  8
DEFAULT
 62
    18
100
AcDbVertex
100
AcDb2dVertex
 10
281.2320455555555
 20
340.5694794444444
 30
0.0
  0
SEQEND
  5
249
330
246
100
AcDbEntity
  8
DEFAULT
 62
    18
  0
POLYLINE
  5
24A
330
1F
100
AcDbEntity
  8
DEFAULT
 62
    18
100
AcDb2dPolyline
 66
     1
 10
0.0
 20
0.0
 30
0.0
  0
VERTEX
  5
24B
330
24A
100
AcDbEntity
  8
DEFAULT
 62
    18
100
AcDbVertex
100
AcDb2dVertex
 10
278.7603433333333
 20
338.5993566666666
 30
0.0
  0
VERTEX
  5
24C
330
24A
100
AcDbEntity
  8
DEFAULT
 62
    18
100
AcDbVertex
100
AcDb2dVertex
 10
281.5758627777777
 20
339.6305261111111
 30
0.0
  0
SEQEND
  5
24D
330
24A
100
AcDbEntity
  8
DEFAULT
 62
    18
  0
POLYLINE
  5
24E
330
1F
100
AcDbEntity
  8
DEFAULT
 62
    18
100
AcDb2dPolyline
 66
     1
 10
0.0
 20
0.0
 30
0.0
  0
VERTEX
  5
24F
330
24E
100
AcDbEntity
  8
DEFAULT
 62
    18
100
AcDbVertex
100
AcDb2dVertex
 10
279.1043369444444
 20
337.6602269444444
 30
0.0
  0
VERTEX
  5
250
330
24E
100
AcDbEntity
  8
DEFAULT
 62
    18
100
AcDbVertex
100
AcDb2dVertex
 10
281.9198563888888
 20
338.6913963888888
 30
0.0
  0
SEQEND
  5
251
330
24E
100
AcDbEntity
  8
DEFAULT
 62
    18
  0
SPLINE
  5
252
330
1F
100
AcDbEntity
  8
DEFAULT
 62
     1
100
AcDbSpline
210
0.0
220
0.0
230
1.0
 70
    11
 71
     3
 72
    56
 73
    52
 74
     0
 42
0.000000001
 43
0.0000000001
 40
1.0
 40
1.0
 40
1.0
 40
1.0
 40
2.0
 40
2.0
 40
2.0
 40
3.0
 40
3.0
 40
3.0
 40
4.0
 40
4.0
 40
4.0
 40
5.0
 40
5.0
 40
5.0
 40
6.0
 40
6.0
 40
6.0
 40
7.0
 40
7.0
 40
7.0
 40
8.0
 40
8.0
 40
8.0
 40
9.0
 40
9.0
 40
9.0
 40
10.0
 40
10.0
 40
10.0
 40
11.0
 40
11.0
 40
11.0
 40
12.0
 40
12.0
 40
12.0
 40
13.0
 40
13.0
 40
13.0
 40
14.0
 40
14.0
 40
14.0
 40
15.0
 40
15.0
 40
15.0
 40
16.0
 40
16.0
 40
16.0
 40
17.0
 40
17.0
 40
17.0
 40
18.0
 40
18.0
 40
18.0
 40
18.0
 10
303.308385
 20
329.8067938888889
 30
0.0
 10
301.4598294444444
 20
333.8002383333333
 30
0.0
 10
311.3799405555555
 20
329.4504883333333
 30
0.0
 10
308.4236627777777
 20
336.297905
 30
0.0
 10
305.3544961111111
 20
343.4063772222222
 30
0.0
 10
310.1169961111111
 20
350.0668216666666
 30
0.0
 10
308.7905516666666
 20
351.7319327777777
 30
0.0
 10
307.4817461111111
 20
353.3688216666666
 30
0.0
 10
307.8415794444444
 20
354.1025994444444
 30
0.0
 10
307.3794405555555
 20
354.4236272222222
 30
0.0
 10
307.0760516666666
 20
354.6352938888888
 30
0.0
 10
305.6649405555555
 20
354.2401827777778
 30
0.0
 10
303.9504405555555
 20
354.2401827777778
 30
0.0
 10
303.8904683333333
 20
354.2401827777778
 30
0.0
 10
303.449496111111
 20
353.125405
 30
0.0
 10
303.449496111111
 20
351.7425161111111
 30
0.0
 10
303.4530238888888
 20
350.3560994444444
 30
0.0
 10
303.5059405555555
 20
349.5799883333333
 30
0.0
 10
303.5024127777777
 20
349.2377938888889
 30
0.0
 10
303.5048822222222
 20
348.2383744444444
 30
0.0
 10
303.5069988888889
 20
347.2386022222222
 30
0.0
 10
303.5094683333333
 20
346.2391827777778
 30
0.0
 10
302.5100488888888
 20
346.235655
 30
0.0
 10
301.5102766666666
 20
346.2321272222222
 30
0.0
 10
300.5108572222222
 20
346.2285994444444
 30
0.0
 10
300.5097988888888
 20
347.2304883333333
 30
0.0
 10
300.5083877777777
 20
348.2323772222222
 30
0.0
 10
300.5073294444444
 20
349.2342661111111
 30
0.0
 10
300.5038016666666
 20
349.5729327777777
 30
0.0
 10
300.5531905555555
 20
350.3525716666666
 30
0.0
 10
300.5496627777777
 20
351.7319327777777
 30
0.0
 10
300.5461349999999
 20
353.061905
 30
0.0
 10
300.1228016666666
 20
354.1590438888888
 30
0.0
 10
300.0451905555555
 20
354.2295994444444
 30
0.0
 10
299.2549683333333
 20
354.2295994444444
 30
0.0
 10
298.5670516666666
 20
353.6404605555555
 30
0.0
 10
297.974385
 20
352.6526827777777
 30
0.0
 10
297.3333877777777
 20
351.5855299999999
 30
0.0
 10
296.8472599999999
 20
350.0788161111111
 30
0.0
 10
296.4955405555555
 20
348.3685494444444
 30
0.0
 10
295.3186738888888
 20
342.6433188888889
 30
0.0
 10
295.6499322222222
 20
334.6402022222222
 30
0.0
 10
296.7255516666667
 20
333.2357938888888
 30
0.0
 10
297.1259544444444
 20
332.7147411111111
 30
0.0
 10
297.1319516666666
 20
332.0695105555555
 30
0.0
 10
296.9975433333333
 20
331.3632494444444
 30
0.0
 10
296.5618627777777
 20
329.0754855555555
 30
0.0
 10
294.65016
 20
326.1495466666667
 30
0.0
 10
299.8688016666666
 20
324.7479605555555
 30
0.0
 10
303.3577738888889
 20
323.8095716666666
 30
0.0
 10
305.1534127777778
 20
325.8168772222222
 30
0.0
 10
303.308385
 20
329.8067938888889
 30
0.0
  0
POLYLINE
  5
253
330
1F
100
AcDbEntity
  8
DEFAULT
 62
    18
100
AcDb2dPolyline
 66
     1
 10
0.0
 20
0.0
 30
0.0
  0
VERTEX
  5
254
330
253
100
AcDbEntity
  8
DEFAULT
 62
    18
100
AcDbVertex
100
AcDb2dVertex
 10
300.5107866666666
 20
344.2286316666667
 30
0.0
  0
VERTEX
  5
255
330
253
100
AcDbEntity
  8
DEFAULT
 62
    18
100
AcDbVertex
100
AcDb2dVertex
 10
303.5093977777777
 20
344.2286316666667
 30
0.0
  0
SEQEND
  5
256
330
253
100
AcDbEntity
  8
DEFAULT
 62
    18
  0
POLYLINE
  5
257
330
1F
100
AcDbEntity
  8
DEFAULT
 62
    18
100
AcDb2dPolyline
 66
     1
 10
0.0
 20
0.0
 30
0.0
 70
     1
  0
VERTEX
  5
258
330
257
100
AcDbEntity
  8
DEFAULT
 62
    18
100
AcDbVertex
100
AcDb2dVertex
 10
450.1250416666666
 20
0.1248833333333333
 30
0.0
  0
VERTEX
  5
259
330
257
100
AcDbEntity
  8
DEFAULT
 62
    18
100
AcDbVertex
100
AcDb2dVertex
 10
0.1248833333333481
 20
0.1248833333333333
 30
0.0
  0
VERTEX
  5
25A
330
257
100
AcDbEntity
  8
DEFAULT
 62
    18
100
AcDbVertex
100
AcDb2dVertex
 10
0.1248833333333481
 20
400.1247888888889
 30
0.0
  0
VERTEX
  5
25B
330
257
100
AcDbEntity
  8
DEFAULT
 62
    18
100
AcDbVertex
100
AcDb2dVertex
 10
450.1250416666666
 20
400.1247888888889
 30
0.0
  0
SEQEND
  5
25C
330
257
100
AcDbEntity
  8
DEFAULT
 62
    18
  0
SPLINE
  5
25D
330
1F
100
AcDbEntity
  8
DEFAULT
 62
     1
100
AcDbSpline
210
0.0
220
0.0
230
1.0
 70
    11
 71
     3
 72
    89
 73
    85
 74
     0
 42
0.000000001
 43
0.0000000001
 40
5.659999999999968
 40
5.659999999999968
 40
5.659999999999968
 40
5.659999999999968
 40
14.15999999999997
 40
14.15999999999997
 40
14.15999999999997
 40
15.15999999999997
 40
15.15999999999997
 40
15.15999999999997
 40
16.15999999999997
 40
16.15999999999997
 40
16.15999999999997
 40
17.15999999999997
 40
17.15999999999997
 40
17.15999999999997
 40
21.57099999999997
 40
21.57099999999997
 40
21.57099999999997
 40
22.57099999999997
 40
22.57099999999997
 40
22.57099999999997
 40
70.50100000000003
 40
70.50100000000003
 40
70.50100000000003
 40
71.50100000000003
 40
71.50100000000003
 40
71.50100000000003
 40
99.81099999999998
 40
99.81099999999998
 40
99.81099999999998
 40
100.811
 40
100.811
 40
100.811
 40
134.771
 40
134.771
 40
134.771
 40
135.771
 40
135.771
 40
135.771
 40
140.171
 40
140.171
 40
140.171
 40
141.171
 40
141.171
 40
141.171
 40
142.171
 40
142.171
 40
142.171
 40
147.831
 40
147.831
 40
147.831
 40
156.331
 40
156.331
 40
156.331
 40
157.331
 40
157.331
 40
157.331
 40
158.331
 40
158.331
 40
158.331
 40
159.331
 40
159.331
 40
159.331
 40
172.2609999999999
 40
172.2609999999999
 40
172.2609999999999
 40
173.2609999999999
 40
173.2609999999999
 40
173.2609999999999
 40
221.191
 40
221.191
 40
221.191
 40
222.191
 40
222.191
 40
222.191
 40
226.571
 40
226.571
 40
226.571
 40
227.571
 40
227.571
 40
227.571
 40
228.571
 40
228.571
 40
228.571
 40
234.231
 40
234.231
 40
234.231
 40
234.231
 10
285.6727769444444
 20
92.37648388888888
 30
0.0
 10
285.6727769444444
 20
91.37694685185186
 30
0.0
 10
285.6727769444444
 20
90.37740981481481
 30
0.0
 10
285.6727769444444
 20
89.37787277777777
 30
0.0
 10
286.3405852777778
 20
89.37928388888888
 30
0.0
 10
287.0087463888889
 20
89.38034222222221
 30
0.0
 10
287.6765547222222
 20
89.38175333333332
 30
0.0
 10
288.0152213888888
 20
89.37787277777777
 30
0.0
 10
288.7913325
 20
89.43078944444444
 30
0.0
 10
290.1742213888889
 20
89.43078944444444
 30
0.0
 10
291.4653880555555
 20
89.43078944444444
 30
0.0
 10
292.5343047222222
 20
89.03567833333332
 30
0.0
 10
292.6613047222222
 20
88.94430888888888
 30
0.0
 10
292.6613047222222
 20
88.42560796296296
 30
0.0
 10
292.6613047222222
 20
87.90690703703702
 30
0.0
 10
292.6613047222222
 20
87.3882061111111
 30
0.0
 10
292.6613047222222
 20
86.83434499999998
 30
0.0
 10
292.2132769444444
 20
81.39839222222221
 30
0.0
 10
291.6594158333334
 20
81.39839222222221
 30
0.0
 10
286.0232028703704
 20
81.39839222222221
 30
0.0
 10
280.3869899074074
 20
81.39839222222221
 30
0.0
 10
274.7507769444444
 20
81.39839222222221
 30
0.0
 10
271.8050825
 20
81.39839222222221
 30
0.0
 10
268.7006380555555
 20
73.37622555555555
 30
0.0
 10
268.7006380555555
 20
73.37622555555555
 30
0.0
 10
265.3715917592593
 20
73.37622555555555
 30
0.0
 10
262.042545462963
 20
73.37622555555555
 30
0.0
 10
258.7134991666667
 20
73.37622555555555
 30
0.0
 10
258.1631658333333
 20
73.37622555555555
 30
0.0
 10
257.7151380555555
 20
73.82390055555555
 30
0.0
 10
257.7151380555555
 20
74.37458666666666
 30
0.0
 10
257.7151380555555
 20
78.36803111111111
 30
0.0
 10
257.7151380555555
 20
82.36147555555556
 30
0.0
 10
257.7151380555555
 20
86.35491999999999
 30
0.0
 10
257.7151380555555
 20
86.90490055555556
 30
0.0
 10
258.1631658333333
 20
87.3532811111111
 30
0.0
 10
258.7134991666667
 20
87.3532811111111
 30
0.0
 10
259.2309065740741
 20
87.35328111111112
 30
0.0
 10
259.7483139814815
 20
87.35328111111112
 30
0.0
 10
260.2657213888889
 20
87.3532811111111
 30
0.0
 10
260.3609713888889
 20
87.22592833333333
 30
0.0
 10
260.7525547222222
 20
86.16759499999999
 30
0.0
 10
260.7560825
 20
84.86972555555555
 30
0.0
 10
260.7560825
 20
83.48295611111111
 30
0.0
 10
260.7066936111111
 20
82.70719777777778
 30
0.0
 10
260.7102213888889
 20
82.36465055555556
 30
0.0
 10
260.7102213888889
 20
81.69907648148148
 30
0.0
 10
260.7102213888889
 20
81.0335024074074
 30
0.0
 10
260.7102213888889
 20
80.36792833333332
 30
0.0
 10
261.7097584259259
 20
80.36792833333332
 30
0.0
 10
262.7092954629629
 20
80.36792833333332
 30
0.0
 10
263.7088325
 20
80.36792833333332
 30
0.0
 10
263.7077741666666
 20
81.03608944444443
 30
0.0
 10
263.7063630555555
 20
81.70389777777778
 30
0.0
 10
263.7053047222222
 20
82.37205888888889
 30
0.0
 10
263.7088325
 20
82.71072555555556
 30
0.0
 10
263.6559158333333
 20
83.48683666666666
 30
0.0
 10
263.6559158333333
 20
84.86972555555555
 30
0.0
 10
263.6559158333333
 20
86.14678111111111
 30
0.0
 10
264.0404436111111
 20
87.20511444444445
 30
0.0
 10
264.1392213888889
 20
87.3532811111111
 30
0.0
 10
265.6596936111111
 20
87.35328111111112
 30
0.0
 10
267.1801658333333
 20
87.35328111111112
 30
0.0
 10
268.7006380555555
 20
87.3532811111111
 30
0.0
 10
268.7006380555555
 20
87.3532811111111
 30
0.0
 10
271.8050825
 20
95.37509499999999
 30
0.0
 10
274.7507769444444
 20
95.37509499999999
 30
0.0
 10
280.3869899074074
 20
95.37509499999999
 30
0.0
 10
286.0232028703704
 20
95.37509499999999
 30
0.0
 10
291.6594158333334
 20
95.37509499999999
 30
0.0
 10
292.2132769444444
 20
95.37509499999999
 30
0.0
 10
292.6613047222222
 20
94.92706722222222
 30
0.0
 10
292.6613047222222
 20
94.37320611111112
 30
0.0
 10
292.6613047222222
 20
93.85815055555555
 30
0.0
 10
292.6613047222222
 20
93.34309499999999
 30
0.0
 10
292.6613047222222
 20
92.82803944444443
 30
0.0
 10
292.5448880555555
 20
92.72926166666666
 30
0.0
 10
291.4794991666666
 20
92.33415055555555
 30
0.0
 10
290.1742213888889
 20
92.33062277777778
 30
0.0
 10
288.7878047222222
 20
92.33062277777778
 30
0.0
 10
288.0116936111111
 20
92.38036444444445
 30
0.0
 10
287.6694991666666
 20
92.37648388888888
 30
0.0
 10
287.0039250925925
 20
92.3764838888889
 30
0.0
 10
286.3383510185185
 20
92.3764838888889
 30
0.0
 10
285.6727769444444
 20
92.37648388888888
 30
0.0
  0
SPLINE
  5
25E
330
1F
100
AcDbEntity
  8
DEFAULT
 62
     1
100
AcDbSpline
210
0.0
220
0.0
230
1.0
 70
     8
 71
     3
 72
    26
 73
    22
 74
     0
 42
0.000000001
 43
0.0000000001
 40
0.0
 40
0.0
 40
0.0
 40
0.0
 40
1.0
 40
1.0
 40
1.0
 40
2.0
 40
2.0
 40
2.0
 40
7.659999999999997
 40
7.659999999999997
 40
7.659999999999997
 40
16.16
 40
16.16
 40
16.16
 40
17.16
 40
17.16
 40
17.16
 40
18.16
 40
18.16
 40
18.16
 40
19.16
 40
19.16
 40
19.16
 40
19.16
 10
260.2657213888889
 20
73.37608444444444
 30
0.0
 10
260.3609713888889
 20
73.24908444444443
 30
0.0
 10
260.7525547222222
 20
72.1907511111111
 30
0.0
 10
260.7560825
 20
70.89252888888889
 30
0.0
 10
260.7560825
 20
69.50575944444444
 30
0.0
 10
260.7066936111111
 20
68.73000111111111
 30
0.0
 10
260.7102213888889
 20
68.38745388888888
 30
0.0
 10
260.7102213888889
 20
67.72187981481481
 30
0.0
 10
260.7102213888889
 20
67.05630574074074
 30
0.0
 10
260.7102213888889
 20
66.39073166666667
 30
0.0
 10
261.7097584259259
 20
66.39073166666667
 30
0.0
 10
262.7092954629629
 20
66.39073166666667
 30
0.0
 10
263.7088325
 20
66.39073166666667
 30
0.0
 10
263.7077741666666
 20
67.05889277777777
 30
0.0
 10
263.7063630555556
 20
67.72670111111111
 30
0.0
 10
263.7053047222222
 20
68.39486222222222
 30
0.0
 10
263.7088325
 20
68.73352888888888
 30
0.0
 10
263.6559158333333
 20
69.50963999999999
 30
0.0
 10
263.6559158333333
 20
70.89252888888889
 30
0.0
 10
263.6559158333333
 20
72.16958444444445
 30
0.0
 10
264.0404436111111
 20
73.22791777777778
 30
0.0
 10
264.1392213888889
 20
73.37608444444444
 30
0.0
  0
SPLINE
  5
25F
330
1F
100
AcDbEntity
  8
DEFAULT
 62
     1
100
AcDbSpline
210
0.0
220
0.0
230
1.0
 70
     8
 71
     3
 72
    56
 73
    52
 74
     0
 42
0.000000001
 43
0.0000000001
 40
0.0
 40
0.0
 40
0.0
 40
0.0
 40
1.0
 40
1.0
 40
1.0
 40
5.379999999999995
 40
5.379999999999995
 40
5.379999999999995
 40
6.379999999999995
 40
6.379999999999995
 40
6.379999999999995
 40
7.379999999999995
 40
7.379999999999995
 40
7.379999999999995
 40
13.04000000000008
 40
13.04000000000008
 40
13.04000000000008
 40
21.54000000000008
 40
21.54000000000008
 40
21.54000000000008
 40
22.54000000000008
 40
22.54000000000008
 40
22.54000000000008
 40
23.54000000000008
 40
23.54000000000008
 40
23.54000000000008
 40
24.54000000000008
 40
24.54000000000008
 40
24.54000000000008
 40
28.95100000000008
 40
28.95100000000008
 40
28.95100000000008
 40
29.95100000000008
 40
29.95100000000008
 40
29.95100000000008
 40
77.88100000000003
 40
77.88100000000003
 40
77.88100000000003
 40
78.88100000000003
 40
78.88100000000003
 40
78.88100000000003
 40
107.191
 40
107.191
 40
107.191
 40
108.191
 40
108.191
 40
108.191
 40
142.151
 40
142.151
 40
142.151
 40
143.151
 40
143.151
 40
143.151
 40
143.151
 10
291.6594863888889
 20
81.39800416666665
 30
0.0
 10
292.2133475
 20
81.39800416666665
 30
0.0
 10
292.6613752777778
 20
80.94997638888887
 30
0.0
 10
292.6613752777778
 20
80.39611527777777
 30
0.0
 10
292.6613752777778
 20
79.88105972222222
 30
0.0
 10
292.6613752777778
 20
79.36600416666666
 30
0.0
 10
292.6613752777778
 20
78.85094861111111
 30
0.0
 10
292.5449586111111
 20
78.75217083333332
 30
0.0
 10
291.4795697222222
 20
78.35705972222222
 30
0.0
 10
290.1742919444444
 20
78.35353194444444
 30
0.0
 10
288.7878752777777
 20
78.35353194444444
 30
0.0
 10
288.0117641666666
 20
78.4032736111111
 30
0.0
 10
287.6695697222222
 20
78.39939305555555
 30
0.0
 10
287.0039956481481
 20
78.39939305555555
 30
0.0
 10
286.3384215740741
 20
78.39939305555555
 30
0.0
 10
285.6728475
 20
78.39939305555555
 30
0.0
 10
285.6728475
 20
77.3998560185185
 30
0.0
 10
285.6728475
 20
76.40031898148146
 30
0.0
 10
285.6728475
 20
75.40078194444443
 30
0.0
 10
286.3406558333333
 20
75.40219305555554
 30
0.0
 10
287.0088169444444
 20
75.40325138888888
 30
0.0
 10
287.6766252777778
 20
75.40466249999999
 30
0.0
 10
288.0152919444444
 20
75.40078194444443
 30
0.0
 10
288.7914030555555
 20
75.45369861111111
 30
0.0
 10
290.1742919444444
 20
75.45369861111111
 30
0.0
 10
291.4654586111111
 20
75.45369861111111
 30
0.0
 10
292.5343752777778
 20
75.05858749999999
 30
0.0
 10
292.6613752777778
 20
74.96721805555555
 30
0.0
 10
292.6613752777778
 20
74.44851712962962
 30
0.0
 10
292.6613752777778
 20
73.9298162037037
 30
0.0
 10
292.6613752777778
 20
73.41111527777777
 30
0.0
 10
292.6613752777778
 20
72.85725416666665
 30
0.0
 10
292.2133475
 20
67.4209486111111
 30
0.0
 10
291.6594863888889
 20
67.4209486111111
 30
0.0
 10
286.0232734259259
 20
67.4209486111111
 30
0.0
 10
280.387060462963
 20
67.4209486111111
 30
0.0
 10
274.7508475
 20
67.4209486111111
 30
0.0
 10
271.8051530555555
 20
67.4209486111111
 30
0.0
 10
268.7007086111111
 20
59.39913472222221
 30
0.0
 10
268.7007086111111
 20
59.39913472222221
 30
0.0
 10
265.3716623148147
 20
59.39913472222221
 30
0.0
 10
262.0426160185185
 20
59.39913472222221
 30
0.0
 10
258.7135697222222
 20
59.39913472222221
 30
0.0
 10
258.1632363888888
 20
59.39913472222221
 30
0.0
 10
257.7152086111111
 20
59.84680972222221
 30
0.0
 10
257.7152086111111
 20
60.39749583333333
 30
0.0
 10
257.7152086111111
 20
64.39094027777777
 30
0.0
 10
257.7152086111111
 20
68.38438472222221
 30
0.0
 10
257.7152086111111
 20
72.37782916666666
 30
0.0
 10
257.7152086111111
 20
72.92780972222222
 30
0.0
 10
258.1632363888888
 20
73.37619027777777
 30
0.0
 10
258.7135697222222
 20
73.37619027777777
 30
0.0
  0
SPLINE
  5
260
330
1F
100
AcDbEntity
  8
DEFAULT
 62
     1
100
AcDbSpline
210
0.0
220
0.0
230
1.0
 70
    11
 71
     3
 72
    89
 73
    85
 74
     0
 42
0.000000001
 43
0.0000000001
 40
5.660000000000025
 40
5.660000000000025
 40
5.660000000000025
 40
5.660000000000025
 40
14.16000000000003
 40
14.16000000000003
 40
14.16000000000003
 40
15.16000000000003
 40
15.16000000000003
 40
15.16000000000003
 40
16.16000000000003
 40
16.16000000000003
 40
16.16000000000003
 40
17.16000000000003
 40
17.16000000000003
 40
17.16000000000003
 40
21.57000000000011
 40
21.57000000000011
 40
21.57000000000011
 40
22.57000000000011
 40
22.57000000000011
 40
22.57000000000011
 40
70.50000000000011
 40
70.50000000000011
 40
70.50000000000011
 40
71.50000000000011
 40
71.50000000000011
 40
71.50000000000011
 40
99.81000000000012
 40
99.81000000000012
 40
99.81000000000012
 40
100.8100000000001
 40
100.8100000000001
 40
100.8100000000001
 40
134.7700000000002
 40
134.7700000000002
 40
134.7700000000002
 40
135.7700000000002
 40
135.7700000000002
 40
135.7700000000002
 40
140.1700000000002
 40
140.1700000000002
 40
140.1700000000002
 40
141.1700000000002
 40
141.1700000000002
 40
141.1700000000002
 40
142.1700000000002
 40
142.1700000000002
 40
142.1700000000002
 40
147.83
 40
147.83
 40
147.83
 40
156.33
 40
156.33
 40
156.33
 40
157.33
 40
157.33
 40
157.33
 40
158.33
 40
158.33
 40
158.33
 40
159.33
 40
159.33
 40
159.33
 40
172.26
 40
172.26
 40
172.26
 40
173.26
 40
173.26
 40
173.26
 40
221.19
 40
221.19
 40
221.19
 40
222.19
 40
222.19
 40
222.19
 40
226.5710000000001
 40
226.5710000000001
 40
226.5710000000001
 40
227.5710000000001
 40
227.5710000000001
 40
227.5710000000001
 40
228.5710000000001
 40
228.5710000000001
 40
228.5710000000001
 40
234.2310000000001
 40
234.2310000000001
 40
234.2310000000001
 40
234.2310000000001
 10
433.1757274999999
 20
103.4228380555555
 30
0.0
 10
432.1761904629629
 20
103.4228380555555
 30
0.0
 10
431.1766534259258
 20
103.4228380555555
 30
0.0
 10
430.1771163888888
 20
103.4228380555555
 30
0.0
 10
430.1781747222221
 20
104.0906463888889
 30
0.0
 10
430.1795858333333
 20
104.7588075
 30
0.0
 10
430.1806441666666
 20
105.4266158333333
 30
0.0
 10
430.1771163888888
 20
105.7652825
 30
0.0
 10
430.2296802777777
 20
106.5413936111111
 30
0.0
 10
430.2296802777777
 20
107.9242825
 30
0.0
 10
430.2296802777777
 20
109.2154491666667
 30
0.0
 10
429.8345691666666
 20
110.2843658333333
 30
0.0
 10
429.7431997222221
 20
110.4117186111111
 30
0.0
 10
429.2246163888888
 20
110.4117186111111
 30
0.0
 10
428.7060330555555
 20
110.4117186111111
 30
0.0
 10
428.1874497222221
 20
110.4117186111111
 30
0.0
 10
427.6335886111111
 20
110.4117186111111
 30
0.0
 10
422.1972830555555
 20
109.9633380555556
 30
0.0
 10
422.1972830555555
 20
109.4094769444444
 30
0.0
 10
422.1972830555555
 20
103.7732639814815
 30
0.0
 10
422.1972830555555
 20
98.13705101851853
 30
0.0
 10
422.1972830555555
 20
92.50083805555556
 30
0.0
 10
422.1972830555555
 20
89.5551436111111
 30
0.0
 10
414.1751163888889
 20
86.45069916666665
 30
0.0
 10
414.1751163888889
 20
86.45069916666665
 30
0.0
 10
414.1751163888889
 20
83.12165287037037
 30
0.0
 10
414.1751163888889
 20
79.79260657407407
 30
0.0
 10
414.1751163888889
 20
76.46356027777777
 30
0.0
 10
414.1751163888889
 20
75.91357972222222
 30
0.0
 10
414.6231441666666
 20
75.46519916666666
 30
0.0
 10
415.1734774999999
 20
75.46519916666666
 30
0.0
 10
419.1669219444444
 20
75.46519916666666
 30
0.0
 10
423.1603663888888
 20
75.46519916666666
 30
0.0
 10
427.1538108333333
 20
75.46519916666666
 30
0.0
 10
427.7041441666666
 20
75.46519916666666
 30
0.0
 10
428.1521719444444
 20
75.91357972222222
 30
0.0
 10
428.1521719444444
 20
76.46356027777777
 30
0.0
 10
428.1521719444443
 20
76.98096768518519
 30
0.0
 10
428.1521719444443
 20
77.4983750925926
 30
0.0
 10
428.1521719444444
 20
78.0157825
 30
0.0
 10
428.0248191666666
 20
78.1110325
 30
0.0
 10
426.9664858333333
 20
78.50261583333334
 30
0.0
 10
425.6686163888888
 20
78.50614361111111
 30
0.0
 10
424.2821997222222
 20
78.50614361111111
 30
0.0
 10
423.506088611111
 20
78.45675472222223
 30
0.0
 10
423.1638941666666
 20
78.46028249999999
 30
0.0
 10
422.4983200925926
 20
78.46028249999999
 30
0.0
 10
421.8327460185185
 20
78.46028249999999
 30
0.0
 10
421.1671719444444
 20
78.46028249999999
 30
0.0
 10
421.1671719444444
 20
79.45981953703703
 30
0.0
 10
421.1671719444444
 20
80.45935657407406
 30
0.0
 10
421.1671719444444
 20
81.45889361111111
 30
0.0
 10
421.8349802777777
 20
81.45783527777778
 30
0.0
 10
422.5031413888889
 20
81.45642416666666
 30
0.0
 10
423.1709497222222
 20
81.45536583333332
 30
0.0
 10
423.5096163888888
 20
81.45889361111111
 30
0.0
 10
424.2857275
 20
81.40597694444445
 30
0.0
 10
425.6686163888888
 20
81.40597694444445
 30
0.0
 10
426.9456719444444
 20
81.40597694444445
 30
0.0
 10
428.0040052777777
 20
81.79050472222222
 30
0.0
 10
428.1521719444444
 20
81.8892825
 30
0.0
 10
428.1521719444443
 20
83.4097547222222
 30
0.0
 10
428.1521719444443
 20
84.93022694444443
 30
0.0
 10
428.1521719444444
 20
86.45069916666665
 30
0.0
 10
428.1521719444444
 20
86.45069916666665
 30
0.0
 10
436.1743386111111
 20
89.5551436111111
 30
0.0
 10
436.1743386111111
 20
92.50083805555556
 30
0.0
 10
436.1743386111111
 20
98.13705101851853
 30
0.0
 10
436.1743386111111
 20
103.7732639814815
 30
0.0
 10
436.1743386111111
 20
109.4094769444444
 30
0.0
 10
436.1743386111111
 20
109.9633380555556
 30
0.0
 10
435.7259580555555
 20
110.4117186111111
 30
0.0
 10
435.1724497222222
 20
110.4117186111111
 30
0.0
 10
434.657276574074
 20
110.4117186111111
 30
0.0
 10
434.1421034259259
 20
110.4117186111111
 30
0.0
 10
433.6269302777777
 20
110.4117186111111
 30
0.0
 10
433.5285052777777
 20
110.2949491666667
 30
0.0
 10
433.1333941666666
 20
109.2295602777778
 30
0.0
 10
433.1298663888888
 20
107.9242825
 30
0.0
 10
433.1298663888888
 20
106.5378658333333
 30
0.0
 10
433.1792552777777
 20
105.7617547222222
 30
0.0
 10
433.1757274999999
 20
105.4195602777778
 30
0.0
 10
433.1757274999999
 20
104.7539862037037
 30
0.0
 10
433.1757274999999
 20
104.0884121296296
 30
0.0
 10
433.1757274999999
 20
103.4228380555555
 30
0.0
  0
SPLINE
  5
261
330
1F
100
AcDbEntity
  8
DEFAULT
 62
     1
100
AcDbSpline
210
0.0
220
0.0
230
1.0
 70
    11
 71
     3
 72
    89
 73
    85
 74
     0
 42
0.000000001
 43
0.0000000001
 40
5.660000000000004
 40
5.660000000000004
 40
5.660000000000004
 40
5.660000000000004
 40
14.16
 40
14.16
 40
14.16
 40
15.16
 40
15.16
 40
15.16
 40
16.16
 40
16.16
 40
16.16
 40
17.16
 40
17.16
 40
17.16
 40
21.57000000000009
 40
21.57000000000009
 40
21.57000000000009
 40
22.57000000000009
 40
22.57000000000009
 40
22.57000000000009
 40
70.50100000000009
 40
70.50100000000009
 40
70.50100000000009
 40
71.50100000000009
 40
71.50100000000009
 40
71.50100000000009
 40
99.8120000000001
 40
99.8120000000001
 40
99.8120000000001
 40
100.8120000000001
 40
100.8120000000001
 40
100.8120000000001
 40
134.7720000000001
 40
134.7720000000001
 40
134.7720000000001
 40
135.7720000000001
 40
135.7720000000001
 40
135.7720000000001
 40
140.1720000000001
 40
140.1720000000001
 40
140.1720000000001
 40
141.1720000000001
 40
141.1720000000001
 40
141.1720000000001
 40
142.1720000000001
 40
142.1720000000001
 40
142.1720000000001
 40
147.832
 40
147.832
 40
147.832
 40
156.332
 40
156.332
 40
156.332
 40
157.332
 40
157.332
 40
157.332
 40
158.332
 40
158.332
 40
158.332
 40
159.332
 40
159.332
 40
159.332
 40
172.263
 40
172.263
 40
172.263
 40
173.263
 40
173.263
 40
173.263
 40
221.194
 40
221.194
 40
221.194
 40
222.194
 40
222.194
 40
222.194
 40
226.5740000000001
 40
226.5740000000001
 40
226.5740000000001
 40
227.5740000000001
 40
227.5740000000001
 40
227.5740000000001
 40
228.5740000000001
 40
228.5740000000001
 40
228.5740000000001
 40
234.2340000000001
 40
234.2340000000001
 40
234.2340000000001
 40
234.2340000000001
 10
417.1735863888888
 20
19.15717388888889
 30
0.0
 10
418.1731234259258
 20
19.15717388888889
 30
0.0
 10
419.1726604629628
 20
19.15717388888889
 30
0.0
 10
420.1721974999999
 20
19.15717388888889
 30
0.0
 10
420.1711391666666
 20
18.48936555555555
 30
0.0
 10
420.1697280555555
 20
17.82120444444444
 30
0.0
 10
420.1686697222221
 20
17.15339611111111
 30
0.0
 10
420.1721974999999
 20
16.81472944444444
 30
0.0
 10
420.1196336111111
 20
16.03861833333334
 30
0.0
 10
420.1196336111111
 20
14.65572944444444
 30
0.0
 10
420.1196336111111
 20
13.36456277777778
 30
0.0
 10
420.5143919444444
 20
12.29564611111111
 30
0.0
 10
420.6061141666666
 20
12.16829333333333
 30
0.0
 10
421.1246975
 20
12.16829333333333
 30
0.0
 10
421.6432808333333
 20
12.16829333333333
 30
0.0
 10
422.1618641666666
 20
12.16829333333333
 30
0.0
 10
422.7157252777777
 20
12.16829333333333
 30
0.0
 10
428.1520308333332
 20
12.61667388888889
 30
0.0
 10
428.1520308333332
 20
13.17018222222222
 30
0.0
 10
428.1520308333332
 20
18.80651277777778
 30
0.0
 10
428.1520308333332
 20
24.44284333333333
 30
0.0
 10
428.1520308333332
 20
30.07917388888889
 30
0.0
 10
428.1520308333332
 20
33.02486833333333
 30
0.0
 10
436.1741974999999
 20
36.12896
 30
0.0
 10
436.1741974999999
 20
36.12896
 30
0.0
 10
436.1741974999998
 20
39.45812388888888
 30
0.0
 10
436.1741974999998
 20
42.78728777777778
 30
0.0
 10
436.1741974999999
 20
46.11645166666667
 30
0.0
 10
436.1741974999999
 20
46.66643222222222
 30
0.0
 10
435.7261697222221
 20
47.11481277777777
 30
0.0
 10
435.1758363888888
 20
47.11481277777777
 30
0.0
 10
431.1823919444444
 20
47.11481277777776
 30
0.0
 10
427.1889475
 20
47.11481277777776
 30
0.0
 10
423.1955030555555
 20
47.11481277777777
 30
0.0
 10
422.6451697222221
 20
47.11481277777777
 30
0.0
 10
422.1971419444444
 20
46.66643222222222
 30
0.0
 10
422.1971419444444
 20
46.11645166666667
 30
0.0
 10
422.1971419444444
 20
45.59904425925927
 30
0.0
 10
422.1971419444444
 20
45.08163685185186
 30
0.0
 10
422.1971419444444
 20
44.56422944444444
 30
0.0
 10
422.3244947222222
 20
44.46897944444444
 30
0.0
 10
423.3828280555555
 20
44.07739611111111
 30
0.0
 10
424.6806974999999
 20
44.07386833333332
 30
0.0
 10
426.0671141666666
 20
44.07386833333332
 30
0.0
 10
426.8432252777777
 20
44.12325722222222
 30
0.0
 10
427.1854197222222
 20
44.11972944444445
 30
0.0
 10
427.8509937962963
 20
44.11972944444445
 30
0.0
 10
428.5165678703704
 20
44.11972944444445
 30
0.0
 10
429.1821419444444
 20
44.11972944444445
 30
0.0
 10
429.1821419444444
 20
43.12019240740741
 30
0.0
 10
429.1821419444444
 20
42.12065537037037
 30
0.0
 10
429.1821419444444
 20
41.12111833333333
 30
0.0
 10
428.514333611111
 20
41.12217666666666
 30
0.0
 10
427.8461724999999
 20
41.12358777777778
 30
0.0
 10
427.1783641666665
 20
41.12464611111111
 30
0.0
 10
426.8396974999999
 20
41.12111833333333
 30
0.0
 10
426.0635863888888
 20
41.17368222222222
 30
0.0
 10
424.6806974999999
 20
41.17368222222222
 30
0.0
 10
423.4036419444444
 20
41.17368222222222
 30
0.0
 10
422.3453086111111
 20
40.78915444444444
 30
0.0
 10
422.1971419444444
 20
40.69072944444444
 30
0.0
 10
422.1971419444444
 20
39.17013962962962
 30
0.0
 10
422.1971419444444
 20
37.64954981481481
 30
0.0
 10
422.1971419444444
 20
36.12896
 30
0.0
 10
422.1971419444444
 20
36.12896
 30
0.0
 10
414.1749752777777
 20
33.02486833333333
 30
0.0
 10
414.1749752777777
 20
30.07917388888889
 30
0.0
 10
414.1749752777777
 20
24.44284333333333
 30
0.0
 10
414.1749752777777
 20
18.80651277777778
 30
0.0
 10
414.1749752777777
 20
13.17018222222222
 30
0.0
 10
414.1749752777777
 20
12.61667388888889
 30
0.0
 10
414.6233558333333
 20
12.16829333333333
 30
0.0
 10
415.1768641666666
 20
12.16829333333333
 30
0.0
 10
415.6919197222221
 20
12.16829333333333
 30
0.0
 10
416.2069752777777
 20
12.16829333333333
 30
0.0
 10
416.7220308333333
 20
12.16829333333333
 30
0.0
 10
416.820808611111
 20
12.28506277777778
 30
0.0
 10
417.2159197222221
 20
13.35045166666667
 30
0.0
 10
417.2194474999999
 20
14.65572944444444
 30
0.0
 10
417.2194474999999
 20
16.04214611111111
 30
0.0
 10
417.170058611111
 20
16.81825722222222
 30
0.0
 10
417.1735863888888
 20
17.16045166666666
 30
0.0
 10
417.1735863888887
 20
17.82602574074074
 30
0.0
 10
417.1735863888887
 20
18.49159981481481
 30
0.0
 10
417.1735863888888
 20
19.15717388888889
 30
0.0
  0
ENDSEC
  0
SECTION
  2
OBJECTS
  0
DICTIONARY
  5
C
330
0
100
AcDbDictionary
  3
ACAD_GROUP
350
D
  3
ACAD_LAYOUT
350
1A
  3
ACAD_MATERIAL
350
43
  3
ACAD_MLEADERSTYLE
350
284
  3
ACAD_MLINESTYLE
350
17
  3
ACAD_PLOTSETTINGS
350
19
  3
ACAD_SCALELIST
350
47
  3
ACAD_VISUALSTYLE
350
2A
  3
ACDBHEADERROUNDTRIPXREC
350
262
  3
ACDBVARIABLEDICTIONARY
350
282
  0
DICTIONARY
  5
D
102
{ACAD_REACTORS
330
C
102
}
330
C
100
AcDbDictionary
  0
DICTIONARY
  5
1A
102
{ACAD_REACTORS
330
C
102
}
330
C
100
AcDbDictionary
  0
DICTIONARY
  5
43
102
{ACAD_REACTORS
330
C
102
}
330
C
100
AcDbDictionary
  3
BYBLOCK
350
45
  3
BYLAYER
350
44
  3
GLOBAL
350
46
  0
DICTIONARY
  5
284
102
{ACAD_REACTORS
330
C
102
}
330
C
100
AcDbDictionary
  0
DICTIONARY
  5
17
102
{ACAD_REACTORS
330
C
102
}
330
C
100
AcDbDictionary
  3
STANDARD
350
18
  0
DICTIONARY
  5
19
102
{ACAD_REACTORS
330
C
102
}
330
C
100
AcDbDictionary
  0
DICTIONARY
  5
47
102
{ACAD_REACTORS
330
C
102
}
330
C
100
AcDbDictionary
  3
A0
350
48
  3
A1
350
49
  3
A2
350
4A
  3
A3
350
4B
  3
A4
350
4C
  3
A5
350
4D
  3
A6
350
4E
  3
A7
350
4F
  3
A8
350
50
  3
A9
350
51
  3
B0
350
52
  3
B1
350
53
  3
B2
350
54
  3
B3
350
55
  3
B4
350
56
  3
B5
350
57
  3
B6
350
58
  3
B7
350
59
  3
B8
350
5A
  3
B9
350
5B
  3
C0
350
5C
  3
C1
350
5D
  3
C2
350
5E
  3
C3
350
5F
  3
C4
350
60
  3
C5
350
61
  3
C6
350
62
  3
C7
350
63
  3
C8
350
64
  3
C9
350
65
  3
D0
350
66
  3
D1
350
67
  3
D2
350
68
  0
DICTIONARY
  5
2A
102
{ACAD_REACTORS
330
C
102
}
330
C
100
AcDbDictionary
  3
2DWIREFRAME
350
2F
  3
BASIC
350
32
  3
BRIGHTEN
350
36
  3
COLORCHANGE
350
3A
  3
CONCEPTUAL
350
34
  3
DIM
350
35
  3
EDGECOLOROFF
350
3D
  3
FACEPATTERN
350
39
  3
FLAT
350
2B
  3
FLATWITHEDGES
350
2C
  3
GOURAUD
350
2D
  3
GOURAUDWITHEDGES
350
2E
  3
HIDDEN
350
31
  3
JITTEROFF
350
3B
  3
LINEPATTERN
350
38
  3
OVERHANGOFF
350
3C
  3
REALISTIC
350
33
  3
SHADED
350
42
  3
SHADED_WITH_EDGES
350
41
  3
SHADES_OF_GRAY
350
3E
  3
SKETCHY
350
3F
  3
THICKEN
350
37
  3
WIREFRAME
350
30
  3
X-RAY
350
40
  0
DICTIONARY
  5
262
102
{ACAD_REACTORS
330
C
102
}
330
C
100
AcDbDictionary
  3
CEPSNTYPE
350
26B
  3
DIMSTYLEDATA
350
281
  3
FINGERPRINTGUID
350
26C
  3
HYPERLINKBASE
350
265
  3
INSUNITS
350
26A
  3
LAYOUTDICT
350
267
  3
LWETCUNION
350
269
  3
PLOTSETDICT
350
268
  3
PSVPSCALE
350
26E
  3
PUCSBASE
350
271
  3
PUCSORGBACK
350
277
  3
PUCSORGBOTTOM
350
273
  3
PUCSORGFRONT
350
276
  3
PUCSORGLEFT
350
274
  3
PUCSORGRIGHT
350
275
  3
PUCSORGTOP
350
272
  3
PUCSORTHOREF
350
26F
  3
PUCSORTHOVIEW
350
270
  3
STYLESHEET
350
266
  3
TSTACKALIGN
350
263
  3
TSTACKSIZE
350
264
  3
UCSBASE
350
27A
  3
UCSORGBACK
350
280
  3
UCSORGBOTTOM
350
27C
  3
UCSORGFRONT
350
27F
  3
UCSORGLEFT
350
27D
  3
UCSORGRIGHT
350
27E
  3
UCSORGTOP
350
27B
  3
UCSORTHOREF
350
278
  3
UCSORTHOVIEW
350
279
  3
VERSIONGUID
350
26D
  0
DICTIONARY
  5
282
102
{ACAD_REACTORS
330
C
102
}
330
C
100
AcDbDictionary
  3
CANNOSCALE
350
289
  3
DIMASSOC
350
287
  3
HIDETEXT
350
288
  3
MSLTSCALE
350
28A
  0
MATERIAL
  5
45
102
{ACAD_REACTORS
330
43
102
}
102
{ACAD_XDICTIONARY
360
28D
102
}
330
43
100
AcDbMaterial
  1
BYBLOCK
  0
MATERIAL
  5
44
102
{ACAD_REACTORS
330
43
102
}
102
{ACAD_XDICTIONARY
360
28B
102
}
330
43
100
AcDbMaterial
  1
BYLAYER
  0
MATERIAL
  5
46
102
{ACAD_REACTORS
330
43
102
}
102
{ACAD_XDICTIONARY
360
28F
102
}
330
43
100
AcDbMaterial
  1
GLOBAL
  0
MLINESTYLE
  5
18
102
{ACAD_REACTORS
330
17
102
}
330
17
100
AcDbMlineStyle
  2
Standard
 70
     0
  3

 62
   256
 51
90.0
 52
90.0
 71
     2
 49
0.5
 62
   256
  6
BYLAYER
 49
-0.5
 62
   256
  6
BYLAYER
  0
ACAD_PROXY_OBJECT
  5
48
102
{ACAD_REACTORS
330
47
102
}
330
47
100
AcDbProxyObject
 90
      499
 91
      503
 93
       41
310
903313A31580
  0
ACAD_PROXY_OBJECT
  5
49
102
{ACAD_REACTORS
330
47
102
}
330
47
100
AcDbProxyObject
 90
      499
 91
      503
 93
      105
310
903313A324000000000000004000
  0
ACAD_PROXY_OBJECT
  5
4A
102
{ACAD_REACTORS
330
47
102
}
330
47
100
AcDbProxyObject
 90
      499
 91
      503
 93
      105
310
903313A344000000000000104000
  0
ACAD_PROXY_OBJECT
  5
4B
102
{ACAD_REACTORS
330
47
102
}
330
47
100
AcDbProxyObject
 90
      499
 91
      503
 93
      105
310
903313A354000000000000144000
  0
ACAD_PROXY_OBJECT
  5
4C
102
{ACAD_REACTORS
330
47
102
}
330
47
100
AcDbProxyObject
 90
      499
 91
      503
 93
      105
310
903313A384000000000000204000
  0
ACAD_PROXY_OBJECT
  5
4D
102
{ACAD_REACTORS
330
47
102
}
330
47
100
AcDbProxyObject
 90
      499
 91
      503
 93
      113
310
904313A31304000000000000244000
  0
ACAD_PROXY_OBJECT
  5
4E
102
{ACAD_REACTORS
330
47
102
}
330
47
100
AcDbProxyObject
 90
      499
 91
      503
 93
      113
310
904313A31364000000000000304000
  0
ACAD_PROXY_OBJECT
  5
4F
102
{ACAD_REACTORS
330
47
102
}
330
47
100
AcDbProxyObject
 90
      499
 91
      503
 93
      113
310
904313A32304000000000000344000
  0
ACAD_PROXY_OBJECT
  5
50
102
{ACAD_REACTORS
330
47
102
}
330
47
100
AcDbProxyObject
 90
      499
 91
      503
 93
      113
310
904313A333040000000000003E4000
  0
ACAD_PROXY_OBJECT
  5
51
102
{ACAD_REACTORS
330
47
102
}
330
47
100
AcDbProxyObject
 90
      499
 91
      503
 93
      113
310
904313A34304000000000000444000
  0
ACAD_PROXY_OBJECT
  5
52
102
{ACAD_REACTORS
330
47
102
}
330
47
100
AcDbProxyObject
 90
      499
 91
      503
 93
      113
310
904313A35304000000000000494000
  0
ACAD_PROXY_OBJECT
  5
53
102
{ACAD_REACTORS
330
47
102
}
330
47
100
AcDbProxyObject
 90
      499
 91
      503
 93
      121
310
905313A3130304000000000000594000
  0
ACAD_PROXY_OBJECT
  5
54
102
{ACAD_REACTORS
330
47
102
}
330
47
100
AcDbProxyObject
 90
      499
 91
      503
 93
      105
310
903323A310000000000000010100
  0
ACAD_PROXY_OBJECT
  5
55
102
{ACAD_REACTORS
330
47
102
}
330
47
100
AcDbProxyObject
 90
      499
 91
      503
 93
      105
310
903343A310000000000000410100
  0
ACAD_PROXY_OBJECT
  5
56
102
{ACAD_REACTORS
330
47
102
}
330
47
100
AcDbProxyObject
 90
      499
 91
      503
 93
      105
310
903383A310000000000000810100
  0
ACAD_PROXY_OBJECT
  5
57
102
{ACAD_REACTORS
330
47
102
}
330
47
100
AcDbProxyObject
 90
      499
 91
      503
 93
      113
310
90431303A310000000000000910100
  0
ACAD_PROXY_OBJECT
  5
58
102
{ACAD_REACTORS
330
47
102
}
330
47
100
AcDbProxyObject
 90
      499
 91
      503
 93
      121
310
9053130303A310000000000001650100
  0
ACAD_PROXY_OBJECT
  5
59
102
{ACAD_REACTORS
330
47
102
}
330
47
100
AcDbProxyObject
 90
      499
 91
      503
 93
      257
310
90E312F31323822203D2031272D3022000000000000200FC000000000000284000
  0
ACAD_PROXY_OBJECT
  5
5A
102
{ACAD_REACTORS
330
47
102
}
330
47
100
AcDbProxyObject
 90
      499
 91
      503
 93
      249
310
90D312F363422203D2031272D3022000000000000240FC000000000000284000
  0
ACAD_PROXY_OBJECT
  5
5B
102
{ACAD_REACTORS
330
47
102
}
330
47
100
AcDbProxyObject
 90
      499
 91
      503
 93
      249
310
90D312F333222203D2031272D3022000000000000280FC000000000000284000
  0
ACAD_PROXY_OBJECT
  5
5C
102
{ACAD_REACTORS
330
47
102
}
330
47
100
AcDbProxyObject
 90
      499
 91
      503
 93
      249
310
90D312F313622203D2031272D30220000000000002C0FC000000000000284000
  0
ACAD_PROXY_OBJECT
  5
5D
102
{ACAD_REACTORS
330
47
102
}
330
47
100
AcDbProxyObject
 90
      499
 91
      503
 93
      249
310
90D332F333222203D2031272D30220000000000002E0FC000000000000284000
  0
ACAD_PROXY_OBJECT
  5
5E
102
{ACAD_REACTORS
330
47
102
}
330
47
100
AcDbProxyObject
 90
      499
 91
      503
 93
      241
310
90C312F3822203D2031272D3022000000000000300FC000000000000284000
  0
ACAD_PROXY_OBJECT
  5
5F
102
{ACAD_REACTORS
330
47
102
}
330
47
100
AcDbProxyObject
 90
      499
 91
      503
 93
      249
310
90D332F313622203D2031272D3022000000000000320FC000000000000284000
  0
ACAD_PROXY_OBJECT
  5
60
102
{ACAD_REACTORS
330
47
102
}
330
47
100
AcDbProxyObject
 90
      499
 91
      503
 93
      241
310
90C312F3422203D2031272D3022000000000000340FC000000000000284000
  0
ACAD_PROXY_OBJECT
  5
61
102
{ACAD_REACTORS
330
47
102
}
330
47
100
AcDbProxyObject
 90
      499
 91
      503
 93
      241
310
90C332F3822203D2031272D3022000000000000360FC000000000000284000
  0
ACAD_PROXY_OBJECT
  5
62
102
{ACAD_REACTORS
330
47
102
}
330
47
100
AcDbProxyObject
 90
      499
 91
      503
 93
      241
310
90C312F3222203D2031272D3022000000000000380FC000000000000284000
  0
ACAD_PROXY_OBJECT
  5
63
102
{ACAD_REACTORS
330
47
102
}
330
47
100
AcDbProxyObject
 90
      499
 91
      503
 93
      241
310
90C332F3422203D2031272D30220000000000003A0FC000000000000284000
  0
ACAD_PROXY_OBJECT
  5
64
102
{ACAD_REACTORS
330
47
102
}
330
47
100
AcDbProxyObject
 90
      499
 91
      503
 93
      161
310
90A3122203D2031272D30224000000000000284000
  0
ACAD_PROXY_OBJECT
  5
65
102
{ACAD_REACTORS
330
47
102
}
330
47
100
AcDbProxyObject
 90
      499
 91
      503
 93
      257
310
90E312D312F3222203D2031272D30220000000000003E0FC000000000000284000
  0
ACAD_PROXY_OBJECT
  5
66
102
{ACAD_REACTORS
330
47
102
}
330
47
100
AcDbProxyObject
 90
      499
 91
      503
 93
      225
310
90A3322203D2031272D302200000000000002100000000000000284000
  0
ACAD_PROXY_OBJECT
  5
67
102
{ACAD_REACTORS
330
47
102
}
330
47
100
AcDbProxyObject
 90
      499
 91
      503
 93
      225
310
90A3622203D2031272D302200000000000006100000000000000284000
  0
ACAD_PROXY_OBJECT
  5
68
102
{ACAD_REACTORS
330
47
102
}
330
47
100
AcDbProxyObject
 90
      499
 91
      503
 93
      249
310
90D31272D3022203D2031272D30220000000000000A100000000000000284000
  0
ACAD_PROXY_OBJECT
  5
2F
102
{ACAD_REACTORS
330
2A
102
}
330
2A
100
AcDbProxyObject
 90
      499
 91
      501
 93
      436
310
42CC9915DA5C99599C985B595049028333333333333E33F0000000000000F90107901411070040501600405405064090741402480A0340
1001
ACAD
1000
AcDbSavedByObjectVersion
1070
     0
  0
ACAD_PROXY_OBJECT
  5
32
102
{ACAD_REACTORS
330
2A
102
}
330
2A
100
AcDbProxyObject
 90
      499
 91
      501
 93
      388
310
4150985CDA58D07406404333333333333E33F0000000000000F90107A41107004050150841D405064090741402480A0350
1001
ACAD
1000
AcDbSavedByObjectVersion
1070
     0
  0
ACAD_PROXY_OBJECT
  5
36
102
{ACAD_REACTORS
330
2A
102
}
330
2A
100
AcDbProxyObject
 90
      499
 91
      501
 93
      428
310
42109C9A59DA1D195B90C409028333333333333E33F0000000000000F9010790141107004050150841D405064090741402480A029950
1001
ACAD
1000
AcDbSavedByObjectVersion
1070
     0
  0
ACAD_PROXY_OBJECT
  5
3A
102
{ACAD_REACTORS
330
2A
102
}
330
2A
100
AcDbProxyObject
 90
      499
 91
      501
 93
      452
310
42D0DBDB1BDC90DA185B99D95104090240C333333333333E33F0000000000000F90108901411070040501508421405064090741402480A0350
1001
ACAD
1000
AcDbSavedByObjectVersion
1070
     0
  0
ACAD_PROXY_OBJECT
  5
34
102
{ACAD_REACTORS
330
2A
102
}
330
2A
100
AcDbProxyObject
 90
      499
 91
      501
 93
      500
310
4290DBDB98D95C1D1D585B10940D028333333333333E33F0000000000000F90107902409070040501000000000018199010841D405064090740C02480A0340
1001
ACAD
1000
AcDbSavedByObjectVersion
1070
     0
  0
ACAD_PROXY_OBJECT
  5
35
102
{ACAD_REACTORS
330
2A
102
}
330
2A
100
AcDbProxyObject
 90
      499
 91
      501
 93
      412
310
40D11A5B50B409028333333333333E33F0000000000000F9010790141107004050150841D405064090741402480A02677FFFFFD0
1001
ACAD
1000
AcDbSavedByObjectVersion
1070
     0
  0
ACAD_PROXY_OBJECT
  5
3D
102
{ACAD_REACTORS
330
2A
102
}
330
2A
100
AcDbProxyObject
 90
      499
 91
      501
 93
      452
310
43115919D950DBDB1BDC93D999916409028333333333333E33F0000000000000F9010790141107004050150841D405064090741402480A0350
1001
ACAD
1000
AcDbSavedByObjectVersion
1070
     0
  0
ACAD_PROXY_OBJECT
  5
39
102
{ACAD_REACTORS
330
2A
102
}
330
2A
100
AcDbProxyObject
 90
      499
 91
      501
 93
      444
310
42D19858D95C185D1D195C9B90F409028333333333333E33F0000000000000F9010790141107004050150841D405064090741402480A0350
1001
ACAD
1000
AcDbSavedByObjectVersion
1070
     0
  0
ACAD_PROXY_OBJECT
  5
2B
102
{ACAD_REACTORS
330
2A
102
}
330
2A
100
AcDbProxyObject
 90
      499
 91
      501
 93
      380
310
41119B185D240901404333333333333E33F0000000000000F9010740A907004050150841D405064090741402480A1B50
1001
ACAD
1000
AcDbSavedByObjectVersion
1070
     0
  0
ACAD_PROXY_OBJECT
  5
2C
102
{ACAD_REACTORS
330
2A
102
}
330
2A
100
AcDbProxyObject
 90
      499
 91
      501
 93
      468
310
43519B185D15DA5D1A115919D95CD0140901404333333333333E33F0000000000000F90107409019070040501600405405064090741402480A1B50
1001
ACAD
1000
AcDbSavedByObjectVersion
1070
     0
  0
ACAD_PROXY_OBJECT
  5
2D
102
{ACAD_REACTORS
330
2A
102
}
330
2A
100
AcDbProxyObject
 90
      499
 91
      501
 93
      404
310
41D1DBDD5C985D5910240902404333333333333E33F0000000000000F9010740A9070040501641D405064090741402480A1B50
1001
ACAD
1000
AcDbSavedByObjectVersion
1070
     0
  0
ACAD_PROXY_OBJECT
  5
2E
102
{ACAD_REACTORS
330
2A
102
}
330
2A
100
AcDbProxyObject
 90
      499
 91
      501
 93
      492
310
4411DBDD5C985D5915DA5D1A115919D95CD0340902404333333333333E33F0000000000000F90107409019070040501600405405064090741402480A1B50
1001
ACAD
1000
AcDbSavedByObjectVersion
1070
     0
  0
ACAD_PROXY_OBJECT
  5
31
102
{ACAD_REACTORS
330
2A
102
}
330
2A
100
AcDbProxyObject
 90
      499
 91
      501
 93
      476
310
41921A5919195B90640502408333333333333E33F0000000000000F901079024090700405020000000000001110200405405064090740C02480A0340
1001
ACAD
1000
AcDbSavedByObjectVersion
1070
     0
  0
ACAD_PROXY_OBJECT
  5
3B
102
{ACAD_REACTORS
330
2A
102
}
330
2A
100
AcDbProxyObject
 90
      499
 91
      501
 93
      428
310
42529A5D1D195C93D999914409028333333333333E33F0000000000000F9010790141107004050150A41D405064090741402480A0350
1001
ACAD
1000
AcDbSavedByObjectVersion
1070
     0
  0
ACAD_PROXY_OBJECT
  5
38
102
{ACAD_REACTORS
330
2A
102
}
330
2A
100
AcDbProxyObject
 90
      499
 91
      501
 93
      444
310
42D31A5B995C185D1D195C9B90E409028333333333333E33F0000000000000F9010790141107004050750841D405064090741402483A0350
1001
ACAD
1000
AcDbSavedByObjectVersion
1070
     0
  0
ACAD_PROXY_OBJECT
  5
3C
102
{ACAD_REACTORS
330
2A
102
}
330
2A
100
AcDbProxyObject
 90
      499
 91
      501
 93
      444
310
42D3DD995C9A185B99D3D999915409028333333333333E33F0000000000000F9010790141107004050150941D405064090741402480A0350
1001
ACAD
1000
AcDbSavedByObjectVersion
1070
     0
  0
ACAD_PROXY_OBJECT
  5
33
102
{ACAD_REACTORS
330
2A
102
}
330
2A
100
AcDbProxyObject
 90
      499
 91
      501
 93
      428
310
425499585B1A5CDD1A58D08409038333333333333E33F0000000000000F9010740A907004050150800405405064090740C02480A1B40
1001
ACAD
1000
AcDbSavedByObjectVersion
1070
     0
  0
ACAD_PROXY_OBJECT
  5
42
102
{ACAD_REACTORS
330
2A
102
}
330
2A
100
AcDbProxyObject
 90
      499
 91
      501
 93
      420
310
4194DA1859195911B40902404333333333333E33F0000000000000F9010740A41107004050150800405405064090840C02480A0B40
1001
ACAD
1000
AcDbSavedByObjectVersion
1070
     0
  0
ACAD_PROXY_OBJECT
  5
41
102
{ACAD_REACTORS
330
2A
102
}
330
2A
100
AcDbProxyObject
 90
      499
 91
      501
 93
      516
310
4454DA18591959081DDA5D1A08195919D95CD1A40902404333333333333E33F0000000000000F901074090142907004050250800405405064090740C02480A0B40
1001
ACAD
1000
AcDbSavedByObjectVersion
1070
     0
  0
ACAD_PROXY_OBJECT
  5
3E
102
{ACAD_REACTORS
330
2A
102
}
330
2A
100
AcDbProxyObject
 90
      499
 91
      501
 93
      532
310
4394DA1859195CC81BD98811DC985E5174090240C333333333333E33F0000000000000F901079024090741D01000000000000111010841D405064090740C02480A0340
1001
ACAD
1000
AcDbSavedByObjectVersion
1070
     0
  0
ACAD_PROXY_OBJECT
  5
3F
102
{ACAD_REACTORS
330
2A
102
}
330
2A
100
AcDbProxyObject
 90
      499
 91
      501
 93
      476
310
41D4DAD95D18DA1E51840502408333333333333E33F0000000000000F901079024090741D01000000000000111010B41D405064090741802480A0340
1001
ACAD
1000
AcDbSavedByObjectVersion
1070
     0
  0
ACAD_PROXY_OBJECT
  5
37
102
{ACAD_REACTORS
330
2A
102
}
330
2A
100
AcDbProxyObject
 90
      499
 91
      501
 93
      412
310
41D51A1A58DAD95B90D409028333333333333E33F0000000000000F9010790141107004050150C41D405064090741402480A0350
1001
ACAD
1000
AcDbSavedByObjectVersion
1070
     0
  0
ACAD_PROXY_OBJECT
  5
30
102
{ACAD_REACTORS
330
2A
102
}
330
2A
100
AcDbProxyObject
 90
      499
 91
      501
 93
      420
310
4255DA5C99599C985B595059028333333333333E33F0000000000000F90107901411070040501600405405064090740C02480A0340
1001
ACAD
1000
AcDbSavedByObjectVersion
1070
     0
  0
ACAD_PROXY_OBJECT
  5
40
102
{ACAD_REACTORS
330
2A
102
}
330
2A
100
AcDbProxyObject
 90
      499
 91
      501
 93
      404
310
41560B54985E51940902404000000000000E03F0000000000000F9010740501907004050150841D405064090740C02480A1B40
1001
ACAD
1000
AcDbSavedByObjectVersion
1070
     0
  0
XRECORD
  5
26B
102
{ACAD_REACTORS
330
262
102
}
330
262
100
AcDbXrecord
 90
        0
  0
XRECORD
  5
281
102
{ACAD_REACTORS
330
262
102
}
330
262
100
AcDbXrecord
1000
DSTYLE
1002
{
1070
   279
 70
     2
1070
   340
340
11
1002
}
  0
XRECORD
  5
26C
102
{ACAD_REACTORS
330
262
102
}
330
262
100
AcDbXrecord
  1
{CF54D4AD-ABDC-4B18-9BC7-CF5151ED99E9}
  0
XRECORD
  5
265
102
{ACAD_REACTORS
330
262
102
}
330
262
100
AcDbXrecord
  1

  0
XRECORD
  5
26A
102
{ACAD_REACTORS
330
262
102
}
330
262
100
AcDbXrecord
 90
        4
  0
XRECORD
  5
267
102
{ACAD_REACTORS
330
262
102
}
330
262
100
AcDbXrecord
340
1A
  0
XRECORD
  5
269
102
{ACAD_REACTORS
330
262
102
}
330
262
100
AcDbXrecord
 90
    10781
  0
XRECORD
  5
268
102
{ACAD_REACTORS
330
262
102
}
330
262
100
AcDbXrecord
340
19
  0
XRECORD
  5
26E
102
{ACAD_REACTORS
330
262
102
}
330
262
100
AcDbXrecord
 40
0.0
  0
XRECORD
  5
271
102
{ACAD_REACTORS
330
262
102
}
330
262
100
AcDbXrecord
340
0
  0
XRECORD
  5
277
102
{ACAD_REACTORS
330
262
102
}
330
262
100
AcDbXrecord
 10
0.0
 20
0.0
 30
0.0
  0
XRECORD
  5
273
102
{ACAD_REACTORS
330
262
102
}
330
262
100
AcDbXrecord
 10
0.0
 20
0.0
 30
0.0
  0
XRECORD
  5
276
102
{ACAD_REACTORS
330
262
102
}
330
262
100
AcDbXrecord
 10
0.0
 20
0.0
 30
0.0
  0
XRECORD
  5
274
102
{ACAD_REACTORS
330
262
102
}
330
262
100
AcDbXrecord
 10
0.0
 20
0.0
 30
0.0
  0
XRECORD
  5
275
102
{ACAD_REACTORS
330
262
102
}
330
262
100
AcDbXrecord
 10
0.0
 20
0.0
 30
0.0
  0
XRECORD
  5
272
102
{ACAD_REACTORS
330
262
102
}
330
262
100
AcDbXrecord
 10
0.0
 20
0.0
 30
0.0
  0
XRECORD
  5
26F
102
{ACAD_REACTORS
330
262
102
}
330
262
100
AcDbXrecord
340
0
  0
XRECORD
  5
270
102
{ACAD_REACTORS
330
262
102
}
330
262
100
AcDbXrecord
 70
     0
  0
XRECORD
  5
266
102
{ACAD_REACTORS
330
262
102
}
330
262
100
AcDbXrecord
  1

  0
XRECORD
  5
263
102
{ACAD_REACTORS
330
262
102
}
330
262
100
AcDbXrecord
 90
        1
  0
XRECORD
  5
264
102
{ACAD_REACTORS
330
262
102
}
330
262
100
AcDbXrecord
 90
       70
  0
XRECORD
  5
27A
102
{ACAD_REACTORS
330
262
102
}
330
262
100
AcDbXrecord
340
0
  0
XRECORD
  5
280
102
{ACAD_REACTORS
330
262
102
}
330
262
100
AcDbXrecord
 10
0.0
 20
0.0
 30
0.0
  0
XRECORD
  5
27C
102
{ACAD_REACTORS
330
262
102
}
330
262
100
AcDbXrecord
 10
0.0
 20
0.0
 30
0.0
  0
XRECORD
  5
27F
102
{ACAD_REACTORS
330
262
102
}
330
262
100
AcDbXrecord
 10
0.0
 20
0.0
 30
0.0
  0
XRECORD
  5
27D
102
{ACAD_REACTORS
330
262
102
}
330
262
100
AcDbXrecord
 10
0.0
 20
0.0
 30
0.0
  0
XRECORD
  5
27E
102
{ACAD_REACTORS
330
262
102
}
330
262
100
AcDbXrecord
 10
0.0
 20
0.0
 30
0.0
  0
XRECORD
  5
27B
102
{ACAD_REACTORS
330
262
102
}
330
262
100
AcDbXrecord
 10
0.0
 20
0.0
 30
0.0
  0
XRECORD
  5
278
102
{ACAD_REACTORS
330
262
102
}
330
262
100
AcDbXrecord
340
0
  0
XRECORD
  5
279
102
{ACAD_REACTORS
330
262
102
}
330
262
100
AcDbXrecord
 70
     0
  0
XRECORD
  5
26D
102
{ACAD_REACTORS
330
262
102
}
330
262
100
AcDbXrecord
  1
{FAEB1C32-E019-11D5-929B-00C0DF256EC4}
  0
DICTIONARYVAR
  5
289
102
{ACAD_REACTORS
330
282
102
}
330
282
100
DictionaryVariables
280
     0
  1
1:1
  0
DICTIONARYVAR
  5
287
102
{ACAD_REACTORS
330
282
102
}
330
282
100
DictionaryVariables
280
     0
  1
2
  0
DICTIONARYVAR
  5
288
102
{ACAD_REACTORS
330
282
102
}
330
282
100
DictionaryVariables
280
     0
  1
1
  0
DICTIONARYVAR
  5
28A
102
{ACAD_REACTORS
330
282
102
}
330
282
100
DictionaryVariables
280
     0
  1
1
  0
DICTIONARY
  5
28D
330
45
100
AcDbDictionary
280
     1
  3
ACAD_XREC_ROUNDTRIP
360
28E
  0
DICTIONARY
  5
28B
330
44
100
AcDbDictionary
280
     1
  3
ACAD_XREC_ROUNDTRIP
360
28C
  0
DICTIONARY
  5
28F
330
46
100
AcDbDictionary
280
     1
  3
ACAD_XREC_ROUNDTRIP
360
290
  0
XRECORD
  5
28E
102
{ACAD_REACTORS
330
28D
102
}
330
28D
100
AcDbXrecord
102
MATERIAL
148
0.0
149
0.0
149
0.0
 93
        0
 94
      127
282
     0
 72
     1
 77
     1
171
     1
175
     1
179
     1
273
     0
  0
XRECORD
  5
28C
102
{ACAD_REACTORS
330
28B
102
}
330
28B
100
AcDbXrecord
102
MATERIAL
148
0.0
149
0.0
149
0.0
 93
        0
 94
      127
282
     0
 72
     1
 77
     1
171
     1
175
     1
179
     1
273
     0
  0
XRECORD
  5
290
102
{ACAD_REACTORS
330
28F
102
}
330
28F
100
AcDbXrecord
102
MATERIAL
148
0.0
149
0.0
149
0.0
 93
        0
 94
      127
282
     0
 72
     1
 77
     1
171
     1
175
     1
179
     1
273
     0
  0
ENDSEC
  0
EOF
